-- MySQL dump 10.13  Distrib 5.7.26, for Linux (x86_64)
--
-- Host: 127.0.0.1    Database: db_travel
-- ------------------------------------------------------
-- Server version	5.7.26-0ubuntu0.18.04.1

/*!40101 SET @OLD_CHARACTER_SET_CLIENT=@@CHARACTER_SET_CLIENT */;
/*!40101 SET @OLD_CHARACTER_SET_RESULTS=@@CHARACTER_SET_RESULTS */;
/*!40101 SET @OLD_COLLATION_CONNECTION=@@COLLATION_CONNECTION */;
/*!40101 SET NAMES utf8 */;
/*!40103 SET @OLD_TIME_ZONE=@@TIME_ZONE */;
/*!40103 SET TIME_ZONE='+00:00' */;
/*!40014 SET @OLD_UNIQUE_CHECKS=@@UNIQUE_CHECKS, UNIQUE_CHECKS=0 */;
/*!40014 SET @OLD_FOREIGN_KEY_CHECKS=@@FOREIGN_KEY_CHECKS, FOREIGN_KEY_CHECKS=0 */;
/*!40101 SET @OLD_SQL_MODE=@@SQL_MODE, SQL_MODE='NO_AUTO_VALUE_ON_ZERO' */;
/*!40111 SET @OLD_SQL_NOTES=@@SQL_NOTES, SQL_NOTES=0 */;

--
-- Table structure for table `cnt_aerolinea`
--

DROP TABLE IF EXISTS `cnt_aerolinea`;
/*!40101 SET @saved_cs_client     = @@character_set_client */;
/*!40101 SET character_set_client = utf8 */;
CREATE TABLE `cnt_aerolinea` (
  `id_aerolinea` int(11) NOT NULL AUTO_INCREMENT,
  `numero` varchar(2) NOT NULL,
  `iata` varchar(4) NOT NULL,
  `nit` varchar(15) DEFAULT NULL,
  `emitir_factura_a` varchar(64) DEFAULT NULL,
  `nombre` varchar(64) DEFAULT NULL,
  `representante` varchar(64) DEFAULT NULL,
  `direccion` varchar(256) DEFAULT NULL,
  `telefono` varchar(32) DEFAULT NULL,
  `celular` varchar(32) DEFAULT NULL,
  `email` varchar(128) DEFAULT NULL,
  `persona_contacto` varchar(64) DEFAULT NULL,
  `bsp` tinyint(1) DEFAULT NULL,
  `comision_prom_int` decimal(6,2) DEFAULT NULL,
  `comision_prom_int_tipo` varchar(1) DEFAULT NULL COMMENT 'N=NETO\nT=TOTAL',
  `comision_prom_nac` decimal(6,2) DEFAULT NULL,
  `comision_prom_nac_tipo` varchar(1) DEFAULT NULL COMMENT 'N=NETO\nT=TOTAL',
  `round_comision_bob` tinyint(1) DEFAULT NULL,
  `round_comision_usd` tinyint(1) DEFAULT NULL,
  `iva_it_comision` tinyint(1) DEFAULT NULL,
  `boletos_mon_nac` tinyint(1) DEFAULT NULL,
  `boletos_mon_ext` tinyint(1) DEFAULT NULL,
  `moneda` varchar(1) DEFAULT NULL,
  `impuesto_valor_neto` tinyint(1) DEFAULT NULL,
  `impuesto_qm` tinyint(1) DEFAULT NULL,
  `cargo_no_fiscal` tinyint(1) DEFAULT NULL,
  `modalidad_boleto` tinyint(1) DEFAULT NULL,
  `registra_pnr` tinyint(1) DEFAULT NULL,
  `modifica_comision` tinyint(1) DEFAULT NULL,
  `tipo_modalidad` varchar(1) DEFAULT NULL,
  PRIMARY KEY (`id_aerolinea`)
) ENGINE=InnoDB AUTO_INCREMENT=35 DEFAULT CHARSET=latin1;
/*!40101 SET character_set_client = @saved_cs_client */;

--
-- Dumping data for table `cnt_aerolinea`
--

LOCK TABLES `cnt_aerolinea` WRITE;
/*!40000 ALTER TABLE `cnt_aerolinea` DISABLE KEYS */;
INSERT INTO `cnt_aerolinea` VALUES (3,'AA','001','1020535020','AMERICAN AIRLINES','AMERICAN AIRLINES','PATRICIA DE GUTIERREZ','C/BENI #167SANTA CRUZ','34-1314/34-1322/34-1317',NULL,NULL,NULL,0,0.00,'N',0.00,'',0,0,1,0,1,'U',1,1,1,0,0,0,''),(4,'AR','044','1015475029','AEROLINEAS ARGENTINAS','AEROLINEAS ARGENTINAS','FERNANDO ERRO','EDIF.BANCO DE LA NACION ARGEN-TINA PLAZA 24 DE SEPTIEMBRESANTA CRUZ','33-9777/33-9776',NULL,'',NULL,1,0.00,'N',0.00,'',0,0,0,0,1,'U',1,1,1,0,0,0,''),(5,'AV','001','0','AVIANCA','AVIANCA','','C/JUNIN ESQ.21 DE MAYO OF 103SANTA CRUZ','36-8459/36-8703',NULL,NULL,NULL,1,0.00,'N',0.00,'N',0,0,0,0,1,'U',1,1,1,0,0,0,''),(6,'LA','045','0','LATAM','LATAM','JORGE RIVERA GUACHALLA','GAL. FLORIDA LOCAL 101/2SANTA CRUZ','32-9454/32-1799/32-5630',NULL,NULL,NULL,1,0.00,'N',0.00,'',0,0,0,0,1,'U',1,1,1,0,0,0,''),(7,'LH','220','0','LUFTHANSA/ARRIBA:1020629028','LUFTHANSA/ARRIBA:1020629028','','S/DS/DS/D','S/T',NULL,NULL,NULL,1,0.00,'N',0.00,'',0,0,0,0,1,'U',1,1,1,0,0,0,''),(8,'JL','131','0','JAPAN AIRLINES','JAPAN AIRLINES','','EDIF.MCAL.J.BALLIVIAN OF.407-4PISO. C.J.M.MERCADO NO.1328LA PAZ','376310',NULL,NULL,NULL,1,0.00,'N',0.00,'',0,0,1,0,1,'U',1,1,1,0,0,0,''),(10,'BA','001','0','BRITISH AIRWAYS','BRITISH AIRWAYS','BRITISH AIRWAYS','XXXXXXXXXXXXX','XXXXXXXXX',NULL,NULL,NULL,1,0.00,'N',0.00,'N',0,0,0,0,1,'U',1,1,1,0,0,0,''),(11,'AM','139','0','AEROMEXICO 1006983026','AEROMEXICO 1006983026','DISCOVER THE WORD MARKETIN','LA PAZ','43-4606 LA PAZ',NULL,NULL,NULL,1,0.00,'N',0.00,'',0,0,1,0,1,'U',1,1,1,0,0,0,''),(12,'CO','005','0','CONTINENTAL AIRLINES','CONTINENTAL AIRLINES','XXXXXXXX','XXXXXXXX','XXXXXXXX',NULL,NULL,NULL,1,0.00,'N',0.00,'',0,0,1,0,1,'U',1,1,1,0,0,0,''),(13,'TA','202','0','TACA/NIT:1007009020','TACA/NIT:1007009020','X','CALLE PLATANILLO','36-8222',NULL,NULL,NULL,1,0.00,'N',0.00,'',0,0,0,0,1,'U',1,1,1,0,0,0,''),(14,'IB','075','0','IBERIA/UNION BOL/1020715022','IBERIA/UNION BOL/1020715022','IBERIA','CASCO VIEJO JUNIN ESQ. 21 DEMAYO','37-1459-327448',NULL,NULL,NULL,1,0.00,'N',0.00,'',0,0,0,0,1,'U',1,1,1,0,0,0,''),(15,'KO','001','0','KOREAN AIR','KOREAN AIR','CLAUDIA SERVIC','CASCO VIEJO','33-4545',NULL,NULL,NULL,1,0.00,'N',0.00,'',0,0,1,0,1,'U',1,1,1,0,0,0,''),(16,'AZ','055','0','ALITALIA /NIT:1006853023','ALITALIA /NIT:1006853023','XXXX','XXXXX','XXXXX',NULL,NULL,NULL,1,0.00,'N',0.00,'',0,0,1,0,1,'U',1,1,1,0,0,1,''),(18,'CU','000','0','CUBANA DE AVIACION','CUBANA DE AVIACION','DESTNOS MUNDIALES','AV 6 DE AGOSTO','2111638',NULL,NULL,NULL,1,0.00,'N',0.00,'',0,0,1,0,1,'U',1,1,1,0,0,0,''),(19,'AD','577','1012915020','LATIN TOURS LTDA','AZUL LINHAS AEREAS S.A.','.','CALLE QUIJARRO #50','3333882','.','planillas@latintours.com.bo','ALODIA',1,2.00,'N',0.00,'',0,0,0,0,1,'U',1,1,1,0,0,0,''),(21,'H2','000','0','SKY AIRLINES','SKY AIRLINES','.','.','.',NULL,NULL,NULL,1,0.00,'N',0.00,'',0,0,0,0,1,'U',1,1,1,0,0,0,''),(22,'CM','230','0','COPA AIRLINES','COPA AIRLINES','.','.','.',NULL,NULL,NULL,1,0.00,'N',0.00,'',0,0,0,0,1,'U',1,1,1,0,0,0,''),(23,'UX','996','0','AIR EUROPA','AIR EUROPA','','.','.',NULL,NULL,NULL,1,0.00,'N',0.00,'',0,0,0,0,1,'U',1,1,1,0,0,1,''),(25,'EC','2121','342423423232','ECOJET','ECOJET','MARIO LUJAN',NULL,NULL,NULL,NULL,NULL,0,0.00,NULL,10.00,'N',1,NULL,NULL,1,0,'B',1,1,NULL,NULL,1,NULL,NULL),(26,'AF','057','-','-','AIR FRANCE',NULL,'Av. Marcelo Terceros Nro. 310 (3er anillo externo) entre Av. San Martin y Radial 23 Casilla 1928','3410030',NULL,NULL,NULL,1,0.00,'N',0.00,'N',0,0,NULL,0,1,'U',1,1,NULL,NULL,1,NULL,NULL),(27,'Z8','464','1012915020','-','AMASZONAS',NULL,'Av. Las Ramblas, esq. Los Cedros y Av. San Martin. Edificio ALAS 2, Piso 4 Centro empresarial, Equipetrol Norte.','3115393/3123935',NULL,'info@amaszonas.com',NULL,0,1.00,'N',7.50,'N',1,0,1,1,0,'B',1,1,NULL,NULL,1,NULL,NULL),(28,'OB','930','154422029','BOLIVIANA DE AVIACION BOA','BOLIVIANA DE AVIACION','.','2DO ANILLO Y AV. SAN AURELIO',NULL,NULL,NULL,NULL,0,6.00,'N',6.00,'N',1,0,0,1,0,'B',1,1,NULL,NULL,NULL,NULL,NULL),(29,'TM','0','122905020','TRANSPORTE AEREO MILITAR','TAM MILITAR',NULL,'EL TROMPILLO',NULL,NULL,NULL,NULL,0,0.00,'N',10.00,'N',0,0,NULL,1,0,'N',1,1,NULL,NULL,1,NULL,NULL),(34,'JM','J30','324324','LAJSDFLAJS;DFL','LINEA AEREA JOSEMIGUEL',NULL,NULL,NULL,NULL,NULL,NULL,1,2.00,'N',2.00,'N',1,1,1,1,0,'B',1,1,NULL,NULL,1,NULL,NULL);
/*!40000 ALTER TABLE `cnt_aerolinea` ENABLE KEYS */;
UNLOCK TABLES;

--
-- Table structure for table `cnt_aerolinea_cuenta`
--

DROP TABLE IF EXISTS `cnt_aerolinea_cuenta`;
/*!40101 SET @saved_cs_client     = @@character_set_client */;
/*!40101 SET character_set_client = utf8 */;
CREATE TABLE `cnt_aerolinea_cuenta` (
  `id_aerolinea_cuenta` int(11) NOT NULL AUTO_INCREMENT,
  `id_aerolinea` int(11) NOT NULL,
  `id_plan_cuentas` int(11) NOT NULL,
  `tipo` varchar(1) DEFAULT NULL,
  `moneda` varchar(1) DEFAULT NULL,
  PRIMARY KEY (`id_aerolinea_cuenta`),
  KEY `id_aerolinea` (`id_aerolinea`),
  KEY `id_plan_cuentas` (`id_plan_cuentas`),
  CONSTRAINT `cnt_aerolinea_cuenta_ibfk_1` FOREIGN KEY (`id_aerolinea`) REFERENCES `cnt_aerolinea` (`id_aerolinea`) ON DELETE CASCADE,
  CONSTRAINT `cnt_aerolinea_cuenta_ibfk_2` FOREIGN KEY (`id_plan_cuentas`) REFERENCES `cnt_plan_cuentas` (`id_plan_cuentas`) ON DELETE CASCADE
) ENGINE=InnoDB AUTO_INCREMENT=161 DEFAULT CHARSET=latin1;
/*!40101 SET character_set_client = @saved_cs_client */;

--
-- Dumping data for table `cnt_aerolinea_cuenta`
--


--
-- Table structure for table `cnt_aerolinea_impuesto`
--

DROP TABLE IF EXISTS `cnt_aerolinea_impuesto`;
/*!40101 SET @saved_cs_client     = @@character_set_client */;
/*!40101 SET character_set_client = utf8 */;
CREATE TABLE `cnt_aerolinea_impuesto` (
  `id_aerolinea_impuesto` int(11) NOT NULL AUTO_INCREMENT,
  `id_aerolinea` int(11) NOT NULL,
  `nombre` varchar(45) DEFAULT NULL,
  PRIMARY KEY (`id_aerolinea_impuesto`),
  KEY `id_aerolinea` (`id_aerolinea`),
  CONSTRAINT `cnt_aerolinea_impuesto_ibfk_1` FOREIGN KEY (`id_aerolinea`) REFERENCES `cnt_aerolinea` (`id_aerolinea`) ON DELETE CASCADE
) ENGINE=InnoDB AUTO_INCREMENT=32 DEFAULT CHARSET=latin1;
/*!40101 SET character_set_client = @saved_cs_client */;

--
-- Dumping data for table `cnt_aerolinea_impuesto`
--

LOCK TABLES `cnt_aerolinea_impuesto` WRITE;
/*!40000 ALTER TABLE `cnt_aerolinea_impuesto` DISABLE KEYS */;
INSERT INTO `cnt_aerolinea_impuesto` VALUES (6,3,'Impuesto'),(7,4,'Impuesto'),(8,5,'Impuesto'),(9,6,'Impuestos'),(10,7,'Impuestos'),(11,8,'Impuestos'),(12,11,'Impuestos'),(13,12,'Impuestos'),(14,13,'Impuestos'),(15,15,'Impuestos'),(16,16,'Impuestos'),(18,18,'Impuestos'),(20,21,'Impuestos'),(21,22,'Impuestos'),(22,23,'Impuestos'),(23,26,'Impuestos'),(24,27,'Impuestos'),(25,28,'Impuestos'),(29,19,'Impuestos'),(30,34,'QA'),(31,34,'A7');
/*!40000 ALTER TABLE `cnt_aerolinea_impuesto` ENABLE KEYS */;
UNLOCK TABLES;

--
-- Table structure for table `cnt_aeropuerto`
--

DROP TABLE IF EXISTS `cnt_aeropuerto`;
/*!40101 SET @saved_cs_client     = @@character_set_client */;
/*!40101 SET character_set_client = utf8 */;
CREATE TABLE `cnt_aeropuerto` (
  `id_aeropuerto` varchar(4) NOT NULL,
  `nombre` varchar(128) DEFAULT NULL,
  PRIMARY KEY (`id_aeropuerto`)
) ENGINE=InnoDB DEFAULT CHARSET=latin1;
/*!40101 SET character_set_client = @saved_cs_client */;

--
-- Dumping data for table `cnt_aeropuerto`
--

LOCK TABLES `cnt_aeropuerto` WRITE;
/*!40000 ALTER TABLE `cnt_aeropuerto` DISABLE KEYS */;
INSERT INTO `cnt_aeropuerto` VALUES ('AAE','ANNABA ALGERIO'),('AAL','AALBORG, DENMARK AALBORG'),('AAR','AARHUS DENMARK'),('ABD','ABADAN IRAN'),('ABE','ALLENTOWN PA, USA'),('ABI','ABILENE, TX, USA MUNICIPAL'),('ABJ','ABIDJAN IVORY COAST'),('ABL','AMBLER, AK, USA'),('ABM','BAMAGA, QUEENSLAND, AUSTRALIA'),('ABQ','ALBUQUERQUE NM USA'),('ABR','ABERDEEN, SD, USA ABERDEEN REGIONAL AIRPORT'),('ABS','ABU SIMBEL EGYPT'),('ABX','ALBURY, NEW SOUTH WALES, AUSTRALIA ALBURY'),('ABY','ALBANY GA USA'),('ABZ','ABERDEEN, SCOTLAND, UNITED KINGDOM DYCE'),('ACA','ACAPULCO MEXICO'),('ACC','ACCRA, GHANA KOTOKA'),('ACE','ARRECIFE/LANZAROTE SPAIN'),('ACH','ALTENRHEIN SWITZERLAND'),('ACI','ALDERNEY, CHANNEL ISLANDS, UNITED KINGDOM THE BLAY'),('ACK','NANTUCKET, MA, USA'),('ACT','WACO TX USA'),('ACV','EUREKA CA USA'),('ACY','ATLANTIC CITY /ATLANTIC CTY, NJ, USA ATLANTIC CITY'),('ADA','ADANA TURKEY'),('ADB','IZMIR, TURKEY ADNAM MENDERES'),('ADD','ADDIS ABABA, ETHIOPIA BOLE'),('ADE','ADEN YEMEN'),('ADJ','AMMAN, JORDAN CIVIL'),('ADL','ADELAIDE, SOUTH AUSTRALIA, AUSTRALIA ADELAIDE'),('ADQ','KODIAK AK USA'),('ADX','AKTYUBINSK KASACHSTAN'),('ADY','ALLDAYS SOUTH AFRICA'),('ADZ','SAN ANDRES ISLAND, COLOMBIA'),('AEH','ABECHE CHAD'),('AEP','BUENOS AIRES JORGE NEWBERY (AEROPARQUE) ARGENTINA'),('AER','ADLER/SOCHI RUSSIA'),('AES','ALESUND NORWAY'),('AET','ALLAKAKET, AK, USA'),('AEX','ALEXANDRIA, LA, USA ALEXANDRIA INTL AIRPORT'),('AEY','AKUREYRI, ICELAND AKUREYRI'),('AGA','AGADIR, MOROCCO INEZGANE'),('AGB','AUGSBURG GERMANY'),('AGC','PITTSBURGH/ALLEGHENY COUNTY, PA, USA'),('AGF','AGEN, FRANCE LA GARENNE'),('AGH','HELSINGBORG, SWEDEN ANGELHOLM/HELSINGBORG'),('AGP','MALAGA SPAIN'),('AGR','AGRA, INDIA KHERIA'),('AGS','AUGUSTA, GA, USA BUSH FIELD'),('AGU','AGUASCALIENTE MEXICO'),('AGZ','AGGENEYS SOUTH AFRICA'),('AHB','KHAMIS MUSHAYAT SAUDI ARABIA'),('AHN','ATHENS GA USA'),('AHO','ALGHERO, SARDINIA, ITALY FERTILIA'),('AHU','AL HOCEIMA MOROCCO'),('AIA','ALLIANCE, NE, USA'),('AIN','WAINWRIGHT, AK, USA'),('AIY','ATLANTIC CITY INTERNATIONAL, NJ, USA'),('AJA','AJACCIO, CORSICA, FRANCE CAMPO DELL ORO'),('AJN','ANJOUAN COMOROS ( COMORES )'),('AJU','ARACAJU, SERGIPE, BRAZIL'),('AJY','AGADES NIGER'),('AKJ','ASAHIKAWA, JAPAN ASAHIKAWA'),('AKL','AUCKLAND, NEW ZEALAND AUCKLAND INTERNATIONAL AIRPO'),('AKN','KING SALOMON AK USA'),('ALA','ALMA ATA KASACHSTAN'),('ALB','ALBANY, NY, USA ALBANY COUNTY AIRPORT'),('ALC','ALICANTE SPAIN'),('ALE','ALPINE, TX, USA ALPINE TEXAS'),('ALF','ALTA, NORWAY ELVEBAKKEN'),('ALG','ALGIERS ALGERIA'),('ALH','ALBANY AUSTRALIA'),('ALJ','ALEXANDER BAY SOUTH AFRICA'),('ALM','ALAMOGORDO, NM, USA'),('ALO','WATERLOO, IA, USA WATERLOO MUNICIPAL AIRPORT'),('ALP','ALEPPO SYRIA'),('ALS','ALAMOSA, CO, USA BERGMAN FIELD'),('ALV','ANDORRA LA VELLA H/P ANDORRA'),('ALW','WALLA WALLA, WA, USA'),('ALY','ALEXANDRIA EGYPT'),('AMA','AMARILLO, TX, USA AMARILLO INTERNATIONAL AIRPORT'),('AMD','AHMEDABAD INDIA'),('AMI','MATARAM, INDONESIA SELAPARANG'),('AMM','AMMAN JORDAN'),('AMQ','AMBON, INDONESIA PATTIMURA'),('AMS','AMSTERDAM, NETHERLANDS SCHIPHOL'),('ANB','ANNISTON AL USA'),('ANC','ANCHORAGE, AK, USA ANCHORAGE INTERNATIONAL'),('ANF','ANTOFAGASTA, CHILE CERRO MORENO'),('ANG','ANGOULEME, FRANCE GELAIR'),('ANI','ANIAK, AK, USA'),('ANK','ANKARA TURKEY'),('ANR','ANTWERP BELGIUM'),('ANU','SAINT JOHNS / ANTIGUA, ANTIGUA AND BARBUDA VC BIRD'),('ANV','ANVIK, AK, USA'),('AOI','ANCONA, ITALY FALCONARA'),('AOJ','AOMORI, JAPAN'),('AOK','KARPATHOS, GREECE KARPATHOS'),('AOO','ALTOONA PA USA'),('AOR','ALOR SETAR, MALAYSIA SULTAN ABDUL HALIM'),('APF','NAPLES, FL, USA'),('APL','NAMPULAMOZAMBIQUE'),('APN','ALPENA, MI, USA ALPENA REGIONAL AIRPORT'),('APW','APIA, SAMOA FALEOLO'),('AQJ','AQABA JORDAN'),('AQP','AREQUIPA, PERU RODRIGUEZ BALLON'),('ARB','ANN ARBOR MI USA'),('ARH','ARKHANGELSK, RUSSIA ARKHANGELSK'),('ARI','ARICA, CHILE CHACALLUTA'),('ARM','ARMIDALE, NEW SOUTH WALES, AUSTRALIA ARMIDALE'),('ARN','STOCKHOLM, SWEDEN ARLANDA INTERNATIONAL'),('ART','WATERTOWN, NY, USA WATERTOWN'),('ASD','ANDROS TOWN, BAHAMAS'),('ASE','ASPEN, CO, USA PITKIN COUNTY AIRPORT SARDY FIELD'),('ASJ','AMAMI JAPAN'),('ASK','YAMOUSSOUKRO CITE D\'IVOIRE ( IVORY COAST )'),('ASM','ASMARA, ERITREA ASMARA INTL/YOHANNES IV'),('ASP','ALICE SPRINGS, NORTHERN TERRITORY, AUSTRALIA ALICE'),('ASU','ASUNCION PARAGUAY'),('ASW','ASWAN, EGYPT DARAW'),('ATA','RPORT CODES'),('ATC','ARTHURS TOWN, BAHAMAS'),('ATH','ATHENS, GREECE - VENIZELOS'),('ATL','ATLANTA HARTSFIELD ATLANTA INT\'L AIRPORT USA'),('ATO','ATHENS OH USA'),('ATQ','AMRITSAR INDIA'),('ATW','APPELTON/NEENAH/MENASHA WI USA'),('ATY','WATERTOWN, SD, USA'),('AUA','ARUBA ARUBA'),('AUC','ARAUCA, COLOMBIA'),('AUG','AUGUSTA, ME, USA MAINE STATE'),('AUH','ABU DHABI UAE'),('AUR','AURILLAC FRANCE'),('AUS','AUSTIN TX USA'),('AVL','ASHEVILLE / HENDERSONVILLE, NC, USA ASHEVILLE REGI'),('AVN','AVIGNON, FRANCE CAUMONT'),('AVP','WILKES BARRE/SCRANTON, PA, USA WILKESBARRE/SCRANTO'),('AXA','ANGUILLA ANGUILLA'),('AXD','ALEXANDROUPOLIS, GREECE ALEXANDROUPOLIS'),('AXS','ARMENIA COLOMBIA'),('AYQ','AYERS ROCK AUSTRALIA'),('AYR','AYR AUSTRALIA'),('AYT','ANTALYA TURKEY'),('AZO','KALAMAZOO, MI, USA KALAMAZOO/BATTLE CREEK INTL'),('BAH','BAHRAIN BAHRAIN'),('BAK','BAKU, AZERBAIJAN BAKU'),('BAL','BATMAN, TURKEY NEAREST AIR SERVICE THROUGH DIYARBA'),('BAQ','BARRANQUILLA, COLOMBIA E CORTISSOZ'),('BAX','BARNAUL, RUSSIA BARNAUL AIRPORT'),('BBI','BHUBANESWAR, INDIA BHUBANESWAR'),('BBK','KASANE, BOTSWANA KASANE'),('BBT','BERBERATI CENTRAL AFRICAN REPUBLIC'),('BBU','BUCHAREST, ROMANIA BANEASA'),('BBY','BAMBARI CENTRAL AFRICAN REPUBLIC'),('BCD','BACOLOD, PHILIPPINES BACOLOD'),('BCN','BARCELONA, SPAIN BARCELONA'),('BDA','BERMUDA BERMUDA'),('BDB','BUNDABERG AUSTRALIA'),('BDJ','BANJARMASIN, INDONESIA SYAMSUDIN NOOR'),('BDL','HARTFORD, CT, USA BRADLEY INTERNATIONAL AIRPORT'),('BDO','BANDUNG, INDONESIA HUSEIN SASTRANEGARA'),('BDQ','BARONDA INDIA'),('BDR','BRIDGEPORT CT USA'),('BDS','BRINDISI ITALY'),('BDU','BARDUFOSS NORWAY'),('BED','BEDFORD, MA, USA BEDFORD'),('BEG','BELGRADE, YUGOSLAVIA BELGRADEBEOGRAD'),('BEH','BENTON HARBOUR MI USA'),('BEI','BEICA, ETHIOPIA BEICA'),('BEL','BELEM, PARA, BRAZIL VAL DE CANS'),('BEN','BENGASI LIBYA'),('BEO','NEWCASTLE, NEW SOUTH WALES, AUSTRALIA BELMONT'),('BER','BERLIN GERMANY'),('BES','BREST, FRANCE GUIPAVAS'),('BET','BETHEL AK USA'),('BEW','BEIRA, MOZAMBIQUE BEIRA'),('BEY','BEIRUT LEBANON'),('BFD','BRADFORD, PA, USA BRADFORD REGIONAL'),('BFF','SCOTTSBLUFF, NE, USA WILLIAM B HEILING FIELD'),('BFI','SEATTLE KINGS COUNTY INTERNATIONAL/BOEING FIELD, W'),('BFL','BAKERSFIELD CA USA'),('BFN','BLOEMFONTEIN, SOUTH AFRICA JBM HERTZOG'),('BFO','BUFFALO RANGE ZIMBABWE'),('BFS','BELFAST INTERNATIONAL UNITED KINGDOM'),('BGA','BUCARAMANGA, COLOMBIA PALO NEGRO'),('BGF','BANGUI CENTRAL AFRICAN REPUBLIC'),('BGI','BRIDGETOWN, BARBADOS GRANTLEY ADAMS INTERNATIONAL'),('BGK','BIG CREEK, BELIZE BIG CREEK'),('BGM','BINGHAMTON/ENDICOTT/JOHNSON CITY, NY, USA EDWIN AL'),('BGO','BERGEN, NORWAY FLESLAND'),('BGR','BANGOR ME USA'),('BGU','BANGASSOU CENTRAL AFRICAN REPUBLIC'),('BGW','BAGDAD METROPOLITAN AREA IRAQ'),('BGY','MILAN ORIO AL SERIO ITALY'),('BHB','BAR HARBOR, ME, USA'),('BHC','BULLHEAD CITY NV USA'),('BHD','BELFAST - HARBOUR UNITED KINGDOM'),('BHE','BLENHEIM NEW ZEALAND'),('BHI','BAHIA BLANCA, BUENOS AIRES, ARGENTINA COMMANDANTE'),('BHK','BUKHARA, UZBEKISTAN'),('BHM','BIRMINGHAM, AL, USA SEIBELS/BRYAN AIRPORT'),('BHO','BHOPAL INDIA'),('BHQ','BROKEN HILL AUSTRALIA'),('BHS','BATHURST, NEW SOUTH WALES, AUSTRALIA RAGLAN'),('BHV','BAHAWALPUR PAKISTAN'),('BHX','BIRMINGHAM UNITED KINGDOM'),('BIA','BASTIA, CORSICA, FRANCE PORETTA'),('BIK','BIAK, INDONESIA MOKMER'),('BIL','BILLINGS, MT, USA BILLINGS LOGAN INTNL AIRPORT'),('BIM','BIMINI, BAHAMAS BIMINI ISLAND INTERNATIONAL'),('BIO','BILBAO, SPAIN SONDICA'),('BIQ','BIARRITZ FRANCE'),('BIS','BISMARCK, ND, USA BISMARCK MANNAN MUNICIPAL'),('BIV','BRIA CENTRAL AFRICAN REPUBLIC'),('BJI','BEMIDJI MN USA'),('BJL','BANJUL, GAMBIA YUNDUM INTERNATIONAL'),('BJM','BUJUMBURA BURUNDI'),('BJX','LEON MEXICO'),('BJZ','BADAJOZ SPAIN'),('BKI','KOTA KINABALU MALAYSIA'),('BKK','BANGKOK, THAILAND BANGKOK INTERNATIONAL AIRPORT'),('BKL','CLEVELAND BURKE LAKEFRONT OH USA'),('BKO','BAMAKO, MALI SENOU'),('BKW','BECKLEY WV USA'),('BKX','BROOKINGS, SD, USA BROOKINGS MUNICIPAL AIRPORT'),('BLA','BARCELONA VENEZUELA'),('BLF','BLUEFIELD, WV, USA'),('BLI','BELLINGHAM WA USA'),('BLK','BLACKPOOL, ENGLAND, UNITED KINGDOM BLACKPOOL'),('BLL','BILLUND, DENMARK BILLUND'),('BLQ','BOLOGNA ITALY'),('BLR','BANGALORE, INDIA HINDUSTAN'),('BLT','BLACKWATER AUSTRALIA'),('BLZ','BLANTYRE MALAWI'),('BMA','STOCKHOLM, SWEDEN BROMMA ARPT'),('BME','BROOME AUSTRALIA'),('BMG','BLOOMINGTON IN USA'),('BMI','BLOOMINGTON, IL, USA NORMAL'),('BMP','BRAMPTON ISLAND AUSTRALIA'),('BNA','NASHVILLE TN USA'),('BNE','BRISBANE AUSTRALIA'),('BNJ','BONN, GERMANY TRAIN MAIN RAILROAD STATION'),('BNK','BALLINA AUSTRALIA'),('BNN','BROENNOEYSUND NORWAY'),('BNP','BANNU PAKISTAN'),('BNS','BARINAS, VENEZUELA BARINAS'),('BOB','BORA BORA FRENCH POLYNESIA'),('BOD','BORDEAUX FRANCE'),('BOG','BOGOTA, COLOMBIA ELDORADO'),('BOI','BOISE ID USA'),('BOJ','BOURGAS/BURGAS BULGARIA'),('BOM','BOMBAY INDIA'),('BON','BONAIRE, NETHERLANDS ANTILLES FLAMINGO FIELD'),('BOO','BODO NORWAY'),('BOS','BOSTON, MA, USA LOGAN INTERNATIONAL AIRPORT'),('BOY','BOBO/DIOULASSO BURKINA FASO'),('BPS','PORTO SEGURO, BAHIA, BRAZIL PORTO SEGURO'),('BPT','BEAUMONT/PT. ARTHUR TX USA'),('BQK','BRUNSWICK, GA, USA GLYNCO JETPORT'),('BQN','AGUADILLA PUERTO RICO'),('BRC','SAN CARLOS DE BARILOCHE, RIO NEGRO, ARGENTINA INTE'),('BRD','BRAINERD MN USA'),('BRE','BREMEN, GERMANY BREMEN'),('BRI','BARI ITALY'),('BRL','BURLINGTON, IA, USA BURLINGTON MUNICIPAL AIRPORT'),('BRM','BARQUISIMETO, VENEZUELA BARQUISIMETO'),('BRN','BERNE, SWITZERLAND BELP'),('BRO','BROWNSVILLE, TX, USA SOUTH PADRE ISLAND INTL'),('BRQ','BRNO, CZECH REPUBLIC TURANY'),('BRR','BARRA / HEBRIDES ISLANDS, SCOTLAND, UNITED KINGDOM'),('BRS','BRISTOL, ENGLAND, UNITED KINGDOM BRISTOL'),('BRT','BATHURST ISLAND, NORTHERN TERRITORY, AUSTRALIA'),('BRU','BRUSSELS, BELGIUM NATIONAL'),('BRW','BARROW, AK, USA BARROW'),('BSB','BRASILIA, DISTRITO FEDERAL, BRAZIL INTERNATIONAL'),('BSK','BISKRA, ALGERIA BISKRA'),('BSL','BASEL, SWITZERLAND BASEL'),('BTM','BUTTE MT USA'),('BTR','BATON ROUGE, LA, USA'),('BTS','BRATISLAVA SLOVAKIA'),('BTU','BINTULU, SARAWAK, MALAYSIA BINTULU'),('BTV','BURLINGTON VT USA'),('BUD','BUDAPEST, HUNGARY FERIHEGY'),('BUE','BUENOS AIRES ARGENTINA'),('BUF','BUFFALO/NIAGARA FALLS NY USA'),('BUG','BENGUEKA ANGOLA'),('BUH','BUCHAREST ROMANIA'),('BUQ','BULAWAYO ZIMBABWE'),('BUR','BURBANK, CA, USA BURBANK GLENDALE PASADENA AIRPORT'),('BUZ','BUSHEHR, IRAN BUSHEHR'),('BVB','BOA VISTA, RORAIMA, BRAZIL'),('BVE','BRIVELAGAILLARDE, FRANCE LAROCHE'),('BVI','BIRDSVILLE, QUEENSLAND, AUSTRALIA BIRDSVILLE'),('BWA','BHAIRAWA, NEPAL BHAIRAWA'),('BWI','BALTIMORE, MD, USA BALTIMOREWASHINGTON INTERNATION'),('BWN','BANDAR SERI BEGAWAN BRUNEI'),('BWT','BURNIE ( WYNYARD ) AUSTRALIA'),('BXN','BODRUM, TURKEY IMSIK AIRPORT'),('BXO','BISSAU GUINEA BISSAU'),('BXS','BORREGO SPRINGS CA USA'),('BXU','BUTUAN, PHILIPPINES BUTUAN'),('BYK','BOUAKE IVORY COAST'),('BYU','BAYREUTH GERMANY'),('BZE','BELIZE CITY, BELIZE BELIZE INTERNATIONAL'),('BZG','BYDGOSZCZ, POLAND'),('BZL','BARISAL BANGLADESH'),('BZN','BOZEMAN MT USA'),('BZR','BEZIERS, FRANCE BEZIERSVIAS'),('BZV','BRAZZAVILLE CONGO'),('CAB','CABINDA ANGOLA'),('CAE','COLUMBIA SC USA'),('CAG','CAGLIARI, SARDINIA, ITALY ELMAS'),('CAI','CAIRO EGYPT'),('CAJ','CANAIMA, VENEZUELA'),('CAK','AKRON/CANTON, OH, USA AKRONCANTON REGIONAL AIRPORT'),('CAN','GUANGZHOU (KANTON) WHITE CLOUD AIR.GUANGDONG CHIN'),('CAS','CASABLANCA, MOROCCO ANFA'),('CAY','CAYENNE FRENCH GUAYANA'),('CBB','COCHABAMBA, BOLIVIA JORGE WILSTERMANN'),('CBE','CUMBERLAND, MD, USA MUNICIPAL'),('CBG','CAMBRIDGE, ENGLAND, UNITED KINGDOM CAMBRIDGE'),('CBL','CIUDAD BOLIVAR, VENEZUELA'),('CBR','CANBERRA, AUSTRALIAN CAPITAL TERRITORY, AUSTRALIA'),('CBU','CEBU PHILIPPINES'),('CCF','CARCASSONNE, FRANCE SALVAZA AIRPORT'),('CCJ','CALICUT, INDIA'),('CCP','CONCEPCION, CHILE CARRIEL SUR'),('CCR','CONCORD CA USA'),('CCS','CARACAS VENEZUELA'),('CCU','CALCUTTA, INDIA CALCUTTA'),('CCZ','CHUB CAY BAHAMAS'),('CDC','CEDAR CITY UT USA'),('CDG','PARIS, FRANCE CHARLES DE GAULLE'),('CDH','CAMDEN, AR, USA'),('CDR','CHADRON, NE, USA'),('CDV','CORDOVA, AK, USA'),('CEB','CEBU, PHILIPPINES INTERNATIONAL'),('CEC','CRESCENT CITY, CA, USA CRESCENT CITY MUNICIPAL AIR'),('CED','CEDUNA AUSTRALIA'),('CEI','CHIANG RAI, THAILAND CHIANG RAI'),('CEN','CIUDAD OBREGON, SONORA, MEXICO'),('CER','CHERBOURG, FRANCE MAUPERTUS'),('CES','CESSNOCK AUSTRALIA'),('CEZ','CORTEZ, CO, USA MONTEZUMA COUNTY'),('CFE','CLERMONT-FERRAND, FRANCE - AULNAT'),('CFG','CIENFUEGOS CANADA'),('CFR','CAEN, FRANCE CARPIQUET'),('CFS','COFFS HARBOUR AUSTRALIA'),('CFU','CORFU GREECE'),('CGA','CRAIG, AK, USA'),('CGB','CUIABA BRAZIL'),('CGH','SAO PAULO, SAO PAULO, BRAZIL CONGONHAS'),('CGI','CAPE GIRARDEAU, MO, USA MUNICIPAL AIRPORT'),('CGK','JAKARTA, INDONESIA SOEKARNO HATTA INTERNATIONAL'),('CGN','COLOGNE ( KOELN )/BONN GERMANY'),('CGO','ZHENGZHOU, CHINA'),('CGP','CHITTAGONG BANGLADESH'),('CGQ','CHANGCHUN, CHINA'),('CGR','CAMPO GRANDE BRAZIL'),('CGX','CHICAGO, IL, USA MEIGS FIELD'),('CHA','CHATTANOOGA, TN, USA CHA LOVELL FIELD'),('CHC','CHRISTCHURCH NEW ZEALAND'),('CHI','CHICAGO IL USA'),('CHO','CHARLOTTESVILLE VA USA'),('CHQ','CHANIA, CRETE ISLAND, GREECE SOUDA'),('CHS','CHARLESTON SC USA'),('CHT','CHITA ( TSCHITA ) RUSSIA'),('CIA','ROME, ITALY CIAMPINO'),('CIC','CHICO CA USA'),('CID','CEDAR RAPIDS, IA, USA MUNICIPAL'),('CIH','CHANGZHI, CHINA'),('CIJ','COBIJA BOLIVIA'),('CIP','CHIPATA ZAMBIA'),('CIU','SAULT STE MARIE, MI, USA CHIPPEWA COUNTY INTL AIRP'),('CIX','CHICLAYO, PERU CORNEL RUIZ'),('CJB','COIMBATORE, INDIA PEELAMEDU'),('CJL','CHITRAL PAKISTAN'),('CJS','CIUDAD JUAREZ MEXICO'),('CJU','CHEJU, SOUTH KOREA CHEJU'),('CKB','CLARKSBURG, WV, USA CLARKSBURGBENEDUM AIRPORT'),('CKG','CHONGQING SICHUAN CHINA'),('CKS','CARAJAS, PARA, BRAZIL INTERNATIONAL / BRASILIA BRA'),('CKY','CONAKRY, GUINEA CONAKRY'),('CLD','CARLSBAD CA USA'),('CLE','CLEVELAND, OH, USA HOPKINS INTERNATIONAL AIRPORT'),('CLJ','CLUJ, ROMANIA CLUJ'),('CLL','COLLEGE STATION, TX, USA'),('CLM','PORT ANGELES, WA, USA WM FAIRCHILD INTL AIRPORT'),('CLO','CALI COLOMBIA'),('CLQ','COLIMA, COLIMA, MEXICO'),('CLT','CHARLOTTE NC USA'),('CLY','CALVI, CORSICA, FRANCE STE CATHERINE'),('CMB','COLOMBO SRI LANKA'),('CME','CIUDAD DEL CARMEN, CAMPECHE, MEXICO'),('CMF','CHAMBERY FRANCE'),('CMG','CORUMBA, MATO GROSSO DO SUL, BRAZIL CORUMBA'),('CMH','COLUMBUS, OH, USA PORT COLUMBUS INTL AIRPORT'),('CMI','CHAMPAIGN IL USA'),('CMN','CASABLANCA, MOROCCO MOHAMED V'),('CMQ','CLERMONT AUSTRALIA'),('CMX','HANCOCK MI USA'),('CND','CONSTANTA, ROMANIA KOGALNICEANU'),('CNF','BELO HORIZONTE BRAZIL'),('CNM','CARLSBAD, NM, USA'),('CNS','CAIRNS, QUEENSLAND, AUSTRALIA CAIRNS'),('CNX','CHIANG MAI THAILAND'),('CNY','MOAB, UT, USA'),('COD','CODY/POWELL/YELLOWSTONE WY USA'),('COK','COCHIN INDIA'),('COO','COTONOU, BENIN COTONOU'),('COR','CORDOBA ARGENTINA'),('COS','COLORADO SPRINGS, CO, USA COLORADO SPRINGS MUNICIP'),('COU','COLUMBIA, MO, USA COLUMBIA REGIONAL'),('CPC','SAN MARTIN DE LOS ANDES, NEUQUEN, ARGENTINA'),('CPD','COOBER PEDY AUSTRALIA'),('CPH','COPENHAGEN DENMARK'),('CPQ','CAMPINAS, SAO PAULO, BRAZIL CAMPINAS INTERNATIONAL'),('CPR','CASPER, WY, USA NATRONA COUNTY INTL AIRPORT'),('CPT','CAPE TOWN SOUTH AFRICA'),('CRD','COMODORO RIVADAVIA, CHUBUT, ARGENTINA COMODORA RIV'),('CRF','CARNOT CENTRAL AFRICAN REPUBLIC'),('CRG','JACKSONVILLE, FLORIDA, USA - CRAIG MUNICIPAL AIRPO'),('CRI','CROOKED ISLAND, BAHAMAS'),('CRP','CORPUS CHRISTI, TX, USA CORPUS CHRISTI INTERNATION'),('CRU','CARRIACOU ISLAND, GRENADA'),('CRW','CHARLESTON, WV, USA YEAGER AIRPORT'),('CSG','COLUMBUS GA USA'),('CSI','CASINO AUSTRALIA'),('CSX','CHANGSHA, CHINA'),('CTA','CATANIA, SICILY, ITALY FONTANAROSSA'),('CTG','CATAGENA COLOMBIA'),('CTL','CHARLEVILLE, QUEENSLAND, AUSTRALIA CHARLEVILLE'),('CTN','COOKTOWN AUSTRALIA'),('CTS','CHITOSE JAPAN'),('CTU','CHENGDU SICHUAN CHINA'),('CUC','CUCUTA, COLOMBIA CAMILO DAZA'),('CUE','CUENCA, ECUADOR MARISCAL LA MAR'),('CUL','CULIACAN, SINALOA, MEXICO'),('CUM','CUMANA, VENEZUELA'),('CUN','CANCUN, MEXICO'),('CUP','CARUPANO, VENEZUELA CARUPANO'),('CUR','WILLEMSTAD / CURACAO ISLAND, NETHERLANDS ANTILLES'),('CUU','CHIHUAHUA GEN FIERRO VILLALOBOS MEXICO'),('CUZ','CUZCO, PERU TTE VELAZCO ASTETE'),('CVG','CINCINNATI, OH, USA GREATER CINCINNATI INTL AIRPOR'),('CVM','CIUDAD VICTORIA MEXICO'),('CVN','CLOVIS, NM, USA'),('CVQ','CARNARVON AUSTRALIA'),('CWA','WAUSAU, WI, USA CENTRAL WISCONSIN AIRPORT'),('CWB','CURITIBA BRAZIL'),('CWL','CARDIFF, WALES, UNITED KINGDOM CARDIFFWALES'),('CWT','COWRA, NEW SOUTH WALES, AUSTRALIA COWRA'),('CXH','VANCOUVER, BRITISH COLUMBIA, CANADA VANCOUVER HARB'),('CXI','CHRISTMAS LINE ICELAND'),('CXT','CHARTERS TOWERS AUSTRALIA'),('CYB','CAYMAN BRAC ISLAND, CAYMAN ISLANDS'),('CYR','COLONIA, URUGUAY'),('CYS','CHEYENNE, WY, USA CHEYENNE MUNICIPAL AIRPORT'),('CZA','CHICHEN ITZA MEXICO'),('CZL','CONSTANTINE ALGERIA'),('CZM','COZMEL MEXICO'),('CZX','CHANGZHU, CHINA'),('DAB','DAYTONA BEACH, FL, USA DAYTONA BEACH INTERNATIONAL'),('DAC','DHAKA BANGLADESH'),('DAD','DA NANG, VIETNAM DA NANG'),('DAL','DALLAS, TX, USA LOVE FIELD'),('DAM','DAMASKUS SYRIA'),('DAN','DANVILLE, VA, USA'),('DAR','DAR ES SALAM ( DARESSALAM ) TANZANIA'),('DAY','DAYTON, OH, USA JAMES M COX DAYTON INTERNATIONAL'),('DBO','DUBBO AUSTRALIA'),('DBQ','DUBUQUE, IA, USA DUBUQUE MUNICIPAL AIRPORT'),('DBV','DUBROVNIK CROATIA ( HRVATSKA )'),('DBY','DALBY AUSTRALIA'),('DCA','WASHINGTON, DC, USA RONALD REAGAN NATIONAL AIRPORT'),('DCF','DOMINICA, DOMINICA CANE FIELD'),('DDC','DODGE CITY, KS, USA DODGE CITY MUNICIPAL'),('DDI','DAYDREAM ISLAND AUSTRALIA'),('DEC','DECATUR IL USA'),('DEL','DELHI, INDIA DELHI INTERNATIONAL AIRPORT'),('DEM','DEMBIDOLLO, ETHIOPIA DEMBIDOLLO'),('DEN','DENVER, CO, USA DENVER INTERNATIONAL'),('DET','DETROIT CITY AIRPORT MI USA'),('DFW','DALLAS/FT WORTH, TX, USA DALLAS FT WORTH INTERNATI'),('DGA','DANGRIGA, BELIZE DANGRIGA'),('DGO','DURANGO, DURANGO, MEXICO GEN GUADALUPE VICTORIA'),('DHA','DHAHRAN, SAUDI ARABIA DHAHRAN INTL'),('DHN','DOTHAN AL USA'),('DIB','DIBRUGARH, INDIA CHABUA'),('DIJ','DIJON, FRANCE LONGVIC'),('DIL','DILI, INDONESIA COMORO'),('DIY','DIYARBAKIR, TURKEY DIYARBAKIA'),('DJE','DJERBA TUNISIA'),('DJO','DALOA IVORY COAST'),('DKI','DUNK ICELAND AUSTRALIA'),('DKR','DAKAR SENEGAL'),('DLA','DOUALA, CAMEROON DOUALA'),('DLC','DALIAN LIAONING CHINA'),('DLG','DILLINGHAM AK USA'),('DLH','DULUTH MN/SUPERIOR WI USA'),('DLM','DALAMAN, TURKEY DALAMAN'),('DME','MOSCOW - DOMODEDOVO RUSSIA'),('DND','DUNDEE, SCOTLAND, UNITED KINGDOM DUNDEE'),('DNM','DENHAM, WESTERN AUSTRALIA, AUSTRALIA'),('DNR','DINARD FRANCE'),('DNV','DANVILLE, IL, USA VERMILION COUNTY AIRPORT'),('DOH','DOHA, QATAR DOHA'),('DOK','DONETSK, UKRAINE DONETSK'),('DOL','DEAUVILLE, FRANCE SAINT GATIEN'),('DOM','DOMINICA, DOMINICA MELVILLE HALDOM'),('DPL','DIPOLOG, PHILIPPINES DIPOLOG'),('DPO','DEVONPORT, TASMANIA, AUSTRALIA DEVONPORT'),('DPS','DENPASAR/BALI INDONESIA'),('DRB','DERBY AUSTRALIA'),('DRO','DURANGO CO USA'),('DRS','DRESDEN, GERMANY DRESDEN'),('DRT','DEL RIO, TX, USA'),('DRW','DARWIN, NORTHERN TERRITORY, AUSTRALIA'),('DSI','DESTIN, FL, USA'),('DSK','DERA ISMAIL KHAN PAKISTAN'),('DSM','DES MOINES IA USA'),('DTM','DORTMUND, GERMANY WICKEDE'),('DTT','DETROIT MI USA'),('DTW','DETROIT METROPOLITAN ( METRO ) MI USA'),('DUB','DUBLIN, IRELAND DUBLIN'),('DUD','DUNEDIN NEW ZEALAND'),('DUJ','DU BOIS, PA, USA JEFFERSON COUNTY'),('DUQ','DUNCAN / QUAM, BRITISH COLUMBIA, CANADA QUAMICHAN'),('DUR','DURBAN, SOUTH AFRICA LOUIS BOTHA'),('DUS','DUESSELDORF GERMANY'),('DUT','DUTCH HARBOR, AK, USA DUTCH HARBOR'),('DVL','DEVILS LAKE ND USA'),('DVO','DAVAO, PHILIPPINES MATI'),('DXB','DUBAI, UNITED ARAB EMIRATES DUBAI INTERNATIONAL AI'),('DYA','DYSART AUSTRALIA'),('DYU','DUSHANBE ( DUSCHANBE ) TADSCHIKISTAN'),('DZA','DZAOUDZI MAYOTTE'),('EAP','BASEL/MULHOUSE SWITZERLAND/FRANCE'),('EAR','KEARNEY, NE, USA KEARNEY MUNICIPAL AIRPORT'),('EAS','SAN SEBASTIAN, SPAIN FUENTERRABIA'),('EAT','WENATCHEE WA USA'),('EAU','EAU CLARIE WI USA'),('EBA','ELBA ISLAND, ITALY MARINA DI CAMPO'),('EBB','ENTEBBE/KAMPALA, UGANDA ENTEBBE'),('EBJ','ESBJERG DENMARK'),('EBU','ST.ETIENNE FRANCE'),('EDI','EDINBURGH, SCOTLAND, UNITED KINGDOM TURNHOUSE'),('EDR','EMERALD AUSTRALIA'),('EEN','KEENE / BRATTLEBORO, NH, USA DILLANT HOPKINS'),('EFD','HOUSTON, TX, USA ELLINGTON FIELD'),('EGE','VAIL/EAGLE, CO, USA EAGLE COUNTY REGIONAL'),('EGS','EGILSSTADIR ICELAND'),('EIN','EINDHOVEN NETHERLANDS'),('EIS','TORTOLA/BEEF ISLAND, VIRGIN ISLANDS (BRITISH) BEEF'),('EJA','BARRANCABERMEJA, COLOMBIA VARIGUIES'),('EKI','ELKHART IN USA'),('EKO','ELKO NV USA'),('ELD','EL DORADO, AR, USA'),('ELH','NORTH ELEUTHERA, BAHAMAS'),('ELL','ELLISRAS SOUTH AFRICA'),('ELM','ELMIRA NY USA'),('ELP','EL PASO, TX, USA EL PASO INTERNATIONAL AIRPORT'),('ELS','EAST LONDON SOUTH AFRICA'),('ELY','ELY, NV, USA YELLAND FIELD'),('EMA','DERBY ( EAST MIDLANDS ) UNITED KINGDOM'),('EMD','EMERALD, QUEENSLAND, AUSTRALIA EMERALD'),('ENA','KENAI AK USA'),('ENC','NANCY FRANCE'),('ENF','ENONTEKIOE FINLAND'),('ENS','ENSCHEDE, NETHERLANDS TWENTE'),('EOH','MEDELLIN, COLOMBIA ENRIQUE OLAYA HERRARA'),('EPR','ESPERANCE, WESTERN AUSTRALIA, AUSTRALIA ESPERANCE'),('ERF','ERFURT GERMANY'),('ERI','ERIE, PA, USA ERIE INTERNATIONAL'),('ERS','WINDHOEK, NAMIBIA EROS'),('ERZ','ERZURUM, TURKEY ERZURUM'),('ESB','ANKARA, TURKEY ESENBOGA'),('ESC','ESCANABA, MI, USA DELTA COUNTY AIRPORT'),('ESD','EASTSOUND, WA, USA EASTSOUND/ORCAS ISLAND AIRPORT'),('ESF','ALEXANDRIA LA USA'),('ESR','EL SALVADOR, CHILE'),('ETH','ELAT, ISRAEL ELAT'),('ETZ','METZ/NANCY, FRANCE FRESCATY'),('EUG','EUGENE, OR, USA EUGENE AIRPORT'),('EUN','LAAYOUNE, MOROCCO LAAYOUNEHASSAN I MOROCCO'),('EVE','EVENES, NORWAY EVENES'),('EVN','YEREVAN, ARMENIA'),('EVV','EVANSVILLE IN USA'),('EWB','NEW BEDFORD/FALL RIVER, MA, USA NEW BEDFORD MUNICI'),('EWN','NEW BERN, NC, USA SIMMONSNOTT AIRPORT'),('EWR','NEW YORK - NEWARK NJ USA'),('EXT','EXETER, ENGLAND, UNITED KINGDOM EXETER'),('EYW','KEY WEST, FL, USA'),('EZE','BUENOS AIRES EZEIZA INT\'L AIRPORT ARGENTINA'),('FAE','FAROE ISLANDS, FAROE ISLANDS FAEROE ISLANDS'),('FAI','FAIRBANKS AK USA'),('FAO','FARO, PORTUGAL FARO'),('FAR','FARGO ND MN USA'),('FAT','FRESNO, CA, USA FRESNO AIR TERMINAL'),('FAY','FAYETTEVILLE/FT. BRAGG NC USA'),('FBM','LUMBUMBASHI ZAIRE'),('FBU','OSLO FORNEBU NORWAY'),('FCA','KALISPELL MT USA'),('FCO','ROME - FUIMICINO ITALY'),('FDE','FORDE, NORWAY FORDE'),('FDF','FORT DE FRANCE, MARTINIQUE FORT DE FRANCE'),('FDH','FRIEDRICHSHAFEN GERMANY'),('FEZ','FEZ, MOROCCO FEZ'),('FFM','FERGUS FALLS, MN, USA FERGUS FALLS MUNICIPAL AIRPO'),('FHU','FORT HUACHUCA/SIERRA VISTA, AZ, USA'),('FIH','KINSHASA CONGO ( ZAIRE )'),('FJR','ALFUJAIRAH ( FUJAIRAH ) UAE'),('FKI','KISANGANI ZAIRE'),('FKL','FRANKLIN/OIL CITY PA USA'),('FLG','FLAGSTAFF, AZ, USA FLAGSTAFF'),('FLL','FORT LAUDERDALE/HOLLYWOOD FL USA'),('FLN','FLORIANOPOLIS, SANTA CATARINA, BRAZIL FLORIANOPOLI'),('FLO','FLORENCE SC USA'),('FLR','FLORENCE, ITALY'),('FMA','FORMOSA, FORMOSA, ARGENTINA FORMOSA'),('FMN','FARMINGTON, NM, USA FOUR CORNERS REGIONAL AIRPORT'),('FMO','MUENSTER/OSNABRUECK GERMANY'),('FMY','FORT MYERS METROPOLITAN AREA FL USA'),('FNA','FREETOWN SIERRA LEONE'),('FNC','FUNCHAL PORTUGAL'),('FNI','NIMES FRANCE'),('FNJ','PYONGYANG NORTH KOREA'),('FNL','FORT COLLINS/LOVELAND, CO, USA FORT COLLINS / LOVE'),('FNT','FLINT, MI, USA BISHOP INT\'L AIRPORT'),('FOD','FORT DODGE IA USA'),('FOE','TOPEKA, KS, USA FORBES FIELD'),('FOR','FORTALEZA BRAZIL'),('FPO','FREEPORT, BAHAMAS FREEPORT INTL AIRPORT'),('FRA','FRANKFURT/MAIN INT\'L AIRPORT GERMANY'),('FRD','FRIDAY HARBOR, WA, USA FRIDAY HARBOR AIRPORT'),('FRJ','FREJUS FRANCE'),('FRM','FAIRMONT, MN, USA FAIRMONT MUNICIPAL'),('FRO','FLORO, NORWAY FLORO'),('FRS','FLORES, GUATEMALA FLORES'),('FRU','BISHKEK, KYRGYZSTAN BISHKEK AIRPORT'),('FRW','FRANCISTOWN ZIMBABWE'),('FSC','FIGARI FRANCE'),('FSD','SIOUX FALLS, SD, USA JOE FOSS FIELD'),('FSM','FORT SMITH AR USA'),('FSP','ST PIERRE, ST. PIERRE AND MIQUELON'),('FUE','FUERTEVENTURA SPAIN'),('FUK','FUKUOKA, JAPAN ITAZUKE'),('FUT','FUTUNA WALLIS AND FUTUNA ISLANDS'),('FWA','FORT WAYNE IN USA'),('FYV','FAYETTEVILLE, AR, USA MUNICIPAL'),('GAD','GADSDEN AL USA'),('GAJ','YAMAGATA, JAPAN JUNMACHI'),('GAL','GALENA, AK, USA'),('GAU','GAUHATI, INDIA BORJHAR'),('GBE','GABORONE BOTSWANA'),('GBG','GALESBURG, IL, USA GALESBURG MUNICIPLE AIRPORT'),('GBI','GRAND BAHAMA BAHAMAS'),('GCC','GILETTE WY USA'),('GCI','GUERNSEY, CHANNEL ISLANDS, UNITED KINGDOM GUERNSEY'),('GCK','GARDEN CITY, KS, USA GARDEN CITY MUNICIPAL AIRPORT'),('GCM','GRAND CAYMAN ISLAND, CAYMAN ISLANDS OWEN ROBERTS I'),('GCN','GRAND CANYON AZ USA'),('GDL','GUADALAJARA, JALISCO, MEXICO MIGUEL HIDALGO INTL'),('GDN','GDANSK POLAND'),('GDT','GRAND TURK IS, TURKS AND CAICOS ISLANDS'),('GDV','GLENDIVE, MT, USA'),('GDX','MAGADAN, RUSSIA MAGADAN'),('GEG','SPOKANE, WA, USA INTERNATIONAL/GEIGER FIELD'),('GEO','GEORGETOWN GUYANA'),('GET','GERALDTON, WESTERN AUSTRALIA, AUSTRALIA GERALDTON'),('GEX','GEELONG AUSTRALIA'),('GFF','GRIFFITH AUSTRALIA'),('GFK','GRAND FORKS ND USA'),('GGG','LONGVIEW/GLADEWATER/KILGORE, TX, USA GREGG COUNTY'),('GGT','GEORGE TOWN, BAHAMAS EXUMA INTERNATIONAL'),('GGW','GLASGOW, MT, USA'),('GHB','GOVENORS HARBOUR BAHAMAS'),('GIB','GIBRALTAR, GIBRALTAR GIBRALTAR'),('GIG','RIO DE JANEIRO GALEAO BRAZIL'),('GIL','GILGIT PAKISTAN'),('GJN','JOUNIEH LEBANON'),('GJT','GRAND JUNCTION CO USA'),('GKA','GOROKA, PAPUA NEW GUINEA GOROKA'),('GKL','GREAT KEPPEL ISLAND AUSTRALIA'),('GLA','GLASGOW UNITED KINGDOM'),('GLD','GOODLAND, KS, USA RENNER FIELD'),('GLF','GOLFITO, COSTA RICA GOLFITO'),('GLH','GREENVILLE MS USA'),('GLS','GALVESTON, TX, USA SCHOLES FIELD'),('GLT','GLADSTONE AUSTRALIA'),('GLV','GOLOVIN, AK, USA'),('GNB','GRENOBLE, FRANCE ST GEOIRS'),('GND','ST GEORGES/GRENADA, GRENADA PT SALINE'),('GNV','GAINESVILLE FL USA'),('GOA','GENOA, ITALY CHRISTOFORO COLOMBO'),('GOH','NUUK, GREENLAND'),('GOI','GOA, INDIA DABOLIM'),('GOJ','NIZHNIY NOVGOROD, RUSSIA NIZHNIY'),('GON','GROTON / NEW LONDON, CT, USA GROTONNEW LONDON'),('GOO','GOONDIWINDI AUSTRALIA'),('GOT','GOTEBORG SWEDEN'),('GOU','GAROUA CAMEROON'),('GOV','GOVE ( NHULUNBUY ) AUSTRALIA'),('GOZ','GORNA BULGARIA'),('GPA','ARAXOS GREECE'),('GPS','GALAPAGOS ISLANDS, ECUADOR BALTRA'),('GPT','GULFPORT, MS, USA GULFPORT/BILOXI'),('GPZ','GRAND RAPIDS MN USA'),('GRB','GREEN BAY WI USA'),('GRI','GRAND ISLAND, NE, USA CENTRAL NEBRASKA REGIONAL AI'),('GRJ','GEORGE, SOUTH AFRICA GEORGE'),('GRO','GERONA SPAIN'),('GRQ','GRONINGEN, NETHERLANDS EELDE'),('GRR','GRAND RAPIDS, MI, USA KENT COUNTY INTERNATIONAL AI'),('GRU','SAO PAULO, SAO PAULO, BRAZIL GUARULHOS INTERNATION'),('GRX','GRANADA SPAIN'),('GRZ','GRAZ, AUSTRIA THALERHOF'),('GSO','GREENSBORO/WINSTON SALEM NC USA'),('GSP','GREENVILLE/SPARTANBURG SC USA'),('GTE','GROOTE EYELAND AUSTRALIA'),('GTF','GREAT FALLS MT USA'),('GTI','GROOTE EYLANDT AUSTRALIA'),('GTN','MOUNT COOK NEW ZEALAND'),('GTO','GORONTALO, INDONESIA TOLOTIO'),('GTR','COLUMBUS, MS, USA GOLDEN'),('GUA','GUATEMALA CITY, GUATEMALA LA AURORA INTL AIRPORT'),('GUB','GUERRERO NEGRO, BAJA CALIFORNIA SUR, MEXICO GUERRE'),('GUC','GUNNISON, CO, USA GUNNISON COUNTY AIRPORT'),('GUM','GUAM GUAM'),('GUP','GALLUP, NM, USA GALLUP MUNICIPAL'),('GUR','ALOTAU, PAPUA NEW GUINEA GURNEY'),('GVA','GENEVA, SWITZERLAND GENEVA'),('GWD','GWADAR PAKISTAN'),('GWE','GWERU ZIMBABWE'),('GWT','WESTERLAND, GERMANY WESTERLAND'),('GWY','GALWAY IRELAND'),('GXQ','COYHAIQUE, CHILE TENIENTE VIDAL'),('GYA','GUAYARAMERIN BOLIVIA'),('GYE','GUAYAQUIL, ECUADOR SIMON BOLIVAR'),('GYM','GUAYMAS, SONORA, MEXICO'),('GYN','GOIANIA BRAZIL'),('GYP','GYMPIE AUSTRALIA'),('GYY','GARY, IN, USA'),('HAC','HACHIJO JIMA JAPAN'),('HAD','HALMSTAD, SWEDEN HALMSTAD'),('HAG','THE HAGUE, NETHERLANDS'),('HAH','MORONI - PRINCE SAID IBRAHIM COMOROS ( COMORES )'),('HAJ','HANOVER, GERMANY LANGENHAGEN'),('HAK','HAIKOU, CHINA HAIKOU'),('HAM','HAMBURG, GERMANY FUHLSBUTTEL'),('HAN','HANOI VIETNAM'),('HAP','WHITSUNDAY RESORT AUSTRALIA'),('HAR','HARRISBURG PA USA'),('HAU','HAUGESUND NORWAY'),('HAV','HAVANA, CUBA JOSE MARTI'),('HBA','HOBART AUSTRALIA'),('HDB','HEIDELBERG, GERMANY'),('HDD','HYDERABAD PAKISTAN'),('HDN','STEAMBOAT SPRINGS CO USA'),('HDY','HAT YAI, THAILAND'),('HEL','HELSINKI VANTAA FINLAND'),('HER','HERAKLION, CRETE ISLAND, GREECE HERAKLION'),('HET','HOHHOT, CHINA'),('HEW','ATHENS HELLINIKON AIRPORT GREECE'),('HFA','HAIFA ISREAL'),('HFT','HAMMERFEST NORWAY'),('HGH','HANGZHOU, CHINA'),('HGN','MAE HONG SON, THAILAND MAE HONG SON'),('HGO','KORHOGO IVORY COAST'),('HGR','HAGERSTOWN, MD, USA WASHINGTON COUNTY REGIONAL AIR'),('HHH','HILTON HEAD, SC, USA MUNICIPAL'),('HIB','HIBBING MN USA'),('HII','LAKE HAVASU CITY AZ USA'),('HIJ','HIROSHIMA, JAPAN HIROSHIMA'),('HIR','HONIARA/GUADALCANAL, SOLOMON ISLANDS HENDERSON INT'),('HIS','HAYMAN ISLAND AUSTRALIA'),('HKD','HAKODATE, JAPAN HAKODATE'),('HKG','HONG KONG INT\'L AIRPORT (HKIA) HONG KONG'),('HKK','HOKITIKA, NEW ZEALAND HOKITIKA'),('HKN','HOSKINS, PAPUA NEW GUINEA HOSKINS'),('HKT','PHUKET, THAILAND PHUKET'),('HKY','HICKORY NC USA'),('HLA','LANSERIA SOUTH AFRICA'),('HLN','HELENA MT USA'),('HLP','JAKARTA, INDONESIA HALIM PERDANA KUSAMA'),('HLT','HAMILTON AUSTRALIA'),('HLZ','HAMILTON, NEW ZEALAND HAMILTON'),('HMA','MALMO, SWEDEN MALMO HARBOUR'),('HMH','HOME HILL AUSTRALIA'),('HMO','HERMOSILLO MEXICO'),('HNA','MORIOKA, JAPAN HANAMAKI'),('HND','TOKYO HANEDA JAPAN'),('HNH','HOONAH, AK, USA'),('HNK','HINCHINBROOK ISLAND AUSTRALIA'),('HNL','HONOLULU HI USA'),('HNN','FRANKFURT/HAHN GERMANY'),('HNS','HAINES AK USA'),('HOB','HOBBS, NM, USA LEA COUNTY'),('HOG','HOLGUIN CUBA'),('HOM','HOMER AK USA'),('HON','HURON, SD, USA HURON REGIONAL AIRPORT'),('HOQ','HOF GERMANY'),('HOR','HORTA PORTUGAL'),('HOT','HOT SPRINGS, AR, USA MEMORIAL FIELD'),('HOU','HOUSTON, TX, USA HOUSTON HOBBY AIRPORT'),('HPB','HOOPER BAY, AK, USA'),('HPN','WESTCHESTER COUNTY, NY, USA WESTCHESTER COUNTY AIR'),('HPV','KAUAI ISLAND, HI, USA PRINCEVILLE'),('HRB','HARBIN, CHINA'),('HRE','HARARE ZIMBABWE'),('HRG','HURGHADA, EGYPT'),('HRK','KHARKOV, UKRAINE KHARKOV'),('HRL','HARLINGEN, TX, USA'),('HRO','HARRISON, AR, USA BOONE COUNTY'),('HSI','HASTINGS, NE, USA'),('HSV','HUNTSVILLE/DECATUR, AL, USA HUNTSVILLEMADISON COUN'),('HTI','HAMILTON ISLAND AUSTRALIA'),('HTS','HUNTINGTON / ASHLAND, WV, USA TRISTATE'),('HUF','TERRE HAUTE, IN, USA HULMAN FIELD'),('HUH','HUAHINE FRENCH POLYNESIA'),('HUI','HUE PHU BAI VIETNAM'),('HUM','HOUMA, LA, USA TERREBONNE'),('HUN','HUALIEN, TAIWAN HUALIEN'),('HUX','HUATULCO, OAXACA, MEXICO'),('HUY','HUMBERSIDE UNITED KINGDOM'),('HVB','HERVEY BAY, QUEENSLAND, AUSTRALIA'),('HVN','NEW HAVEN CT USA'),('HVR','HAVRE, MT, USA CITY COUNTY'),('HWN','HWANGE NATIONAL PARK ZIMBABWE'),('HYA','HYANNIS, MA, USA BARNSTABLE COUNTY'),('HYD','HYDERABAD INDIA'),('HYG','HYDABURG, AK, USA'),('HYS','HAYS, KS, USA HAYS MUNICIPAL AIRPORT'),('IAD','WASHINGTON, DC, USA WASHINGTONDULLES INTERNATIONAL'),('IAH','HOUSTON INTERCONTINENTAL TX USA'),('IAS','IASI, ROMANIA IASI'),('IBZ','IBIZA, SPAIN IBIZA'),('ICN','SEOUL, SOUTH KOREA - INCHEON INTERNATIONAL AIRPORT'),('ICT','WICHITA, KS, USA MIDCONTINENT AIRPORT'),('IDA','IDAHO FALLS ID USA'),('IEV','KIEV, UKRAINE ZHULHANY'),('IFL','INNISFAIL AUSTRALIA'),('IFP','BULLHEAD CITY, AZ, USA BULLHEAD'),('IGA','INAGUA, BAHAMAS'),('IGH','INGHAM AUSTRALIA'),('IGM','KINGMAN, AZ, USA MOHAVE COUNTY'),('IGR','IGUAZU, MISIONES, ARGENTINA IGUAZU INTERNATIONAL'),('IGU','IGUASSU FALLS, PARANA, BRAZIL'),('IJK','IZHEVSK, RUSSIA'),('IKT','IRKUTSK, RUSSIA IRKUTSK'),('ILE','KILLEEM TX USA'),('ILF','ILFORD, MANITOBA, CANADA'),('ILG','WILMINGTON/NEW CASTLE COUNTY, DE, USA'),('ILI','ILIAMNA AK USA'),('ILM','WILMINGTON, NC, USA NEW HANOVER COUNTY AIRPORT'),('ILO','ILOILO, PHILIPPINES MANDURRIAO'),('ILP','ILE DES PINS NEW CALEDONIA'),('ILQ','ILO, MOQUEGUA, PERU ILO AIRPORT'),('ILY','ISLAY, SCOTLAND, UNITED KINGDOM GLENEGEDALE'),('IMF','IMPHAL, INDIA MUNICIPAL'),('IMP','IMPERATRIZ, MARANHAO, BRAZIL'),('IMT','IRON MOUNTAIN, MI, USA FORD AIRPORT'),('IND','INDIANAPOLIS, IN, USA INDIANAPOLIS INTERNATIONAL A'),('INI','NIS YUGOSLAVIA'),('INL','INTERNATIONAL FALLS MN USA'),('INN','INNSBRUCK, AUSTRIA KRANEBITTEN'),('INT','WINSTONSALEM, NC, USA SMITH REYNOLDS'),('INU','NAURU, NAURU'),('INV','INVERNESS, SCOTLAND, UNITED KINGDOM INVERNESS'),('IOA','IOANNINA, GREECE IOANNINA'),('IOM','ISLE OF MAN, ISLE OF MAN, UNITED KINGDOM RONALDSWA'),('IOS','ILHEUS, BAHIA, BRAZIL EDUARDO GOMES'),('IOU','ILE OUEN NEW CALEDONIA'),('IPC','EASTER ISLAND CHILE'),('IPH','IPOH, MALAYSIA IPOH'),('IPI','IPIALES, COLOMBIA SAN LUIS'),('IPL','IMPERIAL CA USA'),('IPT','WILLIAMSPORT, PA, USA WILLIAMSPORT LYCOMING MUNICI'),('IQQ','IQUIQUE CHILE'),('IQT','IQUITOS, PERU CF SECADA'),('IRG','LOCKHART RIVER AUSTRALIA'),('IRO','BIRARO CENTRAL AFRICAN REPUBLIC'),('ISA','MT. ISA AUSTRALIA'),('ISB','ISLAMABAD/RAWALPINDI PAKISTAN'),('ISC','ISLES OF SCILLY, ISLES OF SCILLY, UNITED KINGDOM T'),('ISL','WILLISTON ND USA'),('ISN','WILLISTON, ND, USA SLOULIN FIELD INTERNATIONAL'),('ISO','KINGSTON NC USA'),('ISP','ISLIP, NY, USA LONG ISLANDMACARTHUR AIRPORT'),('IST','ISTANBUL TURKEY'),('ITH','ITHACA, NY, USA TOMPKINS COUNTY'),('ITM','OSAKA, JAPAN ITAMI INTERNATIONAL WAS OSAKA'),('ITO','HILO, HI, USA HILO HAWAII:HAWAIIINTERNATIONAL USA'),('IVC','INCERCARGILL NEW ZEALAND'),('IVL','IVALO FINLAND'),('IVR','INVERCARGILL NEW ZEALAND'),('IWD','IRONWOOD, MI, USA GOGEBIC COUNTY AIRPORT'),('IXB','BAGDOGRA, INDIA BAGDOGRA'),('IXC','CHANDIGARH INDIA'),('IXE','MANGALORE, INDIA BAJPE'),('IXG','BELGAUM INDIA'),('IXJ','JAMMU, INDIA SATWARI'),('IXM','MADURAI, INDIA MADURAI'),('IXR','RANCHI INDIA'),('IXU','AURANGABAD, INDIA CHIKKALTHANA'),('IXW','JAMSHEDPUR INDIA'),('IXZ','PORT BLAIR, INDIA PORT BLAIR'),('IYK','INYOKERN, CA, USA INYOKERN AIRPORT'),('IZM','IZMIR TURKEY'),('IZO','IZUMO, JAPAN'),('JAC','JACKSON HOLE, WY, USA JACKSON HOLE AIRPORT'),('JAG','JACOBABAD PAKISTAN'),('JAI','JAIPUR INDIA'),('JAN','JACKSON, MS, USA ALLEN C THOMPSON FIELD'),('JAT','JABAT, MARSHALL ISLANDS JABAT INTL'),('JAV','ILULISSAT, GREENLAND'),('JAX','JACKSONVILLE, FL, USA JACKSONVILLE INTERNATIONAL A'),('JBR','JONESBORO, AR, USA MUNICIPAL'),('JCA','CANNES, FRANCE MANDELIEU'),('JCB','JOAO PESSOA BRAZIL'),('JDH','JODHPUR, INDIA'),('JDP','PARIS, FRANCE ISSY LES MOULINEAUX'),('JED','JEDDAH, SAUDI ARABIA JEDDAH INTERNATIONAL'),('JER','JERSEY UNITED KINGDOM'),('JFK','NEW YORK, NY, USA JOHN F KENNEDY INTL AIRPORT'),('JGA','JAMNAGAR, INDIA'),('JHB','JOHOR BAHRU, MALAYSIA SULTAN ISMAIL INTERNATIONAL'),('JHE','HELSINGBORG SWEDEN'),('JHM','KAPALUA, HI, USA KAPALUA'),('JHQ','SHUTE HARBOUR AUSTRALIA'),('JHW','JAMESTOWN NY USA'),('JIB','DJIBOUTI, DJIBOUTI AMBOULI'),('JIW','JIWANI PAKISTAN'),('JKG','JOENKOEPING SWEDEN'),('JKH','CHIOS GREECE'),('JKT','JAKARTA KEMAYORAN INDONESIA'),('JLN','JOPLIN MO USA'),('JLR','JALANDHAR INDIA'),('JMC','SAUSALITO, CA, USA MARIN COUNTY'),('JMK','MIKONOS, GREECE MIKONOS'),('JMM','MALMO, SWEDEN MALMO HARBOUR HELIPORT'),('JMO','JOMSOM, NEPAL'),('JMS','JAMESTOWN, ND, USA JAMESTOWN MUNICIPAL AIRPORT'),('JNB','JOHANNESBURG SOUTH AFRICA'),('JNS','NARSSAQ, GREENLAND'),('JNU','JUNEAU, AK, USA JUNEAU'),('JNX','NAXOS, CYCLADES ISLANDS, GREECE NAXOS AIRPORT'),('JOE','JOENSUU FINLAND'),('JOG','YOGYAKARTA, INDONESIA'),('JOI','JOINVILLE, SANTA CATARINA, BRAZIL FEDERAL'),('JON','JOHNSTON ISLAND, US, OUTLYING ISLANDS'),('JPA','JOAO PESSOA BRAZIL'),('JRA','NEW YORK CITY, NY, USA'),('JRO','KILIMANJARO, TANZANIA KILIMANJARO'),('JRS','JERUSALEM ISRAEL'),('JSI','SKIATHOS GREECE'),('JST','JOHNSTOWN, PA, USA JOHNSTOWN CAMBRIA'),('JTR','THIRA GREECE'),('JUJ','JUJUY, PROVINCIA JUJUY, ARGENTINA EL CADILLAL'),('JUL','JULIACA, PERU JULIACA'),('JXN','JACKSON MI USA'),('JYV','JYVAESKYLAE FINLAND'),('KAB','KARIBA, ZIMBABWE KARIBA'),('KAE','KAKE, AK, USA'),('KAJ','KAJAANI FINLAND'),('KAL','KALTAG, AK, USA'),('KAN','KANO, NIGERIA AMINU KANO INTERNATIONAL'),('KAO','KUUSAMO FINLAND'),('KAT','KAITAIA, NEW ZEALAND KAITAIA'),('KBL','KABUL AFGHANISTAN'),('KBP','KIEV BORISPOL UKRAINE'),('KBR','KOTA BHARU, MALAYSIA SULTAN ISMAIL PETRA'),('KBY','STREAKY BAY AUSTRALIA'),('KCC','COFFMANN COVE AK USA'),('KCE','COLLINSVILLE AUSTRALIA'),('KCG','CHIGNIK, AK, USA FISHERIES'),('KCH','KUCHING, SARAWAK, MALAYSIA KUCHING'),('KCL','CHIGNIK, AK, USA LAGOON'),('KCZ','KOCHI JAPAN'),('KDD','KHUZDAR PAKISTAN'),('KDU','SKARDU PAKISTAN'),('KEF','KEFLAVIK ICELAND'),('KEH','KENMORE AIR HARBOR, WA, USA'),('KEJ','KEMEROVO, RUSSIA KEMEROVO'),('KEL','KIEL, GERMANY HOLTENAU'),('KEM','KEMI/TORNIO FINLAND'),('KEP','NEPALGANJ, NEPAL NEPALGANJ'),('KER','KERMAN, IRAN KERMAN'),('KGC','KINGSCOTE, SOUTH AUSTRALIA, AUSTRALIA'),('KGD','KALININGRAD, RUSSIA KALININGRAD AIRPORT'),('KGI','KALGOORLIE AUSTRALIA'),('KGL','KIGALI RWANDA'),('KGS','KOS GREECE'),('KHH','KAOHSIUNG TAIWAN'),('KHI','KARACHI, PAKISTAN KARACHI'),('KHJ','KAUHAJOKI FINLAND'),('KHV','CHABAROVSK RUSSIA'),('KID','KRISTIANSTAD SWEDEN'),('KIF','CHIFENG, CHINA'),('KIJ','NIIGATA JAPAN'),('KIM','KIMBERLEY SOUTH AFRICA'),('KIN','KINGSTON JAMAICA'),('KIR','KERRY COUNTY, IRELAND KERRY COUNTY'),('KIV','KISHINEV, MOLDOVA KISHINEV'),('KIW','KITWE ZAMBIA'),('KIX','OSAKA KANSAI INT\'L AIRPORT JAPAN'),('KJA','KRASNOJARSK, RUSSIA'),('KKN','KIRKENES, NORWAY HOEYBURTMOEN'),('KLO','KALIBO, PHILIPPINES KALIBO'),('KLR','KALMAR, SWEDEN KALMAR'),('KLU','KLAGENFURT AUSTRIA'),('KLW','KLAWOCK, AK, USA'),('KLX','KALAMATA GREECE'),('KLZ','KLEINSEE SOUTH AFRICA'),('KMG','KUNMING, CHINA KUNMING'),('KMI','MIYAZAKI, JAPAN MIYAZAKI'),('KMJ','KUMAMOTO, JAPAN KUMAMOTO'),('KMP','KEETMANSHOOP NAMIBIA'),('KNS','KING ISLAND KING ISLAND'),('KNX','KUNUNURRA AUSTRALIA'),('KOA','KONA HI USA'),('KOI','KIRKWALL / ORKNEY ISLAND, SCOTLAND, UNITED KINGDOM'),('KOJ','KAGOSHIMA JAPAN'),('KOK','KOKKOLA/PIETARSAARI, FINLAND KRUUNUPYY'),('KPN','KIPNUK, AK, USA'),('KPO','POHANG, SOUTH KOREA NA'),('KRB','KARUMBA AUSTRALIA'),('KRF','KRAMFORS, SWEDEN KRAMFORS'),('KRK','KRAKOW, POLAND BALICE'),('KRN','KIRUNA SWEDEN'),('KRP','KARUP, DENMARK KARUP'),('KRR','KRASNODAR, RUSSIA KRASNODAR'),('KRS','KRISTIANSAND, NORWAY KJEVIK'),('KRT','KHARTOUM SUDAN'),('KSA','KOSRAE, CAROLINE ISLANDS, MICRONESIA'),('KSC','KOSICE, SLOVAKIA BARCA'),('KSD','KARLSTAD SWEDEN'),('KSH','KERMANSHAH, IRAN BAKHTARAN IRAN'),('KSJ','KASOS ISLAND, GREECE KASOS ISLAND'),('KSL','KASSALA SUDAN'),('KSU','KRISTIANSUND NORWAY'),('KTA','KARRATHA AUSTRALIA'),('KTB','THORNE BAY AK USA'),('KTM','KATHMANDU NEPAL'),('KTN','KETCHIKAN, AK, USA KETCHIKAN INTERNATIONAL'),('KTR','KATHERINE AUSTRALIA'),('KTT','KITTILAE SWEDEN'),('KTW','KATOWICE, POLAND PYRZOWICE'),('KUA','KUANTAN, MALAYSIA PADANG GERODA'),('KUB','KUALA BELAIT BRUNEI'),('KUF','SAMARA, RUSSIA SAMARA'),('KUH','KUSHIRO JAPAN'),('KUL','KUALA LUMPUR INT\'L AIRPORT MALAYSIA'),('KUN','KAUNAS, LITHUANIA KAUNAS'),('KUO','KUOPIO, FINLAND KUOPIO'),('KUS','KULUSUK, GREENLAND METROPOLITAN AREA'),('KUV','KUNSAN, SOUTH KOREA'),('KVA','KAVALA, GREECE KAVALA'),('KWA','KWAJALEIN, MARSHALL ISLANDS'),('KWI','KUWAIT, KUWAIT INTERNATIONAL'),('KWL','GUILIN, CHINA'),('KWM','KOWANYAMA AUSTRALIA'),('KZN','KAZAN (KA SAN) RUSSIA'),('LAD','LUANDA, ANGOLA FEVEREIRO'),('LAE','LAE PAPUA NEW GUINEA'),('LAF','LAFAYETTE IN USA'),('LAI','LANNION FRANCE'),('LAN','LANSING MI USA'),('LAP','LA PAZ, BAJA CALIFORNIA SUR, MEXICO AEROPUERTO GEN'),('LAR','LARAMIE WY USA'),('LAS','LAS VEGAS, NV, USA MCCARRAN INTERNATIONAL AIRPORT'),('LAW','LAWTON OK USA'),('LAX','LOS ANGELES, CA, USA LOS ANGELES INTL AIRPORT'),('LBA','LEEDS/BRADFORD UNITED KINGDOM'),('LBB','LUBBOCK, TX, USA LUBBOCK INTERNATIONAL AIRPORT'),('LBE','LATROBE PA USA'),('LBF','NORTH PLATTE, NE, USA LEE BIRD FIELD'),('LBG','PARIS LE BOURGET FRANCE'),('LBI','ALBI FRANCE'),('LBL','LIBERAL, KS, USA GLENN L MARTIN TERMINAL'),('LBQ','LAMBARENE GABON'),('LBU','LABUAN MALAYSIA'),('LBV','LIBREVILLE, GABON LIBREVILLE'),('LCA','LARNACA CYPRUS'),('LCE','LA CEIBA, HONDURAS INTERNATIONAL'),('LCG','LA CORUNA, SPAIN LA CORUNA'),('LCH','LAKE CHARLES LA USA'),('LCY','LONDON, ENGLAND, UNITED KINGDOM LONDON CITY'),('LDB','LONDRINA, PARANA, BRAZIL LONDRINA'),('LDC','LINDEMAN ISLAND AUSTRALIA'),('LDE','LOURDES/TARBES FRANCE'),('LDK','LIDKOEPING SWEDEN'),('LDU','LAHAD DATU, SABAH, MALAYSIA LAHAD DATU'),('LDY','DERRY ( LONDONDERRY ) UNITED KINGDOM'),('LEA','LEARMOUTH ( EXMOUTH ) AUSTRALIA'),('LEB','LEBANON/HANOVER/WHITE RIVER, NH, USA LEBANON REGIO'),('LED','ST.PETERSBURG ( LENINGRAD ) RUSSIA'),('LEH','LE HAVRE, FRANCE LE HAVRE'),('LEI','ALMERIA, SPAIN ALMERIA'),('LEJ','LEIPZIG GERMANY'),('LEK','LABE GUINEA'),('LER','LEINSTER AUSTRALIA'),('LET','LETICIA, COLOMBIA GEN AV COB0'),('LEX','LEXINGTON, KY, USA BLUE GRASS FIELD'),('LFT','LAFAYETTE LA USA'),('LFW','LOME, TOGO LOME'),('LGA','NEW YORK - LA GUARDIA NY USA'),('LGB','LONG BEACH, CA, USA LONG BEACH MUNICIPAL AIRPORT'),('LGG','LIEGE BELGIUM'),('LGI','DEADMANS CAY / LONG ISLAND, BAHAMAS DEADMANS CAY'),('LGK','LANGKAWI, MALAYSIA'),('LGP','LEGASPI, PHILIPPINES LEGASPI'),('LGW','LONDON, ENGLAND, UNITED KINGDOM GATWICK'),('LHE','LAHORE PAKISTAN'),('LHR','LONDON, ENGLAND, UNITED KINGDOM HEATHROW'),('LIF','LIFOU LOYAUTE PAZIFIK'),('LIG','LIMOGES FRANCE'),('LIH','KAUAI ISLAND, HI, USA LIHUE MUNICIPAL AIRPORT'),('LIJ','LONG ISLAND AK USA'),('LIL','LILLE FRANCE'),('LIM','LIMA PERU'),('LIN','MILAN, ITALY LINATE'),('LIQ','LISALA CONGO DEMOCRATIC REPUBLIC OF THE'),('LIR','LIBERIA, COSTA RICA LIBERIA'),('LIS','LISBON, PORTUGAL LISBOA'),('LIT','LITTLE ROCK AR USA'),('LJU','LJUBLJANA, SLOVENIA BRNIK'),('LKE','SEATTLE, WA, USA LAKE UNION SEA PLANE BASE'),('LKL','LAKSELV NORWAY'),('LKN','LEKNES, NORWAY LEKNES'),('LKO','LUCKNOW, INDIA'),('LLA','LULEA SWEDEN'),('LLW','LILONGWE, MALAWI KAMUZU INTL'),('LLY','MOUNT HOLLY, NJ, USA MT HOLLY'),('LMM','LOS MOCHIS, SINALOA, MEXICO'),('LMN','LIMBANG, SARAWAK, MALAYSIA LIMBANG'),('LMP','LAMPEDUSA ITALY'),('LMT','KLAMATH FALL OR USA'),('LNK','LINCOLN, NE, USA MUNICIPAL AIRPORT'),('LNO','LEONORA AUSTRALIA'),('LNS','LANCASTER PA USA'),('LNV','LONDOLOVIT, PAPUA NEW GUINEA LONDOLOVIT'),('LNY','LANAI CITY, HI, USA LANAI'),('LNZ','LINZ AUSTRIA'),('LON','LONDON UNITED KINGDOM'),('LOS','LAGOS NIGERIA'),('LOV','MONCLOVA, COAHUILA, MEXICO MONCLOVA AIRPORT'),('LPA','GRAN CANARIA, CANARY ISLANDS, SPAIN AEROPUERTO DE'),('LPB','LA PAZ BOLIVIA'),('LPI','LINKOPING, SWEDEN SAAB'),('LPL','LIVERPOOL, ENGLAND, UNITED KINGDOM LIVERPOOL'),('LPP','LAPPEENRANTA FINLAND'),('LRD','LAREDO TX USA'),('LRE','LONGREACH AUSTRALIA'),('LRH','LA ROCHELLE FRANCE'),('LRM','CASA DE CAMPO, DOMINICAN REPUBLIC'),('LRS','LEROS, GREECE LEROS'),('LRT','LORIENT, FRANCE LANNBIHOUE'),('LRU','LAS CRUCES, NM, USA'),('LSC','LA SERENA, CHILE LA FLORIDA'),('LSE','LA CROSSE, WI, USA LA CROSSE MUNICIPAL'),('LSG','ISHIGAKI JAPAN'),('LSI','SUMBURGH ( SHETLAND ) UNITED KINGDOM'),('LSP','LAS PIEDRAS, VENEZUELA JOSEFA CAMEJO'),('LSQ','LOS ANGELES, CHILE MARIA DOLORES'),('LSS','TERREDEHAUT, GUADELOUPE'),('LST','LAUNCESTON, TASMANIA, AUSTRALIA LAUNCESTON'),('LSY','LISMORE AUSTRALIA'),('LSZ','MALI LOSINJ CROATIA ( HRVATSKA )'),('LTN','LONDON LUTON UNITED KINGDOM'),('LTO','LORETO, BAJA CALIFORNIA SUR, MEXICO'),('LUA','LUKLA, NEPAL LUKLA'),('LUD','LUDERITZ, NAMIBIA LUDERITZ'),('LUG','LUGANO SWITZERLAND'),('LUJ','LUSISIKI SOUTH AFRICA'),('LUN','LUSAKA ZAMBIA'),('LUX','LUXEMBOURG, LUXEMBOURG FINDEL'),('LVI','LIVINGSTONE, ZAMBIA LIVINGSTONE'),('LVO','LAVERTON AUSTRALIA'),('LWB','GREENBRIER/LEWISBURG WV USA'),('LWK','SHETLAND ISLANDS /SHETLAND ISD, SCOTLAND, UNITED K'),('LWO','LVOV, UKRAINE SNILOW'),('LWS','LEWISTON ID USA'),('LWT','LEWISTOWN, MT, USA MUNICIPAL'),('LWY','LAWAS, SARAWAK, MALAYSIA LAWAS'),('LXR','LUXOR, EGYPT LUXOR'),('LYH','LYNCHBURG VA USA'),('LYP','FAISALABAD, PAKISTAN LYALLPUR'),('LYR','LONGYEARBYEN - SVALBARD SVALBARD/NORWAY'),('LYS','LYON, FRANCE SATOLAS'),('LZC','LAZARO CARDENAS MEXICO'),('LZR','LIZARD ISLAND AUSTRALIA'),('MAA','CHENNAI (MADRAS) INDIA'),('MAD','MADRID, SPAIN BARAJAS'),('MAF','MIDLAND/ODESSA TX USA'),('MAG','MADANG, PAPUA NEW GUINEA MADANG'),('MAH','MENORCA, SPAIN AEROP DE MENORCA'),('MAJ','MAJURO, MARSHALL ISLANDS INTERNATIONAL'),('MAM','MATAMOROS, TAMAULIPAS, MEXICO SERVANDO CANALES'),('MAN','MANCHESTER, ENGLAND, UNITED KINGDOM INTERNATIONAL'),('MAO','MANAUS BRAZIL'),('MAR','MARACAIBO, VENEZUELA LA CHINITA'),('MAU','MAUPITI FRENCH POLYNESIA'),('MAY','MANGROVE CAY, BAHAMAS'),('MAZ','MAYAGUEZ, PR, USA EL MAUI'),('MBA','MOMBASSA KENYA'),('MBH','MARYBOROUGH AUSTRALIA'),('MBJ','MONTENEGO BAY JAMAICA'),('MBL','MANISTEE, MI, USA MANISTEE BLACKER AIRPORT'),('MBM','MKAMBATI SOUTH AFRICA'),('MBS','SAGINAW/BAY CITY/MIDLAND MI USA'),('MBX','MARIBOR SLOVENIA'),('MCE','MERCED CA USA'),('MCG','MC GRATH, AK, USA MC GRATH'),('MCI','KANSAS CITY, MO, USA KANSAS CITY INTERNATIONAL AIR'),('MCK','MC COOK, NE, USA MUNICIPAL'),('MCL','MT. MCKINLEY AK USA'),('MCM','MONTE CARLO, MONACO HEL DE MONTE CARLO'),('MCN','MACON, GA, USA LEWIS B WILSON'),('MCO','ORLANDO, FL, USA ORLANDO INTERNATIONAL AIRPORT'),('MCP','MACAPA, AMAPA, BRAZIL'),('MCT','MUSCAT OMAN'),('MCW','MASON CITY, IA, USA MASON CITY MUNICIPAL AIRPORT'),('MCY','SUNSHINE COAST AUSTRALIA'),('MCZ','MACEIO BRAZIL'),('MDC','MANADO INDONESIA'),('MDE','MEDELLIN, COLOMBIA LA PLAYAS'),('MDH','CARBONDALE, IL, USA SOUTHERN ILLINOIS AIRPORT'),('MDQ','MAR DEL PLATA, BUENOS AIRES, ARGENTINA'),('MDT','HARRISBURG PA USA'),('MDW','CHICAGO, IL, USA MIDWAY'),('MDZ','MENDOZA ARGENTINA'),('MED','MEDINAH, SAUDI ARABIA MADINAHPRINCE MOHAMMAD BIN A'),('MEE','MARE NEW CALEDONIA'),('MEI','MERIDIAN MS USA'),('MEL','MELBOURNE, VICTORIA, AUSTRALIA TULLAMARINE'),('MEM','MEMPHIS TN USA'),('MES','MEDAN, INDONESIA POLONIA'),('MEX','MEXICO CITY MEXICO'),('MEY','MEGHAULI, NEPAL MEGHAULI'),('MEZ','MESSINA SOUTH AFRICA'),('MFE','MCALLEN TX USA'),('MFF','MOANDA GABON'),('MFG','MUZAFFARABAD PAKISTAN'),('MFN','MILFORD SOUND NEW ZEALAND'),('MFQ','MARADI NIGER'),('MFR','MEDFORD OR USA'),('MFU','MFUWE ZAMBIA'),('MGA','MANAGUA NICARAGUA'),('MGB','MOUNT GAMBIER AUSTRALIA'),('MGH','MARGATE SOUTH AFRICA'),('MGM','MONTGOMERY AL USA'),('MGQ','MOGADISHU, SOMALIA'),('MGW','MORGANTOWN WV USA'),('MHE','MITCHELL SD USA'),('MHH','MARSH HARBOUR BAHAMAS'),('MHK','MANHATTAN, KS, USA MANHATTAN MUNICIPAL'),('MHQ','MARIEHAMN, ALAND ISLAND, FINLAND'),('MHT','MANCHESTER NH USA'),('MIA','MIAMI, FL, USA MIAMI INTERNATIONAL AIRPORT'),('MID','MERIDA MEXICO'),('MIE','MUNCIE, IN, USA DELAWARE COUNTY AIRPORT'),('MIK','MIKKELI FINLAND'),('MIL','MILAN ITALY'),('MIM','MERIMBULA AUSTRALIA'),('MIR','MONASTIR TUNISIA'),('MJC','MAN IVORY COAST'),('MJD','MOENJODARO PAKISTAN'),('MJL','MOUILA GABON'),('MJN','MAJUNGA MADAGASCAR'),('MJT','MYTILENE ( LESBOS ) GREECE'),('MJV','MURCIA, SPAIN SAN JAVIER'),('MKC','KANSAS CITY, MO, USA DOWNTOWN'),('MKE','MILWAUKEE, WI, USA GENERAL MITCHELL FIELD'),('MKG','MUSKEGON MI USA'),('MKK','HOOLEHUA, HI, USA MUNICIPAL'),('MKL','JACKSON TN USA'),('MKM','MUKAH, SARAWAK, MALAYSIA'),('MKR','MEEKATHARRA AUSTRALIA'),('MKW','MANOKWARI, INDONESIA RENDANI'),('MKY','MACKAY, QUEENSLAND, AUSTRALIA MACKAY'),('MLA','LUGA MALTA'),('MLB','MELBOURNE, FL, USA MELBOURNE REGIONAL AIRPORT'),('MLE','MALE MALEDIVES'),('MLG','MALANG, INDONESIA'),('MLH','MULHOUSE, FRANCE MULHOUSE'),('MLI','MOLINE/QUAD CITIES IL USA'),('MLM','MORELIA, MICHOACAN, MEXICO MUNICIPAL'),('MLO','MILOS, GREECE MILOS'),('MLS','MILES CITY, MT, USA MILES CITY'),('MLU','MONROE LA USA'),('MLW','MONROVIA LIBERIA'),('MMA','MALMOE SWEDEN'),('MMB','MEMANBETSU, JAPAN'),('MME','TEESSIDE, ENGLAND, UNITED KINGDOM TEESSIDE'),('MMG','MOUNT MAGNET AUSTRALIA'),('MMH','MAMMOTH LAKES, CA, USA MAMMOTH LAKES AIRPORT'),('MMK','MURMANSK, RUSSIA MURMANSK'),('MMM','MIDDLEMOUNT AUSTRALIA'),('MMU','MORRISTOWN, NJ, USA MORRISTOWN'),('MMX','MALMO, SWEDEN STURUP'),('MMY','MIYAKO JIMA; HIRARA ( RYUKU ISLANDS ) JAPAN'),('MNI','MONTSERRAT, MONTSERRAT BLACKBURNE'),('MNL','MANILA, PHILIPPINES NINOY AQUINO INTERNATIONAL'),('MNM','MENOMINEE, MI, USA TWIN COUNTY AIRPORT'),('MOB','MOBILE, AL, USA MOBILE MUNICIPAL'),('MOD','MODESTO CA USA'),('MOL','MOLDE, NORWAY ARO'),('MOT','MINOT, ND, USA MINOT INTERNATIONAL AIRPORT'),('MOV','MORANBAH AUSTRALIA'),('MOW','MOSCOW - METROPOLITAN AREA RUSSIA'),('MOZ','MOOREA FRENCH POLYNESIA'),('MPA','KATIMA MULILO/MPACHA NAMIBIA'),('MPB','MIAMI, FL, USA MIAMI PUBLIC SEAPLANE BASE'),('MPD','SINDHRI PAKISTAN'),('MPL','MONTPELLIER FRANCE'),('MPM','MAPUTO, MOZAMBIQUE MAPUTO INTERNATIONAL'),('MQL','MILDURA AUSTRALIA'),('MQN','MO I RANA, NORWAY ROSSVOLL'),('MQP','NELSPRUIT KRUGER MPUMALANGA INT\'L AIRPORT ZA'),('MQQ','MOUNDOU CHAD'),('MQT','MARQUETTE MI USA'),('MRD','MERIDA, VENEZUELA ALBERTO CARNEVALLI'),('MRK','MARCO ISLAND, FL, USA'),('MRS','MARSEILLE, FRANCE MARSEILLEPROVENCE'),('MRU','MAURITIUS MAURITIUS'),('MRV','MINERALNIYE VODY RUSSIA'),('MRY','MONTEREY CA USA'),('MRZ','MOREE AUSTRALIA'),('MSJ','MISAWA, JAPAN'),('MSL','MUSCLE SHOALS / FLORENCE / SHEFFIELD, AL, USA MUSC'),('MSN','MADISON WI USA'),('MSO','MISSOULA, MT, USA MISSOULA INTERNATIONAL'),('MSP','MINNEAPOLIS ST. PAUL INT\'L AIRPORT MN USA'),('MSQ','MINSK, BELARUS MINSK'),('MSR','MUENSTER/OSNABRUECK GERMANY'),('MSS','MASSENA, NY, USA'),('MST','MAASTRICHT, NETHERLANDS ZUIDLIMBURG'),('MSU','MASERU LESOTHO'),('MSY','NEW ORLEANS, LA, USA MOISANT INTERNATIONAL AIRPORT'),('MTH','MARATHON FL USA'),('MTJ','MONTROSE, CO, USA MONTROSE COUNTY AIRPORT'),('MTL','MAITLAND AUSTRALIA'),('MTM','METLAKATLA AK USA'),('MTO','MATTOON IL USA'),('MTS','MANZINI SWAZILAND'),('MTT','MINATITLAN MEXICO'),('MTY','MONTERREY MEXICO'),('MUB','MAUN, BOTSWANA'),('MUC','MUENCHEN ( MUNICH ) GERMANY'),('MUH','MARSA MATRAH EGYPT'),('MUN','MATURIN, VENEZUELA'),('MUX','MULTAN PAKISTAN'),('MVB','MVENGUE GABON'),('MVD','MONTEVIDEO URUGUAY'),('MVN','MOUNT VERNON, IL, USA MOUNT VERNON OUTLAND AIRPORT'),('MVR','MAROUA CAMEROON'),('MVY','MARTHA\'S VINEYARD MA USA'),('MVZ','MASVINGO ZIMBABWE'),('MWA','MARION, IL, USA'),('MWD','MIANWALI PAKISTAN'),('MWH','MOSES LAKE WA USA'),('MXL','MEXICALI MEXICO'),('MXP','MILAN, ITALY MALPENSA'),('MYA','MORUYA, NEW SOUTH WALES, AUSTRALIA MORUYA'),('MYD','MALINDI KENYA'),('MYJ','MATSUYAMA JAPAN'),('MYR','MYRTLE BEACH, SC, USA'),('MYY','MIRI MALAYSIA'),('MZF','MZAMBA SOUTH AFRICA'),('MZG','MAKUNG TAIWAN'),('MZL','MANIZALES, COLOMBIA SANTAGUIDA'),('MZM','METZ FRANCE'),('MZT','MAZATLAN MEXICO'),('MZV','MULU, MALAYSIA MULU AIRPORT'),('MZZ','MANZINI SWAZILAND'),('NAA','NARRABRI AUSTRALIA'),('NAG','NAGPUR INDIA'),('NAH','NAHA, INDONESIA'),('NAK','NAKHON RATCHASIMA, THAILAND NAKHON RATCHASIMA'),('NAN','NADI, FIJI INTERNATIONAL'),('NAP','NAPLES ITALY'),('NAS','NASSAU, BAHAMAS NASSAU INTERNATIONAL AIRPORT'),('NAT','NATAL BRAZIL'),('NAY','BEIJING, CHINA'),('NBO','NAIROBI, KENYA JOMO KENYATTA INTERNATONAL'),('NCA','NORTH CAICOS, TURKS AND CAICOS ISLANDS'),('NCE','NICE, FRANCE COTE D\'AZUR'),('NCL','NEWCASTLE UNITED KINGDOM'),('NCS','NEWCASTLE SOUTH AFRICA'),('NCY','ANNECY FRANCE'),('NDB','NOUADHIBOU MAURITANIA'),('NDJ','N\'DJAMENA CHAD'),('NDU','RUNDU NAMIBIA'),('NEC','NECOCHEA, BUENOS AIRES, ARGENTINA NECOCHEA'),('NEV','NEVIS, LEEWARD ISLANDS, SAINT KITTS AND NEVIS'),('NGE','N\'GAOUNDERE CAMEROON'),('NGO','NAGOYA JAPAN'),('NGS','NAGASAKI, JAPAN NAGASAKI'),('NIC','NICOSIA CYPRUS'),('NIM','NIAMEY NIGER'),('NJC','NIZHNEVARTOVSK, RUSSIA NIZHNEVARTOVSK'),('NKC','NOUAKCHOTT, MAURITANIA NOUAKCHOTT'),('NKG','NANJING, CHINA'),('NLA','NDOLA, ZAMBIA NDOLA'),('NLD','NUEVO LAREDO MEXICO'),('NLK','NORFOLK ISLAND AUSTRALIA'),('NLP','NELSPRUIT SOUTH AFRICA'),('NNG','NANNING, CHINA'),('NOC','KNOCK IRELAND'),('NOP','LAPU LAPU PHILIPPINES'),('NOU','NOUMEA NEW CALEDONIA'),('NPL','NEW PLYMOUTH, NEW ZEALAND NEW PLYMOUTH'),('NQY','NEWQUAY, ENGLAND, UNITED KINGDOM NEWQUAY CIVIL'),('NRA','NARRANDERA AUSTRALIA'),('NRK','NORRKOEPING SWEDEN'),('NRT','TOKYO NARITA JAPAN'),('NSA','NOOSA AUSTRALIA'),('NSB','BIMINI, BAHAMAS NORTH SEAPLANE BASE'),('NSI','YAOUNDE, CAMEROON NSIMALEN'),('NSN','NELSON, NEW ZEALAND NELSON'),('NSO','SCONE AUSTRALIA'),('NTE','NANTES FRANCE'),('NTL','NEWCASTLE, NEW SOUTH WALES, AUSTRALIA WILLIAMTOWN'),('NTR','MONTERREY AEROPUERTO DEL NORTE MEXICO'),('NTY','PILANESBERG/SUN CITY SOUTH AFRICA'),('NUE','N\\FCRNBERG ( NUREMBERG ) GERMANY'),('NVT','NAVEGANTES, SANTA CATARINA, BRAZIL'),('NWA','MOHELI, COMOROS'),('NWI','NORWICH, ENGLAND, UNITED KINGDOM NORWICH'),('NYC','NEW YORK NY USA'),('OAG','ORANGE AUSTRALIA'),('OAJ','JACKSONVILLE, NC, USA'),('OAK','OAKLAND CA USA'),('OAX','OAXACA, OAXACA, MEXICO XOXOCOTLAN'),('OBO','OBIHIRO, JAPAN OBIHIRO'),('ODA','OUADDA CENTRAL AFRICAN REPUBLIC'),('ODB','CORDOBA SPAIN'),('ODE','ODENSE DENMARK'),('ODS','ODESSA, UKRAINE CENTRAL'),('ODW','OAK HARBOR, WA, USA'),('OFK','NORFOLK, NE, USA KARL STEFAN MEMORIAL AIRPORT'),('OGG','KAHULUI, HI, USA KAHULUI AIRPORT'),('OGS','OGDENSBURG, NY, USA'),('OHD','OHRID, MACEDONIA OHRID'),('OHT','KOHAT PAKISTAN'),('OIT','OITA JAPAN'),('OKA','OKINAWA, RYUKYU ISLANDS, JAPAN NAHA FIELD'),('OKC','OKLAHOMA CITY OK USA'),('OKJ','OKAYAMA, JAPAN OKAYAMA'),('OKU','MOKUTI NAMIBIA'),('OLB','OLBIA ITALY'),('OLF','WOLF POINT MT USA'),('OLM','OLYMPIA, WA, USA'),('OLP','OLYMPIC DAM AUSTRALIA'),('OMA','OMAHA NE USA'),('OMD','ORANJEMUND NAMIBIA'),('OME','NOME AK USA'),('OMO','MOSTAR BOSNIA AND HERZEGOVINA'),('OMR','ORADEA, ROMANIA ORADEA'),('OND','ONDANGWA NAMIBIA'),('ONG','MORNINGTON, QUEENSLAND, AUSTRALIA MORNINGTON IS'),('ONT','ONTARIO, CA, USA ONTARIO INTERNATIONAL'),('OOK','TOKSOOK BAY, AK, USA'),('OOL','GOLD COAST, QUEENSLAND, AUSTRALIA COOLANGATTA'),('OOM','COOMA AUSTRALIA'),('OPF','MIAMI, FL, USA OPA LOCKA'),('OPO','PORTO, PORTUGAL PORTO'),('ORB','OEREBRO SWEDEN'),('ORD','CHICAGO, IL, USA O\'HARE INTERNATIONAL AIRPORT'),('ORF','NORFOLK/VIRGINIA BEACH VA USA'),('ORH','WORCESTER, MA, USA WORCESTER /JAMES D O\'BRIEN FIEL'),('ORK','CORK IRELAND'),('ORL','ORLANDO, FL, USA HERNDON'),('ORN','ORAN ( OUAHRAN ) ALGERIA'),('ORS','ORPHEUS ISLAND AUSTRALIA'),('ORY','PARIS ORLY FRANCE'),('OSA','OSAKA, JAPAN OSAKA INTERNATIONAL'),('OSD','OSTERSUND, SWEDEN FROESOE'),('OSH','OSHKOSH, WI, USA WITTMAN FIELD'),('OSI','OSIJEK CROATIA ( HRVATSKA )'),('OSL','OSLO NORWAY'),('OTH','NORTH BEND, OR, USA'),('OTM','OTTUMWA, IA, USA OTTUMWA INDUSTRIAL AIRPORT'),('OTP','BUCHAREST, ROMANIA OTOPENI'),('OTZ','KOTZBUE AK USA'),('OUA','OUAGADOUGOU, BURKINA FASO OUAGADOUGOU'),('OUD','OUJDA MOROCCO'),('OUH','OUDTSHOORN SOUTH AFRICA'),('OUL','OULU FINLAND'),('OUZ','ZOUERATE MAURITANIA'),('OVB','NOVOSIBIRSK RUSSIA'),('OVD','ASTURIAS, SPAIN ASTURIAS'),('OWB','OWENSBORO KY USA'),('OWD','NORWOOD, MA, USA MEMORIAL CODE: OWD'),('OXB','BISSAU, GUINEABISSAU OSVALDO VIEIRA'),('OXR','OXNARD / VENTURA, CA, USA OXNARD AIRPORT'),('OZZ','OUARZAZATE MOROCCO'),('PAD','PADERBORN, GERMANY PADERBORN'),('PAH','PADUCAH KY USA'),('PAP','PORT AU PRINCE, HAITI MAIS GATE'),('PAR','PARIS FRANCE'),('PAS','PAROS, GREECE PAROS COMMUNITY'),('PAT','PATNA, INDIA PATNA'),('PAZ','POZA RICA, VERACRUZ, MEXICO'),('PBC','PUEBLA, PUEBLA, MEXICO'),('PBI','WEST PALM BEACH FL USA'),('PBM','PARAMARIBO, SURINAME ZANDERIJ INTL'),('PBO','PARABURDOO AUSTRALIA'),('PBZ','PLETTENBERG BAY SOUTH AFRICA'),('PCL','PUCALLPA, PERU CAPTAIN ROLDEN'),('PCT','PRINCETON, NJ, USA PRINCETON MUNICIPAL'),('PDG','PADANG, INDONESIA TABING'),('PDL','PONTA DELGADA, AZORES ISLANDS, PORTUGAL NORDELA'),('PDT','PENDELTON OR USA'),('PDX','PORTLAND, OR, USA PORTLAND INTERNATIONAL AIRPORT'),('PEE','PERM, RUSSIA PERM'),('PEG','PERUGIA, ITALY NA'),('PEI','PEREIRA COLOMBIA'),('PEK','BEIJING, CHINA PEKING CAPITAL AIRPORT'),('PEN','PENANG INTERNATIONAL MALAYSIA'),('PER','PERTH, WESTERN AUSTRALIA, AUSTRALIA PERTH'),('PES','PETROZAVODSK, RUSSIA PETROZAVODSK AIRPORT'),('PEW','PESHAWAR, PAKISTAN PESHAWAR'),('PFN','PANAMA CITY FL USA'),('PFO','PAPHOS, CYPRUS INTERNATIONAL'),('PGA','PAGE/LAKE POWELL AZ USA'),('PGF','PERPIGNAN, FRANCE LLABANERE'),('PGV','GREENVILLE NC USA'),('PGX','PERIGUEUX, FRANCE'),('PHC','PORT HARCOURT NIGERIA'),('PHE','PORT HEDLAND AUSTRALIA'),('PHF','NEWPORT NEWS/WILLIAMSBURG/HAMPTON, VA, USA PATRICK'),('PHL','PHILADELPHIA PA USA'),('PHO','POINT HOPE, AK, USA POINT HOPE'),('PHS','PHITSANULOK, THAILAND'),('PHW','PHALABORWA SOUTH AFRICA'),('PHX','PHOENIX AZ USA'),('PIA','PEORIA, IL, USA GREATER PEORIA AIRPORT'),('PIB','LAUREL/HATTISBURG MS USA'),('PID','NASSAU, BAHAMAS PARADISE ISLAND'),('PIE','ST PETERSBURG/CLEARWATER, FL, USA ST PETERSBURG/CL'),('PIH','POCATELLO, ID, USA'),('PIK','GLASGOW PRESTWICK UNITED KINGDOM'),('PIR','PIERRE, SD, USA PIERRE MUNICIPAL AIRPORT'),('PIT','PITTSBURGH INT\'L AIRPORT PA USA'),('PIW','PIKWITONEI, MANITOBA, CANADA'),('PJG','PANJGUR, PAKISTAN'),('PKB','PAKERSBURG WV/MARIETTA OH USA'),('PKC','PETROPAVLOVSKKAMCHATSKY, RUSSIA PETROPAVLOVSKKAMCH'),('PKE','PARKES, NEW SOUTH WALES, AUSTRALIA PARKES'),('PKR','POKHARA, NEPAL POKHARA'),('PKU','PEKANBARU, INDONESIA SIMPANG TIGA'),('PKW','SELIBI PHIKWE BOTSWANA'),('PLB','PLATTSBURGH NY USA'),('PLH','PLYMOUTH, ENGLAND, UNITED KINGDOM PLYMOUTH AIRPORT'),('PLM','PALEMBANG, INDONESIA SULTAN MAHMUD BADARUDDIN II'),('PLN','PELLSTON, MI, USA PELLSTON REGIONAL AIRPORT'),('PLO','PORT LINCOLN AUSTRALIA'),('PLQ','PALANGA, LITHUANIA PALANGA'),('PLS','PROVIDENCIALES, TURKS AND CAICOS ISLANDS'),('PLU','BELO HORIZONTE /BELO HORIZON, MINAS GERAIS, BRAZIL'),('PLW','PALU, INDONESIA MUTIARA'),('PLZ','PORT ELIZABETH, SOUTH AFRICA HF VERWOERD'),('PMC','PUERTO MONTT, CHILE TEPUAL'),('PMD','PALMDALE, CA, USA AIR FORCE 42'),('PMI','PALMA DE MALLORCA SPAIN'),('PMO','PALERMO, SICILY, ITALY PUNTA RAISI'),('PMR','PALMERSTON NORTH NEW ZEALAND'),('PMV','PORLAMAR, VENEZUELA GRAL SANTIAGO MARINO'),('PNA','PAMPLONA, SPAIN PAMPLONA NOAIN'),('PNC','PONCA CITY, OK, USA'),('PNH','PHNOM PENH, CAMBODIA POCHENTONG'),('PNI','POHNPEI, CAROLINE ISLANDS, MICRONESIA POHNPEI INTE'),('PNK','PONTIANAK, INDONESIA SUPADIO'),('PNL','PANTELLERIA, ITALY PANTELLERIA'),('PNQ','PUNE INDIA'),('PNR','POINTE NOIRE, CONGO POINTE NOIRE'),('PNS','PENSACOLA FL USA'),('POA','PORTO ALEGRE, RIO GRANDE DO SUL, BRAZIL SALGADO FI'),('POG','PORT GENTIL GABON'),('POI','POTOSI'),('POM','PORT MORESBY, PAPUA NEW GUINEA JACKSON'),('POP','PUERTO PLATA DOMINICAN REPUBLIC'),('POR','PORI, FINLAND PORI'),('POS','PORT OF SPAIN TRINIDAD'),('POU','POUGHKEEPSIE, NY, USA DUTCHESS COUNTY'),('POZ','POZNAN, POLAND LAWICA'),('PPG','PAGO PAGO, AMERICAN SAMOA INTERNATIONAL'),('PPP','PROSPERPINE AUSTRALIA'),('PPS','PUERTO PRINCESA, PHILIPPINES PUERTO PRINCESA'),('PPT','PAPEETE, FRENCH POLYNESIA INTL TAHITIFAAA'),('PQI','PRESQUE ISLAND ME USA'),('PQQ','PORT MACQUARIE, NEW SOUTH WALES, AUSTRALIA PORT MA'),('PRC','PRESCOTT, AZ, USA'),('PRG','PRAGUE, CZECH REPUBLIC RUZYNE'),('PRI','PRASLIN ISLAND, SEYCHELLES'),('PRN','PRISTINA YUGOSLAVIA'),('PRY','PRETORIA SOUTH AFRICA'),('PSA','PISA ITALY'),('PSC','PASCO WA USA'),('PSE','PONCE PUERTO RICO'),('PSG','PETERSBURG, AK, USA MUNICIPAL'),('PSI','PASNI PAKISTAN'),('PSM','PORTSMOUTH, NH, USA PEASE INTL TRADEPORT'),('PSO','PASTO, COLOMBIA CANO'),('PSP','PALM SPRINGS, CA, USA PALM SPRINGS MUNICIPAL'),('PSR','PESCARA ITALY'),('PSZ','PUERTO SUAREZ, BOLIVIA'),('PTF','MALOLOLAILAI, FIJI MALOLOLAILAI'),('PTG','PIETERSBURG, SOUTH AFRICA'),('PTJ','PORTLAND AUSTRALIA'),('PTP','POINTE A PITRE GUADELOUPE'),('PTY','PANAMA CITY, PANAMA TOCUMEN INTERNATIONAL AIRPORT'),('PUB','PUEBLO CO USA'),('PUF','PAU FRANCE'),('PUG','PORT AUGUSTA AUSTRALIA'),('PUJ','PUNTA CANA DOMINICAN REPUBLIC'),('PUQ','PUNTA ARENAS, CHILE PRESIDENTE IBANEZ'),('PUS','PU SAN SOUTH KOREA'),('PUW','PULLMAN, WA, USA PULLMAN'),('PUY','PULA CROATIA ( HRVATSKA )'),('PUZ','PUERTO CABEZAS, NICARAGUA PUERTO CABEZAS'),('PVC','PROVINCETOWN, MA, USA PROVINCETOWN MUNICIPAL AIRPO'),('PVD','PROVIDENCE, RI, USA TF GREEN STATE AIRPORT'),('PVG','SHANGHAI, CHINA - PUDONG SHANGHAI AIRPORT'),('PVH','PORTO VELHO BRAZIL'),('PVK','PREVEZA/LEFKAS GREECE'),('PVR','PUERTO VALLARTA MEXICO'),('PVU','PROVO, UT, USA PROVO'),('PWK','CHICAGO, IL, USA PALWAUKEE AIRPORT'),('PWM','PORTLAND, ME, USA PORTLAND INTERNATIONAL JETPORT'),('PWT','BREMERTON, WA, USA MUNICIPAL'),('PXM','PUERTO ESCONDIDO, OAXACA, MEXICO'),('PXO','PORTO SANTO PORTUGAL'),('PYX','PATTAYA THAILAND'),('PZB','PIETERMARITZBURG SOUTH AFRICA'),('PZE','PENZANCE, ENGLAND, UNITED KINGDOM PENZANCE'),('PZH','ZHOB PAKISTAN'),('PZO','PUERTO ORDAZ VENEZUELA'),('QBF','VAIL/EAGLE, CO, USA'),('QDU','DUESSELDORF, GERMANY MAIN TRAIN STATION'),('QGF','MONTENEGRO BRAZIL'),('QJU','KANPUR INDIA'),('QKB','BRECKENRIDGE, CO, USA'),('QKL','COLOGNE, GERMANY TRAIN MAIN RAILROAD STATION'),('QLI','LIMASSOL CYPRUS'),('QML','MIRPUR PAKISTAN'),('QNB','ANAND INDIA'),('QND','NOVI SAD YUGOSLAVIA'),('QRO','QUERETARO, QUERETARO, MEXICO'),('QSY','SYDNEY, NEW SOUTH WALES, AUSTRALIA'),('RAB','RABAUL, PAPUA NEW GUINEA LAKUNAI'),('RAI','PRAIA CAPE VERDE'),('RAJ','RAJKOT INDIA'),('RAK','MARRAKECH, MOROCCO MENARA'),('RAP','RAPID CITY SD USA'),('RAR','RAROTONGA, COOK ISLANDS RAROTONGA'),('RAZ','RAWALA KOT PAKISTAN'),('RBA','RABAT MOROCCO'),('RBR','RIO BRANCO BRAZIL'),('RCB','RICHARDS BAY SOUTH AFRICA'),('RCE','ROCHE HARBOR, WA, USA ROCHE HARBOR'),('RDD','REDDING, CA, USA REDDING MUNICIPAL AIRPORT'),('RDG','READING PA USA'),('RDM','REDMOND OR USA'),('RDU','RALEIGH/DURHAM NC USA'),('RDZ','RODEZ FRANCE'),('REC','RECIFE BRAZIL'),('REG','REGGIO CALABRIA, ITALY TITO MENNITI'),('REK','REYKJAVIK ICELAND'),('REL','TRELEW, CHUBUT, ARGENTINA'),('RES','RESISTENCIA, CHACO, ARGENTINA'),('REU','REUS, SPAIN REUS'),('REX','REYNOSA, TAMAULIPAS, MEXICO GENERAL LUCIO BLANCO A'),('RFD','ROCKFORD, IL, USA GREATER ROCKFORD'),('RFP','RAIATEA FRENCH POLYNESIA'),('RGA','RIO GRANDE, TIERRA DEL FUEGO, ARGENTINA'),('RGI','RANGIROA FRENCH POLYNESIA'),('RGL','RIO GALLEGOS, SANTA CRUZ, ARGENTINA RIO GALLEGOSIN'),('RGN','YANGON, MYANMAR MINGALADON'),('RHI','RHINELANDER WI USA'),('RHO','RHODES, GREECE PARADISI'),('RIB','RIBERALTA BOLIVIA'),('RIC','RICHMOND VA USA'),('RIO','RIO DE JANEIRO, RIO DE JANEIRO, BRAZIL'),('RIW','RIVERTON, WY, USA RIVERTON REGIONAL AIRPORT'),('RIX','RIGA, LATVIA RIGA'),('RJK','RIJEKA CROATIA ( HRVATSKA )'),('RKD','ROCKLAND ME USA'),('RKS','ROCK SPRINGS, WY, USA ROCK SPRINGS SWEETWATER CTY'),('RKT','RAS AL KHAYMAH UAE'),('RKV','REYKJAVIK, ICELAND REYKJAVIK DOMESTIC AIRPORT'),('RLT','ARLIT NIGER'),('RMA','ROMA, QUEENSLAND, AUSTRALIA ROMA'),('RMI','RIMINI ITALY'),('RNB','RONNEBY SWEDEN'),('RNE','ROANNE FRANCE'),('RNN','ROENNE DENMARK'),('RNO','RENO, NV, USA RENOCANNON INTERNATIONAL APT'),('RNS','RENNES FRANCE'),('ROA','ROANOKE, VA, USA ROANOKE REGIONAL AIRPORT'),('ROC','ROCHESTER NY USA'),('ROK','ROCKHAMPTON AUSTRALIA'),('ROM','ROME ITALY'),('ROP','ROTA, NORTHERN MARIANA ISLANDS ROTA'),('ROR','KOROR, PALAU AIRAI'),('ROS','ROSARIO, SANTA FE, ARGENTINA FISHERTON'),('ROT','ROTORUA NEW ZEALAND'),('ROU','RUSE BULGARIA'),('ROV','ROSTOV, RUSSIA ROSTOV'),('ROW','ROSWELL, NM, USA INDUSTRIAL AIR CENTER'),('RPR','RAIPUR, INDIA'),('RRG','RODRIGUES ISLAND, MAURITIUS RODRIGUES'),('RSA','SANTA ROSA, LA PAMPA, ARGENTINA'),('RSD','ROCK SOUND, BAHAMAS'),('RST','ROCHESTER MN USA'),('RSU','YOSU, SOUTH KOREA YOSU AIRPORT'),('RSW','FORT MYERS, FL, USA REGIONAL SOUTHWEST AIRPORT'),('RTB','ROATAN HONDURAS'),('RTM','ROTTERDAM, NETHERLANDS ROTTERDAM'),('RUH','RIYADH SAUDI ARABIA'),('RUI','RUIDOSO, NM, USA'),('RUN','STDENIS DE LA REUNION, REUNION GILLOT'),('RUT','RUTLAND, VT, USA'),('RVN','ROVANIEMI FINLAND'),('RWI','ROCKY MOUNT - WILSON NC USA'),('RWP','RAWALPINDI PAKISTAN'),('RYK','RAHIM YAR KHAN PAKISTAN'),('SAB','SABA ISLAND, NETHERLANDS ANTILLES'),('SAF','SANTA FE, NM, USA SANTA FE MUNICIPAL AIRPORT'),('SAH','SANAA, YEMEN INTERNATIONAL'),('SAL','SAN SALVADOR EL SALVADOR'),('SAN','SAN DIEGO, CA, USA LINDBERGH INTERNATIONAL AIRPORT'),('SAO','SAO PAULO BRAZIL'),('SAP','SAN PEDRO SULA HONDURAS'),('SAT','SAN ANTONIO, TX, USA SAN ANTONIO INTERNATIONAL'),('SAV','SAVANNAH GA USA'),('SAY','SALISBURY ZIMBABWE'),('SBA','SANTA BARBARA CA USA'),('SBH','ST BARTHELEMY, GUADELOUPE'),('SBK','SAINT BRIEUC FRANCE'),('SBN','SOUTH BEND IN USA'),('SBP','SAN LUIS OBISPO, CA, USA SAN LUIS OBISPO COUNTY AI'),('SBU','SPRINGBOK SOUTH AFRICA'),('SBW','SIBU MALAYSIA'),('SBY','SALISBURY, MD, USA SALISBURYWICOMICO COUNTY ARPT'),('SCC','PRUDHOE BAY AK USA'),('SCE','STATE COLLEGE/BELEFONTE PA USA'),('SCF','SCOTTSDALE AZ USA'),('SCK','STOCKTON CA USA'),('SCL','SANTIAGO DE CHILE; ARTURO MERINO BENITEZ CHILE'),('SCN','SAARBRUECKEN, GERMANY ENSHEIM'),('SCQ','SANTIAGO DE COMPOSTELA SPAIN'),('SCU','SANTIAGO, CUBA SANTIAGOANTONIO MACEO CUBA'),('SDA','BAGDAD SADDAM INTERNATIONAL IRAQ'),('SDF','LOUISVILLE, KY, USA STANDIFORD FIELD'),('SDJ','SENDAI JAPAN'),('SDK','SANDAKAN, SABAH, MALAYSIA'),('SDL','SUNDSVALL, SWEDEN SUNDSVALL'),('SDN','SANDANE, NORWAY'),('SDQ','SANTO DOMINGO, DOMINICAN REPUBLIC LAS AMERICAS'),('SDR','SANTANDER SPAIN'),('SDT','SAIDU SHARIF PAKISTAN'),('SDU','RIO DE JANEIRO SANTOS DUMONT BRAZIL'),('SDX','SEDONA, AZ, USA'),('SDY','SIDNEY, MT, USA'),('SEA','SEATTLE/TACOMA WA USA'),('SEB','SEHBA LIBYA'),('SEL','SEOUL KIMPO SOUTH KOREA'),('SEN','SOUTHEND UNITED KINGDOM'),('SEZ','MAHE SEYCHELLES'),('SFA','SFAX, TUNISIA SFAX AIRPORT'),('SFG','ST.MARTIN ST. MARTIN'),('SFJ','KANGERLUSSUAQ, GREENLAND SONDRE STROMFJORD'),('SFN','SANTA FE, SANTA FE, ARGENTINA'),('SFO','SAN FRANCISCO, CA, USA SAN FRANCISCO INTL AIRPORT'),('SFT','SKELLEFTEA, SWEDEN SKELLEFTEA'),('SGC','SURGUT, RUSSIA'),('SGD','SONDERBORG, DENMARK SONDERBORG'),('SGF','SPRINGFIELD MO USA'),('SGN','HO CHI MINH CITY, VIETNAM TAN SON NHUT'),('SGO','ST GEORGE, QUEENSLAND, AUSTRALIA ST GEORGE'),('SGU','SAINT GEORGE, UT, USA ST GEORGE'),('SGY','SKAGWAY AK USA'),('SHA','SHANGHAI, CHINA - SHANGHAI INTL /HONGQIAO/'),('SHC','INDASELASSIE, ETHIOPIA'),('SHD','STAUNTON, VA, USA SHENANDOAH VALLEY REGIONAL'),('SHE','SHENYANG LIAONING CHINA'),('SHJ','SHARJAH, UNITED ARAB EMIRATES SHARJAH'),('SHO','SOKCHO, SOUTH KOREA'),('SHR','SHERIDAN, WY, USA SHERIDAN COUNTY AIRPORT'),('SHV','SHREVEPORT LA USA'),('SID','SAL, CAPE VERDE AMILCAR CABRAL INTERNATIONAL'),('SIN','SINGAPORE CHANGI SINGAPORE'),('SIP','SIMFEROPOL, UKRAINE SIMFEROPOL'),('SIS','SISHEN SOUTH AFRICA'),('SIT','SITKA AK USA'),('SIX','SINGLETON AUSTRALIA'),('SJC','SAN JOSE CA USA'),('SJD','SAN JOSE DEL CABO, BAJA CALIFORNIA SUR, MEXICO LOS'),('SJI','SAN JOSE, PHILIPPINES MCGUIRE FIELD'),('SJJ','SARAJEVO, BOSNIA AND HERZEGOWINA BUTMIR'),('SJO','SAN JOSE COSTA RICA (JUAN SANTAMARIA)'),('SJT','SAN ANGELO, TX, USA'),('SJU','SAN JUAN PUERTO RICO'),('SJW','SHIJIAZHUANG, CHINA SHIJIAZHUANG'),('SJY','SEINAEJOKI FINLAND'),('SKB','ST.KITTS ST. KITTS AND NEVIS'),('SKD','SAMARKAND, UZBEKISTAN'),('SKG','SALONIKI GREECE'),('SKP','SKOPJE, MACEDONIA SKOPJE'),('SKS','SKRYDSTRUP DENMARK'),('SKZ','SUKKUR PAKISTAN'),('SLA','SALTA, SALTA, ARGENTINA INTERNATIONAL'),('SLC','SALT LAKE CITY, UT, USA SALT LAKE CITY INTERNATION'),('SLE','SALEM OR USA'),('SLK','SARANAC LAKE, NY, USA ADIRONDACK'),('SLL','SALALAH OMAN'),('SLN','SALINA, KS, USA SALINA MUNICIPAL'),('SLP','SAN LUIS POTOSI, SAN LUIS POTOSI, MEXICO'),('SLS','SILISTRA BULGARIA'),('SLU','ST.LUCIA VIGLE ST. LUCIA'),('SLW','SALTILLO, COAHUILA, MEXICO SALTILLO'),('SLZ','SAO LUIZ, MARANHAO, BRAZIL TIRIRICAL'),('SMA','SANTA MARIA PORTUGAL'),('SMF','SACRAMENTO CA USA'),('SMI','SAMOS GREECE'),('SML','STELLA MARIS, BAHAMAS'),('SMM','SEMPORNA, SABAH, MALAYSIA SEMPORNA'),('SMS','ST MARIE, MADAGASCAR'),('SMX','SANTA MARIA, CA, USA SANTA MARIA PUBLIC AIRPORT'),('SNA','ORANGE COUNTY ( SANTA ANA ) CA USA'),('SNB','SNAKE BAY, NORTHERN TERRITORY, AUSTRALIA'),('SNC','SALINAS ECUADOR'),('SNN','SHANNON ( LIMERICK ) IRELAND'),('SNO','SAKON NAKHON, THAILAND'),('SNS','SALINAS CA USA'),('SOF','SOFIA BULGARIA'),('SOG','SOGNDAL, NORWAY HAUKASEN'),('SOI','SOUTH MOLLE ISLAND AUSTRALIA'),('SOM','SAN TOME, VENEZUELA'),('SON','SANTO VANUATU'),('SOP','SOUTHERN PINES, NC, USA PINEHURST'),('SOT','SODANKYLAE FINLAND'),('SOU','SOUTHAMPTON - EASTLEIGH UNITED KINGDOM'),('SOW','SHOW LOW, AZ, USA'),('SPB','ST THOMAS ISLAND, VI, USA SEAPLANE BASE'),('SPC','SANTA CRUZ LA PALMA, CANARY ISLANDS, SPAIN LA PALM'),('SPD','SAIDPUR, BANGLADESH'),('SPI','SPRINGFIELD, IL, USA CAPITAL AIRPORT'),('SPK','SAPORRO JAPAN'),('SPN','SAIPAN NORTHERN MARIANA ISLANDS'),('SPR','SAN PEDRO, BELIZE SAN PEDRO'),('SPS','WICHITA FALLS, TX, USA WICHITA FALLS MUNICIPAL'),('SPU','SPLIT CROATIA ( HRVATSKA )'),('SPW','SPENCER, IA, USA SPENCER MUNICIPAL AIRPORT'),('SPY','SAN PEDRO IVORY COAST'),('SRE','SUCRE BOLIVIA'),('SRQ','SARASOTA/BRADENTON, FL, USA SARASOTABRADENTON'),('SRZ','SANTA CRUZ DE LA SIERRA BOLIVIA (EL TROMPILLO)'),('SSA','SALVADOR BRAZIL'),('SSB','ST CROIX ISLAND, VI, USA SEA PLANE BASE'),('SSG','MALABO, EQUATORIAL GUINEA SANTA ISABEL'),('SSH','SHARM EL SHEIK EGYPT'),('SSJ','SANDNESSJOEN, NORWAY STOKKA'),('SSQ','LA SARRE, QUEBEC, CANADA'),('STC','SAINT CLOUD, MN, USA SAINT CLOUD'),('STD','SANTO DOMINGO, VENEZUELA MAYOR HUMBERTO VIVAS GUER'),('STI','SANTIAGO, DOMINICAN REPUBLIC MUNICIPAL'),('STL','ST LOUIS, MO, USA LAMBERTST LOUIS INTERNATL'),('STM','SANTAREM, PARA, BRAZIL'),('STN','LONDON, ENGLAND, UNITED KINGDOM STANSTED'),('STO','STOCKHOLM METROPOLITAN AREA SWEDEN'),('STP','ST PAUL, MN, USA DOWNTOWN AIRPORT'),('STR','STUTTGART, GERMANY ECHTERDINGEN'),('STS','SANTA ROSA CA USA'),('STT','ST THOMAS ISLAND, VI, USA CYRIL E KING ARPT'),('STV','SURAT INDIA'),('STX','ST.CROIX VIRGIN ISLANDS'),('SUB','SURABAYA, INDONESIA JUANDA AIRPORT'),('SUE','STURGEON BAY, WI, USA'),('SUF','LAMEZIA TERME ITALY'),('SUL','SUI PAKISTAN'),('SUM','AGANA GUAM'),('SUN','SUN VALLEY/HAILEY, ID, USA'),('SUV','NAUSORI FIJI/SUVA'),('SUX','SIOUX CITY INTERNATIONAL, IA, USA'),('SVD','ST.VINCENT ST. VINCENT'),('SVG','STAVANGER, NORWAY SOLA'),('SVL','SAVONLINNA FINLAND'),('SVO','MOSCOW, RUSSIA SHEREMETYEVO'),('SVQ','SEVILLA SPAIN'),('SVU','SAVUSAVU, FIJI SAVUSAVU'),('SVX','EKATERINBURG, RUSSIA'),('SVZ','SAN ANTONIO, VENEZUELA'),('SWA','SHANTOU, CHINA'),('SWF','NEWBURGH/POUGHKEEPSIE, NY, USA STEWART'),('SWP','SWAKOPMUND NAMIBIA'),('SWQ','SUMBAWA ISLAND, INDONESIA BRANG BIDJI'),('SXB','STRASBOURG, FRANCE ENTZHEIM'),('SXF','BERLIN, GERMANY SCHOENEFELD'),('SXL','SLIGO, IRELAND COLLOONEY'),('SXM','ST.MARTEEN NETHERLANDS ANTILLES'),('SXR','SRINAGAR, INDIA'),('SYD','SYDNEY AUSTRALIA'),('SYO','SHONAI, JAPAN SHONAI'),('SYR','SYRACUSE, NY, USA HANCOCK INTERNATIONAL'),('SYX','SANYA, CHINA'),('SYY','STORNOWAY, SCOTLAND, UNITED KINGDOM STORNOWAY'),('SYZ','SHIRAZ, IRAN SHIRAZ'),('SZB','KUALA LUMPUR - SUBANG, MALAYSIA'),('SZG','SALZBURG AUSTRIA'),('SZK','SKUKUZA SOUTH AFRICA'),('SZX','SHENZHEN GUANGDONG CHINA'),('SZZ','SZCZECIN, POLAND GOLENIOW'),('TAB','TOBAGO TOBAGO'),('TAC','TACLOBAN, PHILIPPINES DZ ROMUALDEZ'),('TAE','TAEGU, SOUTH KOREA'),('TAG','TAGBILARAN, PHILIPPINES TAGBILARAN'),('TAI','TAIZ, YEMEN ALJANAD'),('TAK','TAKAMATSU JAPAN'),('TAM','TAMPICO MEXICO'),('TAO','QINGDAO SHANDONG CHINA'),('TAP','TAPACHULA, CHIAPAS, MEXICO TAPACHULA INTERNATIONAL'),('TAS','TASHKENT, UZBEKISTAN TASHKENT'),('TAT','TATRY/POPRAD, SLOVAKIA TATRY/POPRAD'),('TAY','TAIPEI SUNGSHAN TAIWAN'),('TBN','FT LEONARD WOOD, MO, USA FORNEY FIELD'),('TBP','TUMBES, PERU TUMBES'),('TBS','TBILISI, GEORGIA NOVO ALEXEYEVKA'),('TBT','TABATINGA, AMAZONAS, BRAZIL'),('TBU','NUKU ALOFA/TONGATAPU, TONGA INTERNATIONAL'),('TCA','TENNANT CREEK AUSTRALIA'),('TCB','TREASURE CAY BAHAMAS'),('TCI','TENERIFFA SPAIN'),('TCL','TUSCALOOSA, AL, USA VAN DE GRAFF'),('TCU','THABA\'NCHU SOUTH AFRICA'),('TDD','TRINIDAD BOLIVIA'),('TED','THISTED, DENMARK'),('TEM','TEMORA AUSTRALIA'),('TER','TERCEIRA PORTUGAL'),('TEU','TE ANAU NEW ZEALAND'),('TEX','TELLURIDE CO USA'),('TEZ','TEZPUR, INDIA SALONBARI'),('TFN','TENERIFE, CANARY ISLANDS, SPAIN TENERIFE NORTE LOS'),('TFS','REINA SOFIA TENERIFFA/SPAIN'),('TGD','PODGORICA, YUGOSLAVIA GOLUBOVCI'),('TGG','KUALA TERENGGANU, MALAYSIA SULTAN MAHMOOD'),('TGM','TIRGU MURES, ROMANIA TIRGU MURES'),('TGU','TEGUCIGALPA, HONDURAS TONCONTIN'),('TGV','TARGOVISHTE BULGARIA'),('TGZ','TUXTLA GUTIERREZ MEXICO'),('THE','TERESINA, PIAUI, BRAZIL TERESINA'),('THF','BERLIN, GERMANY TEMPELHOF'),('THR','TEHRAN, IRAN MEHRABAD'),('THU','PITUFFIK, GREENLAND THULE AIRPORT'),('TIA','TIRANA, ALBANIA RINAS'),('TIF','TAIF SAUDI ARABIA'),('TIJ','TIJUANA MEXICO'),('TIP','TRIPOLI LIBYA'),('TIQ','TINIAN, NORTHERN MARIANA ISLANDS TINIAN'),('TIS','THURSDAY ISLAND, QUEENSLAND, AUSTRALIA HORN ISLAND'),('TIV','TIVAT YUGOSLAVIA'),('TIZ','TARI, PAPUA NEW GUINEA'),('TJA','TARIJA, BOLIVIA'),('TJM','TYUMEN, RUSSIA TYUMEN'),('TKA','TALKEETNA AK USA'),('TKK','TRUK, CAROLINE ISLANDS, MICRONESIA TRUK'),('TKQ','KIGOMA, TANZANIA'),('TKS','TOKUSHIMA, JAPAN TOKUSHIMA'),('TKU','TURKU FINLAND'),('TLH','TALLAHASSEE, FL, USA'),('TLL','TALLINN ESTONIA'),('TLS','TOULOUSE, FRANCE BLAGNAC'),('TLV','TEL AVIV ISRAEL'),('TMP','TAMPERE, FINLAND TAMPEREPIRKKALA'),('TMS','SAO TOME SAO TOME & PRINCIPE'),('TMW','TAMWORTH AUSTRALIA'),('TMZ','TERMEZ ( TERMES ) UZBEKISTAN'),('TNA','JINAN SHANDONG CHINA'),('TNG','TANGER MOROCCO'),('TNR','ANTANANARIVO ( TANANNARIVE ) MADAGASCAR'),('TOD','TIOMAN INDONESIA'),('TOL','TOLEDO OH USA'),('TOS','TROMSO, NORWAY TROMSO/LANGES'),('TOU','TOUHO NEW CALEDONIA'),('TOY','TOYAMA, JAPAN TOYAMA'),('TPA','TAMPA, FL, USA TAMPA INTERNATIONAL'),('TPE','TAIPEI CHIANG KAI SHEK TAIWAN'),('TPL','TEMPLE, TX, USA'),('TPP','TARAPOTO, PERU TARAPOTO'),('TPQ','TEPIC, NAYARIT, MEXICO'),('TPR','TOM PRICE AUSTRALIA'),('TPS','TRAPANI ITALY'),('TRC','TORREON, COAHUILA, MEXICO'),('TRD','TRONDHEIM, NORWAY TRONDHEIMVAERNES'),('TRE','TIREE, SCOTLAND, UNITED KINGDOM TIREE ISLAND'),('TRF','SANDEFJORD, NORWAY TORF'),('TRG','TAURANGA, NEW ZEALAND TAURANGA'),('TRI','BRISTOL/JOHNSON CITY/KINGSPORT, TN, USA MUNICIPAL'),('TRK','TARAKAN, INDONESIA TARAKAN'),('TRN','TURIN, ITALY CASELLE'),('TRO','TAREE AUSTRALIA'),('TRS','TRIESTE ITALY'),('TRU','TRUJILLO, PERU TRUJILLO'),('TRV','TRIVANDRUM, INDIA TRIVANDRUM'),('TRZ','TIRUCHIRAPALLY INDIA'),('TSA','TAIPEI, TAIWAN SUNG SHAN'),('TSB','TSUMEB NAMIBIA'),('TSF','TREVISO ITALY'),('TSN','TIANJIN CHINA'),('TSR','TIMISOARA, ROMANIA TIMISOARA'),('TSS','NEW YORK, NY, USA EAST 34TH STREET HELIPORT'),('TSV','TOWNSVILLE, QUEENSLAND, AUSTRALIA TOWNSVILLE'),('TTE','TERNATE, INDONESIA BABULLAH'),('TTJ','TOTTORI, JAPAN TOTTORI'),('TTN','TRENTON, NJ, USA MERCER COUNTY'),('TUC','TUCUMAN, TUCUMAN, ARGENTINA BENJAMIN MATIENZO'),('TUF','TOURS, FRANCE ST SYMPHORIEN'),('TUK','TURBAT PAKISTAN'),('TUL','TULSA OK USA'),('TUN','TUNIS, TUNISIA CARTHAGE'),('TUO','TAUPO, NEW ZEALAND TAUPO'),('TUP','TUPELO, MS, USA CD LEMONS MUNICIPAL'),('TUS','TUCSON AZ USA'),('TUU','TABUK SAUDI ARABIA'),('TVC','TRAVERSE CITY MI USA'),('TVF','THIEF RIVER FALLS, MN, USA THIEF RIVER FALLS MUNIC'),('TVL','LAKE TAHOE CA USA'),('TWB','TOOWOOMBA, QUEENSLAND, AUSTRALIA TOOWOOMBA'),('TWF','TWIN FALLS ID USA'),('TWU','TAWAU MALAYSIA'),('TXK','TEXARKANA AR USA'),('TXL','BERLIN TEGEL GERMANY'),('TXN','TUNXI, CHINA'),('TYN','TAIYUAN, CHINA'),('TYO','TOKYO JAPAN'),('TYR','TYLER TX USA'),('TYS','KNOXVILLE, TN, USA MCGHEE TYSON'),('TZA','BELIZE CITY, BELIZE BELIZE MUNICIPAL'),('TZN','SOUTH ANDROS, BAHAMAS CONGO TOWN'),('TZX','TRABZON, TURKEY TRABZON'),('UAK','NARSARSUAQ, GREENLAND NARSSARSSUAQ'),('UAQ','SAN JUAN, SAN JUAN, ARGENTINA'),('UBJ','UBE, JAPAN'),('UCA','UTICA, NY, USA ONEIDA COUNTY'),('UDI','UBERLANDIA MG BRAZIL'),('UDR','UDAIPUR, INDIA'),('UEE','QUEENSTOWN AUSTRALIA'),('UEL','QUELIMANE, MOZAMBIQUE'),('UET','QUETTA, PAKISTAN'),('UGC','URGENCH, UZBEKISTAN'),('UIB','QUIBDO, COLOMBIA'),('UIN','QUINCY, IL, USA BALDWIN FIELD'),('UIO','QUITO ECUADOR'),('UIP','QUIMPER, FRANCE PLUGUFFAN'),('UKB','KOBE JAPAN'),('UKY','KYOTO JAPAN'),('ULD','ULUNDI SOUTH AFRICA'),('ULN','ULAN BATOR MONGOLIA'),('ULU','ULAN UDE RUSSIA'),('ULY','ULYANOVSK, RUSSIA ULYANOYSK'),('UME','UMEA, SWEDEN UMEA'),('UMR','WOOMERA, SOUTH AUSTRALIA, AUSTRALIA WOOMERA'),('UNT','UNST SHETLAND ISLANDS, SCOTLAND, UNITED KINGDOM'),('UPG','UJUNG PANDANG, INDONESIA HASANUDIN'),('UPN','URUAPAN, MICHOACAN, MEXICO'),('URC','URUMQI, CHINA'),('URO','ROUEN, FRANCE ROUEN /BOOS AIRPORT'),('URT','SURAT THANI, THAILAND'),('USH','USHUAIA, TIERRA DEL FUEGO, ARGENTINA'),('USM','KOH SAMUI, THAILAND'),('USN','ULSAN, SOUTH KOREA'),('UTH','UDON THANI, THAILAND UDON'),('UTN','UPINGTON, SOUTH AFRICA MUNICIPAL'),('UTP','UTAPAO ( PATTAYA ) THAILAND'),('UTT','UMTATA SOUTH AFRICA'),('UUD','ULANUDE, RUSSIA'),('UVE','OYEM GABON/LOYAUTTE'),('UVF','ST.LUCIA HEWANORRA ST. LUCIA'),('UVL','NEW VALLEY EGYPT'),('VAA','VAASA FINLAND'),('VAP','VALPARAISO CHILE'),('VAR','VARNA BULGARIA'),('VAS','SIVAS, TURKEY SIVAS'),('VBY','VISBY, SWEDEN VISBY'),('VCE','VENICE ITALY'),('VCP','SAO PAULO VIRACOPOS BRAZIL'),('VCT','VICTORIA, TX, USA'),('VDA','ELAT OVULA ISRAEL'),('VDE','VALVERDE SPAIN'),('VDS','VADSO, NORWAY VADSO'),('VDZ','VALDEZ, AK, USA'),('VEK','VELIKIYE LUKI (WELIKIJE LUKI) RUSSIA'),('VEL','VERNAL UT USA'),('VER','VERACRUZ MEXICO'),('VEY','VESTMANNAEYJAR, ICELAND VESTMANNAEYJAR'),('VFA','VICTORIA FALLS, ZIMBABWE'),('VGO','VIGO SPAIN'),('VGT','LAS VEGAS, NV, USA NORTH AIR TERMINAL'),('VID','VIDIN BULGARIA'),('VIE','WIEN ( VIENNA ) AUSTRIA'),('VIJ','VIRGIN GORDA, VIRGIN ISLANDS (BRITISH)'),('VIS','VISALIA CA USA'),('VIT','VITORIA, SPAIN VITORIA'),('VIX','VITORIA BRAZIL'),('VKO','MOSCOW, RUSSIA VNUKOVO'),('VLC','VALENCIA SPAIN'),('VLD','VALDOSTA, GA, USA VALDOSTA REGIONAL'),('VLG','VILLA GESELL, BUENOS AIRES, ARGENTINA VILLA GESELL'),('VLI','PORT VILA, VANUATU BAUERFIELD'),('VLL','VALLADOLID SPAIN'),('VLM','VILLAMONTES BOLIVIA'),('VLN','VALENCIA VENEZUELA'),('VNO','VILNIUS, LITHUANIA VILNIUS AIRPORT'),('VNS','VARANASI INDIA'),('VOG','VOLGOGRAD, RUSSIA VOLGOGRAD'),('VPS','VALPARAISO, FL, USA FORT WALTON BEACH'),('VRA','VARADERO, CUBA JUAN GUALBERTO GOMEZ'),('VRB','VERO BEACH/FT. PIERCE FL USA'),('VRK','VARKAUS, FINLAND VARKAUS'),('VRN','VERONA ITALY'),('VSA','VILLAHERMOSA, TABASCO, MEXICO CARLOS R PEREZ'),('VSG','LUGANSK, UKRAINE'),('VST','VASTERAS, SWEDEN HASSLO'),('VTE','VIENTIANE LAOS'),('VTZ','VISHAKHAPATNAM, INDIA VISHAKHAPATNAM'),('VUP','VALLEDUPAR, COLOMBIA'),('VVI','SANTA CRUZ, BOLIVIA VIRU VIRU INTERNATIONAL'),('VVO','VLADIVOSTOK, RUSSIA VLADIVOSTOK AIRPORT'),('VXO','VAXJO, SWEDEN VAXJO'),('VYD','VRYHEID SOUTH AFRICA'),('WAS','WASHINGTON DC USA'),('WAT','WATERFORD, IRELAND'),('WAW','WARSAW, POLAND OKECIE'),('WBU','BOULDER, CO, USA'),('WDG','ENID, OK, USA WOODRING MUNICIPAL'),('WDH','WINDHOEK, NAMIBIA JG STRIJDOM'),('WEI','WEIPA AUSTRALIA'),('WEL','WELKOM SOUTH AFRICA'),('WGA','WAGGA AUSTRALIA'),('WGE','WALGETT, NEW SOUTH WALES, AUSTRALIA WALGETT'),('WHK','WHAKATANE NEW ZEALAND'),('WHM','WICKHAM AUSTRALIA'),('WIC','WICK UNITED KINGDOM'),('WIE','WIESBADEN AIR BASE GERMANY'),('WIL','NAIROBI, KENYA WILSON ARPT'),('WIN','WINTON, QUEENSLAND, AUSTRALIA WINTON'),('WLB','LABOUCHERE BAY AK USA'),('WLG','WELLINGTON NEW ZEALAND'),('WLS','WALLIS WALLIS AND FUTUNA ISLANDS'),('WMB','WARRNAMBOOL AUSTRALIA'),('WMH','MOUNTAIN HOME, AR, USA'),('WNA','NAPAKIAK, AK, USA NAPAKIAK'),('WNS','NAWAB SHAH PAKISTAN'),('WOL','WOLLONGONG AUSTRALIA'),('WRE','WHANGAREI NEW ZEALAND'),('WRG','WRANGELL AK USA'),('WRI','WRIGHTSTOWN NJ [MCGUIRE AIR FORCE BASE] USA'),('WRL','WORLAND, WY, USA WORLAND'),('WRO','WROCLAW, POLAND STRACHOWICE'),('WUH','WUHAN HUBEI CHINA'),('WUN','WILUNA AUSTRALIA'),('WVB','WALVIS BAY SOUTH AFRICA'),('WYA','WHYALLA AUSTRALIA'),('WYN','WYNDHAM AUSTRALIA'),('WYS','WEST YELLOWSTONE MT USA'),('XAW','CAPREOL, ONTARIO, CANADA CAPREOL / VIA RAIL SERVIC'),('XAZ','CAMBELLTON, NEW BRUNSWICK, CANADA CAMPBELLTON'),('XBR','BROCKVILLE, ONTARIO, CANADA'),('XCI','CHAMBORD, QUEBEC, CANADA CHAMBORD / VIA RAIL SERVI'),('XCM','CHATHAM, ONTARIO, CANADA'),('XDL','CHANDLER, QUEBEC, CANADA CHANDLER / VIA RAIL SERVI'),('XDM','DRUMMONDVILLE, QUEBEC, CANADA'),('XDU','HERVEY, QUEBEC, CANADA HERVEY / VIA RAIL SERVICE'),('XEE','LAC EDOUARD, QUEBEC, CANADA LAC EDOUARD / VIA RAIL'),('XEH','LADYSMITH, BRITISH COLUMBIA, CANADA LADYSMITH / VI'),('XEJ','LANGFORD, BRITISH COLUMBIA, CANADA LANGFORD / VIA'),('XEK','MELVILLE, SASKATCHEWAN, CANADA MELVILLE / VIA RAIL'),('XEL','NEW CARLISLE, QUEBEC, CANADA NEW CARLISLE / VIA RA'),('XEM','NEW RICHMOND, QUEBEC, CANADA NEW RICHMOND / VIA RA'),('XEY','NEWCASTLE, NEW BRUNSWICK, CANADA NEWCASTLE / VIA R'),('XFD','STRATFORD, ONTARIO, CANADA'),('XFE','PARENT, QUEBEC, CANADA PARENT / VIA RAIL SERVICE'),('XFG','PERCE, QUEBEC, CANADA PERCE / VIA RAIL SERVICE'),('XFL','SHAWINIGAN, QUEBEC, CANADA SHAWINIGAN / VIA RAIL S'),('XFM','SHAWNIGAN, BRITISH COLUMBIA, CANADA SHAWNIGAN / VI'),('XFO','TASCHEREAU, QUEBEC, CANADA TASCHEREAU / VIA RAIL S'),('XFQ','WEYMONT, QUEBEC, CANADA WEYMONT / VIA RAIL SERVICE'),('XFS','ALEXANDRIA, ONTARIO, CANADA ALEXANDRIA / VIA RAIL'),('XFV','BRANTFORD, ONTARIO, CANADA BRANTFORD / VIA RAIL SE'),('XGJ','COBOURG, ONTARIO, CANADA COBOURG / VIA RAIL SERVIC'),('XGK','COTEAU, QUEBEC, CANADA COTEAU / VIA RAIL SERVICE'),('XGY','GRIMSBY, ONTARIO, CANADA GRIMSBY / VIA RAIL SERVIC'),('XHM','GEORGETOWN, ONTARIO, CANADA GEORGETOWN / VIA RAIL'),('XHS','CHEMAINUS, BRITISH COLUMBIA, CANADA CHEMAINUS / VI'),('XIA','GUELPH, ONTARIO, CANADA GUELPH / VIA RAIL SERVICE'),('XIB','INGERSOLL, ONTARIO, CANADA INGERSOLL / VIA RAIL SE'),('XID','MAXVILLE, ONTARIO, CANADA MAXVILLE / VIA RAIL SERV'),('XIM','SAINTHYACINTHE, QUEBEC, CANADA SAINT HYACINTHE / V'),('XIO','ST MARYS, ONTARIO, CANADA ST MARYS / VIA RAIL SERV'),('XIP','WOODSTOCK, ONTARIO, CANADA WOODSTOCK / VIA RAIL SE'),('XIY','XI AN, CHINA XIANYANG'),('XJL','JOLIETTE, QUEBEC, CANADA JOLIETTE / VIA RAIL SERVI'),('XJQ','JONQUIERE, QUEBEC, CANADA JONQUIERE / VIA RAIL SER'),('XLB','LAC BROCHET MB CANADA'),('XLV','NIAGARA FALLS, ONTARIO, CANADA'),('XLZ','TRURO, NOVA SCOTIA, CANADA'),('XMH','MANIHI FRENCH POLYNESIA'),('XMN','XIAMEN FUJIAN CHINA'),('XNA','FAYETTEVILLE, AR, USA - NORTHWEST ARKANSAS REGIONA'),('XOK','OAKVILLE, ONTARIO, CANADA OAKVILLE / VIA RAIL SERV'),('XPB','PARKSVILLE, BRITISH COLUMBIA, CANADA PARKSVILLE /'),('XPK','PUKATAWAGAN CANADA'),('XPN','BRAMPTON, ONTARIO, CANADA BRAMPTON / VIA RAIL SERV'),('XPX','POINTEAUXTREMBLES, QUEBEC, CANADA POINTE AUX TREMB'),('XQP','QUEPOS, COSTA RICA'),('XQU','QUALICUM, BRITISH COLUMBIA, CANADA'),('XRP','RIVIEREAPIERRE, QUEBEC, CANADA RIVIERE A PIERRE /'),('XRY','JEREZ DE LA FRONTERA SPAIN'),('XSC','SOUTH CAICOS, TURKS AND CAICOS ISLANDS'),('XSI','SOUTH INDIAN LAKE MB CANADA'),('XTY','STRATHROY, ONTARIO, CANADA STRATHROY / VIA RAIL SE'),('XVV','BELLEVILLE, ONTARIO, CANADA BELLEVILLE / VIA RAIL'),('XWY','WYOMING, ONTARIO, CANADA WYOMING / VIA RAIL SERVIC'),('XZB','CASSELMAN, ONTARIO, CANADA CASSELMAN / VIA RAIL SE'),('XZC','GLENCOE, ONTARIO, CANADA GLENCOE / VIA RAIL SERVIC'),('YAK','YAKUTAT AK USA'),('YAM','SAULT STE MARIE, ONTARIO, CANADA SAULT STE MARIE A'),('YAO','YAOUNDE CAMEROON'),('YAP','YAP, CAROLINE ISLANDS, MICRONESIA'),('YAT','ATTAWAPISKAT NT CANADA'),('YAZ','TOFINO, BRITISH COLUMBIA, CANADA TOFINO AIRPORT'),('YBA','BANFF, ALBERTA, CANADA'),('YBC','BAIE COMEAU, QUEBEC, CANADA'),('YBL','CAMPBELL RIVER /CAMPBELL RVR, BRITISH COLUMBIA, CA'),('YBR','BRANDON, MANITOBA, CANADA'),('YBX','BLANC SABLON, QUEBEC, CANADA BLANC SABLON AIRPORT'),('YCA','COURTENAY, BRITISH COLUMBIA, CANADA'),('YCB','CAMBRIDGE BAY CANADA'),('YCC','CORNWALL, ONTARIO, CANADA REGIONAL'),('YCD','NANAIMO, BRITISH COLUMBIA, CANADA CASSIDY AIRPORT'),('YCG','CASTLEGAR, BRITISH COLUMBIA, CANADA'),('YCM','ST CATHARINES, ONTARIO, CANADA'),('YCO','COPPERMINE, NORTHWEST TERRITORIES, CANADA'),('YDF','DEER LAKE, NEWFOUNDLAND, CANADA DEER LAKE'),('YDN','DAUPHIN, MANITOBA, CANADA'),('YDQ','DAWSON CREEK, BRITISH COLUMBIA, CANADA'),('YEA','EDMONTON CANADA'),('YEC','YECHON, SOUTH KOREA YECHON'),('YEG','EDMONTON INTERNATIONAL CANADA'),('YEL','ELLIOT LAKE, ONTARIO, CANADA'),('YEV','INUVIK CANADA'),('YEY','AMOS, QUEBEC, CANADA'),('YFA','FORT ALBERT CANADA'),('YFB','IQALUIT, NORTHWEST TERRITORIES, CANADA'),('YFC','FREDERICTON, NEW BRUNSWICK, CANADA FREDERICTON MUN'),('YFO','FLIN FLON CANADA'),('YFS','FORT SIMPSON, NORTHWEST TERRITORIES, CANADA FORT S'),('YGB','GILLIES BAY, BRITISH COLUMBIA, CANADA'),('YGK','KINGSTON, ONTARIO, CANADA KINGSTON AIRPORT'),('YGL','LA GRANDE CANADA'),('YGP','GASPE, QUEBEC, CANADA'),('YGR','ILES DE LA MADELEINE, QUEBEC, CANADA HOUSE HARBOUR'),('YGT','IGLOOLIK, NORTHWEST TERRITORIES, CANADA'),('YGW','KUUJJUARAPIK, QUEBEC, CANADA KUUJJUARAPIK'),('YGX','GILLAM, MANITOBA, CANADA'),('YHB','HUDSON BAY, SASKATCHEWAN, CANADA'),('YHD','DRYDEN, ONTARIO, CANADA DRYDEN AIRPORT'),('YHI','HOLMAN ISLAND, NORTHWEST TERRITORIES, CANADA'),('YHM','HAMILTON CANADA'),('YHN','HORNEPAYNE, ONTARIO, CANADA'),('YHR','HARRINGTON HARBOUR PQ CANADA'),('YHX','HAY RIVER CANADA'),('YHY','HAY RIVER, NORTHWEST TERRITORIES, CANADA'),('YHZ','HALIFAX INT\'L CANADA'),('YIB','ATIKOKAN, ONTARIO, CANADA'),('YIF','ST.AUGUSTIN PQ CANADA'),('YJA','JASPER, ALBERTA, CANADA'),('YJT','STEPHENVILLE, NEWFOUNDLAND, CANADA STEPHENVILLE'),('YKA','KAMLOOPS, BRITISH COLUMBIA, CANADA FULTON FIELD'),('YKF','KITCHENER, ONTARIO, CANADA KITCHENER'),('YKL','SCHEFFERVILLE, QUEBEC, CANADA SCHEFFERVILLE'),('YKM','YAKIMA, WA, USA YAKIMA AIR TERMINAL'),('YKQ','WASKAGANISH, QUEBEC, CANADA WASKAGANISH'),('YKS','YAKUTSK, RUSSIA'),('YLD','CHAPLEAU, ONTARIO, CANADA'),('YLQ','LA TUQUE, QUEBEC, CANADA LA TUQUE'),('YLR','LEAF RAPIDS CANADA'),('YLW','KELOWNA CANADA'),('YMM','FORT MCMURRAY, ALBERTA, CANADA FORT MCMURRAY MUNIC'),('YMO','MOOSONEE, ONTARIO, CANADA MOOSONEE'),('YMQ','MONTREAL CANADA'),('YMT','CHIBOUGAMAU, QUEBEC, CANADA CHIBOUGAMAU'),('YMX','MONTREAL, QUEBEC, CANADA'),('YNB','YANBU SAUDI ARABIA'),('YND','GATINEAU, QUEBEC, CANADA GATINEAU'),('YNG','YOUNGSTOWN, OH, USA YOUNGSTOWN MUNICIPAL AIRPORT'),('YOJ','HIGH LEVEL, ALBERTA, CANADA FOOTNER LAKE MUNCPL'),('YOK','YOKOHAMA JAPAN'),('YOO','OSHAWA, ONTARIO, CANADA'),('YOP','RAINBOW LAKE, ALBERTA, CANADA RAINBOW LAKE'),('YOW','OTTAWA - HULL CANADA'),('YPE','PEACE RIVER, ALBERTA, CANADA PEACE RIVER'),('YPF','ESQUIMALT, BRITISH COLUMBIA, CANADA'),('YPN','PORT MENIER PQ CANADA'),('YPR','PRINCE RUPERT/DIGBY ISLAND CANADA'),('YPW','POWELL RIVER, BRITISH COLUMBIA, CANADA'),('YPZ','BURNS LAKE, BRITISH COLUMBIA, CANADA'),('YQB','QUEBEC, QUEBEC, CANADA SAINTE FOY AIRPORT'),('YQC','QUAQTAQ, QUEBEC, CANADA'),('YQD','THE PAS, MANITOBA, CANADA THE PAS'),('YQG','WINDSOR ONTARIO CANADA'),('YQH','WATSON LAKE, YUKON TERRITORY, CANADA WATSON LAKE A'),('YQI','YARMOUTH, NOVA SCOTIA, CANADA'),('YQK','KENORA, ONTARIO, CANADA'),('YQL','LETHBRIDGE, ALBERTA, CANADA LETHBRIDGE AIRPORT'),('YQM','MONCTON, NEW BRUNSWICK, CANADA LAKEBURN MUNICIPAL'),('YQQ','COMOX, BRITISH COLUMBIA, CANADA COMOX CIVIL AIR TE'),('YQR','REGINA, SASKATCHEWAN, CANADA REGINA INTERNATIONAL'),('YQT','THUNDER BAY CANADA'),('YQU','GRANDE PRAIRIE, ALBERTA, CANADA GRANDE PRAIRIE AIR'),('YQX','GANDER, NEWFOUNDLAND, CANADA GANDER INTL AIRPORT'),('YQY','SYDNEY, NOVA SCOTIA, CANADA SYDNEY MUNICIPAL'),('YQZ','QUESNEL, BRITISH COLUMBIA, CANADA'),('YRB','RESOLUTE, NORTHWEST TERRITORIES, CANADA RESOLUTE B'),('YRL','RED LAKE, ONTARIO, CANADA'),('YSB','SUDBURY, ONTARIO, CANADA'),('YSF','STONY RAPIDS, SASKATCHEWAN, CANADA STONY RAPIDS'),('YSH','SMITH FALLS, ONTARIO, CANADA'),('YSJ','SAINT JOHN, NEW BRUNSWICK, CANADA TURNBULL FIELD'),('YSL','ST LEONARD, NEW BRUNSWICK, CANADA ST LEONARD APT'),('YSM','FORT SMITH CANADA'),('YSN','SALMON ARM, BRITISH COLUMBIA, CANADA'),('YSP','MARATHON, ONTARIO, CANADA'),('YSR','NANISIVIK CANADA'),('YTA','PEMBROKE, ONTARIO, CANADA PEM AND AREA APT'),('YTD','THICKET PORTAGE, MANITOBA, CANADA'),('YTH','THOMPSON, MANITOBA, CANADA THOMPSON'),('YTO','TORONTO CANADA'),('YTS','TIMMINS, ONTARIO, CANADA TIMMINS MUNICIPAL AIRPORT'),('YTZ','TORONTO, ONTARIO, CANADA'),('YUL','MONTREAL - DORVAL CANADA'),('YUM','YUMA, AZ, USA YUMA INTERNATIONAL AIRPORT'),('YUX','HALL BEACH CANADA'),('YVA','MORONI (HAHAYA/ICONI)COMOROS'),('YVB','BONAVENTURE PQ CANADA'),('YVC','LA RONGE, SASKATCHEWAN, CANADA LA RONGE'),('YVO','VAL D\'OR CANADA'),('YVP','KUUJJUAQ ( FORTCHIMO ) CANADA'),('YVQ','NORMAN WELLS CANADA'),('YVR','VANCOUVER CANADA'),('YVZ','DEER LAKE, ONTARIO, CANADA'),('YWG','WINNIPEG, MANITOBA, CANADA WINNIPEG INTERNATIONAL'),('YWH','VICTORIA, BRITISH COLUMBIA, CANADA VICTORIA INNER'),('YWK','WABUSH, NEWFOUNDLAND, CANADA WABUSH MUNICIPAL'),('YWL','WILLIAMS LAKE, BRITISH COLUMBIA, CANADA'),('YWR','WHITE RIVER, ONTARIO, CANADA WHITE RIVER'),('YXC','CRANBROOK, BRITISH COLUMBIA, CANADA CRANBROOK AIRP'),('YXD','EDMONTON MUNICIPAL CANADA'),('YXE','SASKATOON, SASKATCHEWAN, CANADA SASKATOON'),('YXH','MEDICINE HAT, ALBERTA, CANADA MEDICINE HAT AIRPORT'),('YXJ','FORT ST. JOHN CANADA'),('YXL','SIOUX LOOKOUT, ONTARIO, CANADA'),('YXN','WHALE COVE NT CANADA'),('YXS','PRINCE GEORGE CANADA'),('YXT','TERRACE, BRITISH COLUMBIA, CANADA TERRACE'),('YXU','LONDON CANADA'),('YXY','WHITEHORSE, YUKON TERRITORY, CANADA WHITEHORSE AIR'),('YXZ','WAWA, ONTARIO, CANADA'),('YYB','NORTH BAY, ONTARIO, CANADA JACK GARLAND AIRPORT'),('YYC','CALGARY/BANFF CANADA'),('YYD','SMITHERS, BRITISH COLUMBIA, CANADA SMITHERS INTERN'),('YYF','PENTICTON, BRITISH COLUMBIA, CANADA'),('YYG','CHARLOTTETOWN, PRINCE EDWARD ISLAND/, CANADA CHARL'),('YYJ','VICTORIA, BRITISH COLUMBIA, CANADA VICTORIA AIRPOR'),('YYQ','CHURCHILL, MANITOBA, CANADA CHURCHILL AIRPORT'),('YYR','GOOSE BAY CANADA'),('YYT','ST JOHNS, NEWFOUNDLAND, CANADA ST JOHN\'S INTERNATI'),('YYU','KAPUSKASING, ONTARIO, CANADA'),('YYY','MONT JOLI, QUEBEC, CANADA'),('YYZ','TORONTO, ONTARIO, CANADA PEARSON INTERNATIONAL AIR'),('YZF','YELLOWKNIFE CANADA'),('YZP','SANDSPIT CANADA'),('YZT','PORT HARDY, BRITISH COLUMBIA, CANADA PORT HARDY AI'),('YZV','SEPTILES, QUEBEC, CANADA'),('ZAD','ZADAR CROATIA ( HRVATSKA )'),('ZAG','ZAGREB CROATIA ( HRVATSKA )'),('ZAH','ZAHEDAN, IRAN ZAHEDAN'),('ZAL','VALDIVIA, CHILE PICHOY'),('ZAM','ZAMBOANGA, PHILIPPINES ZAMBOANGA AIRPORT'),('ZAZ','ZARAGOZA, SPAIN ZARAGOZA'),('ZBO','BOWEN AUSTRALIA'),('ZBV','VAIL/EAGLE, CO, USA'),('ZCL','ZACATECAS, ZACATECAS, MEXICO'),('ZCO','TEMUCO, CHILE MANQUEHUE'),('ZDJ','BERN SWITZERLAND'),('ZGI','GODS RIVER, MANITOBA, CANADA'),('ZHA','ZHANJIANG, CHINA'),('ZHO','HOUSTON, BRITISH COLUMBIA, CANADA'),('ZIH','IXTAPA/ZIHUATENEJO MEXICO'),('ZJK','HONG KONG CHEK LAP KOK HONG KONG'),('ZKE','KASCHECHAWAN PQ CANADA'),('ZLO','MANZANILLO, COLIMA, MEXICO AEROPUERTO INTERNATIONA'),('ZNA','NANAIMO, BRITISH COLUMBIA, CANADA'),('ZND','ZINDER NIGER'),('ZNE','NEWMAN AUSTRALIA'),('ZNZ','ZANZIBAR, TANZANIA KISAUNI'),('ZQN','QUEENSTOWN, NEW ZEALAND FRANKTON'),('ZRF','ROCKFORD, IL, USA'),('ZRH','ZURICH, SWITZERLAND ZURICH'),('ZSA','SAN SALVADOR BAHAMAS'),('ZSS','SASSANDRA IVORY COAST'),('ZTH','ZAKYNTHOS GREECE'),('ZTM','SHAMATTAWA MB CANADA'),('ZYL','SYLHET BANGLADESH');
/*!40000 ALTER TABLE `cnt_aeropuerto` ENABLE KEYS */;
UNLOCK TABLES;

--
-- Table structure for table `cnt_archivo_boleto`
--

DROP TABLE IF EXISTS `cnt_archivo_boleto`;
/*!40101 SET @saved_cs_client     = @@character_set_client */;
/*!40101 SET character_set_client = utf8 */;
CREATE TABLE `cnt_archivo_boleto` (
  `id_archivo_boleto` int(11) NOT NULL AUTO_INCREMENT,
  `nombre_archivo` varchar(45) NOT NULL,
  `tipo_archivo` varchar(1) NOT NULL,
  `contenido` text NOT NULL,
  `fecha_insert` timestamp NOT NULL DEFAULT CURRENT_TIMESTAMP ON UPDATE CURRENT_TIMESTAMP,
  `estado` varchar(1) NOT NULL,
  PRIMARY KEY (`id_archivo_boleto`)
) ENGINE=InnoDB AUTO_INCREMENT=12 DEFAULT CHARSET=latin1;
/*!40101 SET character_set_client = @saved_cs_client */;

--
-- Dumping data for table `cnt_archivo_boleto`
--


--
-- Table structure for table `cnt_asiento_contable`
--

DROP TABLE IF EXISTS `cnt_asiento_contable`;
/*!40101 SET @saved_cs_client     = @@character_set_client */;
/*!40101 SET character_set_client = utf8 */;
CREATE TABLE `cnt_asiento_contable` (
  `id_asiento` int(8) NOT NULL AUTO_INCREMENT,
  `id_plan_cuenta` int(11) NOT NULL,
  `id_libro` int(11) NOT NULL,
  `gestion` int(6) NOT NULL,
  `fecha_movimiento` date NOT NULL,
  `monto_debe_nac` decimal(16,2) DEFAULT NULL,
  `monto_haber_nac` decimal(16,2) DEFAULT NULL,
  `monto_debe_ext` decimal(16,2) DEFAULT NULL,
  `monto_haber_ext` decimal(16,2) DEFAULT NULL,
  `estado` varchar(2) DEFAULT NULL,
  `moneda` varchar(1) DEFAULT NULL,
  `id_boleto` int(11) DEFAULT NULL,
  `id_cargo` int(11) DEFAULT NULL,
  `id_nota_transaccion` int(11) DEFAULT NULL,
  `id_ingreso_caja_transaccion` int(11) DEFAULT NULL,
  `id_nota_credito_transaccion` int(11) DEFAULT NULL,
  `id_pago_anticipado` int(11) DEFAULT NULL,
  `id_pago_anticipado_transaccion` int(11) DEFAULT NULL,
  `tipo` varchar(1) DEFAULT NULL COMMENT 'B= Boleto\nC= Cargo',
  `id_usuario_anular` varchar(16) DEFAULT NULL,
  `id_devolucion` int(11) DEFAULT NULL,
  `tipo_monto_boleto` varchar(1) DEFAULT NULL,
  PRIMARY KEY (`id_asiento`),
  KEY `fk_cnt_asiento_contable_1_idx` (`id_plan_cuenta`),
  KEY `fk_cnt_asiento_contable_2_idx` (`id_libro`),
  KEY `fk_cnt_asiento_contable_3_idx` (`id_boleto`),
  KEY `fk_cnt_asiento_contable_4_idx` (`id_nota_transaccion`),
  KEY `fk_cnt_asiento_contable_5_idx` (`id_ingreso_caja_transaccion`),
  KEY `fk_cnt_asiento_contable_6_idx` (`id_cargo`),
  KEY `fk_cnt_asiento_contable_7_idx` (`id_nota_credito_transaccion`),
  KEY `fk_cnt_asiento_contable_8_idx` (`id_pago_anticipado_transaccion`),
  KEY `fk_cnt_asiento_contable_9_idx` (`id_pago_anticipado`),
  KEY `index11` (`fecha_movimiento`),
  KEY `fk_cnt_asiento_contable_10_idx` (`id_devolucion`),
  CONSTRAINT `fk_cnt_asiento_contable_1` FOREIGN KEY (`id_plan_cuenta`) REFERENCES `cnt_plan_cuentas` (`id_plan_cuentas`) ON DELETE NO ACTION ON UPDATE NO ACTION,
  CONSTRAINT `fk_cnt_asiento_contable_10` FOREIGN KEY (`id_devolucion`) REFERENCES `cnt_devolucion` (`id_devolucion`) ON DELETE CASCADE ON UPDATE NO ACTION,
  CONSTRAINT `fk_cnt_asiento_contable_2` FOREIGN KEY (`id_libro`) REFERENCES `cnt_comprobante_contable` (`id_libro`) ON DELETE CASCADE ON UPDATE NO ACTION,
  CONSTRAINT `fk_cnt_asiento_contable_3` FOREIGN KEY (`id_boleto`) REFERENCES `cnt_boleto` (`id_boleto`) ON DELETE CASCADE ON UPDATE NO ACTION,
  CONSTRAINT `fk_cnt_asiento_contable_4` FOREIGN KEY (`id_nota_transaccion`) REFERENCES `cnt_nota_debito_transaccion` (`id_nota_debito_transaccion`) ON DELETE CASCADE ON UPDATE NO ACTION,
  CONSTRAINT `fk_cnt_asiento_contable_5` FOREIGN KEY (`id_ingreso_caja_transaccion`) REFERENCES `cnt_ingreso_transaccion` (`id_transaccion`) ON DELETE CASCADE ON UPDATE NO ACTION,
  CONSTRAINT `fk_cnt_asiento_contable_6` FOREIGN KEY (`id_cargo`) REFERENCES `cnt_cargo_boleto` (`id_cargo`) ON DELETE CASCADE ON UPDATE NO ACTION,
  CONSTRAINT `fk_cnt_asiento_contable_7` FOREIGN KEY (`id_nota_credito_transaccion`) REFERENCES `cnt_nota_credito_transaccion` (`id_nota_credito_transaccion`) ON DELETE CASCADE ON UPDATE NO ACTION,
  CONSTRAINT `fk_cnt_asiento_contable_8` FOREIGN KEY (`id_pago_anticipado_transaccion`) REFERENCES `cnt_pago_anticipado_transaccion` (`id_pago_anticipado_transaccion`) ON DELETE CASCADE ON UPDATE NO ACTION,
  CONSTRAINT `fk_cnt_asiento_contable_9` FOREIGN KEY (`id_pago_anticipado`) REFERENCES `cnt_pago_anticipado` (`id_pago_anticipado`) ON DELETE CASCADE ON UPDATE NO ACTION
) ENGINE=InnoDB AUTO_INCREMENT=554 DEFAULT CHARSET=latin1;
/*!40101 SET character_set_client = @saved_cs_client */;

--
-- Dumping data for table `cnt_asiento_contable`
--


--
-- Table structure for table `cnt_bancos`
--

DROP TABLE IF EXISTS `cnt_bancos`;
/*!40101 SET @saved_cs_client     = @@character_set_client */;
/*!40101 SET character_set_client = utf8 */;
CREATE TABLE `cnt_bancos` (
  `id_banco` int(10) unsigned NOT NULL AUTO_INCREMENT,
  `nombre` varchar(40) NOT NULL,
  `direccion` varchar(64) DEFAULT NULL,
  `telefono` varchar(32) DEFAULT NULL,
  `celular` varchar(12) DEFAULT NULL,
  `contacto` varchar(40) DEFAULT NULL,
  `abreviacion` varchar(12) DEFAULT NULL,
  `nit` varchar(16) DEFAULT NULL,
  `email` varchar(128) DEFAULT NULL,
  PRIMARY KEY (`id_banco`)
) ENGINE=InnoDB AUTO_INCREMENT=31 DEFAULT CHARSET=latin1;
/*!40101 SET character_set_client = @saved_cs_client */;

--
-- Dumping data for table `cnt_bancos`
--

LOCK TABLES `cnt_bancos` WRITE;
/*!40000 ALTER TABLE `cnt_bancos` DISABLE KEYS */;
INSERT INTO `cnt_bancos` VALUES (12,'Banco Union S.A. *','Calle Libertad','3171717','800102872','','BUN','1028415020','info@bancounion.com.bo'),(16,'BANCO GANADERO S.A.','Calle Bolivar N 99 Esq. Beni','3173000','800103999',NULL,'BGA','1028421024',NULL),(17,'BANCO BISA S.A.','Av/ Monseor Rivero','3341699','800105555',NULL,'BIS','1020149020',NULL),(18,'BANCO MERCANTIL SANTA CRUZ S.A. *','Calle Junin #154','3633000',NULL,NULL,'BME','1020557029',NULL),(19,'BANCO NACIONAL DE BOLIVIA S.A. *','C/ Rene Moreno # 258','3662400','800107272',NULL,'BNB','1016253021','info@bnb.com.bo'),(20,'BANCO ECONOMICO S.A.','Calle Ayacucho, # 166','3155500',NULL,NULL,'BEC','1015403021',NULL),(21,'BANCO DE DESARROLLO PRODUCTIVO','C/ Rene Moreno 215','3115908','800103737',NULL,'BDR','1020589022','bdp@bdp.com.bo'),(22,'BANCO DE CREDITO DE BOLIVIA S.A.','Avenida Cristo Redentor y Tercer Anillo Externo','3114141','800102244',NULL,'BCR','1020435022','BxT@bcp.com.bo'),(23,'BANCO NACIONAL DE ARGENTINA S.A.','Calle Junin #22','3343729',NULL,NULL,'BNA','1028165020',NULL),(24,'BANCO DO BRASIL S.A.','Calle Beni #245','3120496',NULL,NULL,'BDB','1028165020','santacruz@bb.com.br'),(25,'BANCO FASSIL SA.','Avenida Cristo Redentor # 4210','3158000','800123737',NULL,'BFS','1028423022','comunica@fassil.com.bo'),(26,'BANCO FORTALEZA S.A.','Avenida Monseor Rivero N 328','3380800','800107234',NULL,'BFO','1020371022','quieroinvertir@fortalezasafi.com'),(27,'BANCO PARA EL FOMENTO A INICIATIVAS ECON','Calle 24 de septiembre','3394443',NULL,NULL,'BIE','1020273023','contacto@bancofie.com.bo'),(28,'BANCO PRODEM S.A.','Calle Arenales N 779','3390494','800109797',NULL,'BPR','1029837028','info@prodem.bo'),(29,'BANCO SOLIDARIO S.A.','Calle Buenos Aires #36, entre Calles 24 de Septiembre y Libertad','3384750','800102929',NULL,'BSO','1020607027',NULL),(30,'BANCO NACIONAL DE BOLIVIA S.A. *','C/ Rene Moreno # 258','3662400','800107272',NULL,'BNB','1016253021','info@bnb.com.bo');
/*!40000 ALTER TABLE `cnt_bancos` ENABLE KEYS */;
UNLOCK TABLES;

--
-- Table structure for table `cnt_boleto`
--

DROP TABLE IF EXISTS `cnt_boleto`;
/*!40101 SET @saved_cs_client     = @@character_set_client */;
/*!40101 SET character_set_client = utf8 */;
CREATE TABLE `cnt_boleto` (
  `id_boleto` int(11) NOT NULL AUTO_INCREMENT,
  `id_boleto_padre` int(11) DEFAULT NULL,
  `id_aerolinea` int(11) NOT NULL,
  `id_promotor` int(11) DEFAULT NULL COMMENT 'Counter',
  `id_ingreso_caja` int(11) DEFAULT NULL COMMENT 'hace referencia a cnt_ingreso_caja\n',
  `id_ingreso_caja_transaccion` int(11) DEFAULT NULL COMMENT 'hace referencia a cnt_ingreso_caja\n',
  `id_libro` int(11) DEFAULT NULL COMMENT 'hace referencia a la nota de debito',
  `id_nota_debito` int(11) DEFAULT NULL,
  `id_nota_debito_transaccion` int(11) DEFAULT NULL,
  `id_empresa` int(11) NOT NULL,
  `emision` varchar(4) DEFAULT NULL COMMENT 'Normal-NORM\nConexion-CNX\nCanje-CHG\nVirtual-MDP\nDebito-ADM\nCredito-ACM\nFuera de Stock-TKT',
  `tipo_boleto` varchar(2) NOT NULL COMMENT 'Multiple M\nSimple S',
  `tipo_cupon` varchar(1) DEFAULT NULL COMMENT 'Internacional I\nNAcional N',
  `numero_origen` bigint(18) DEFAULT NULL,
  `numero` bigint(18) NOT NULL,
  `id_ruta_1` varchar(4) DEFAULT NULL,
  `id_ruta_2` varchar(4) DEFAULT NULL,
  `id_ruta_3` varchar(4) DEFAULT NULL,
  `id_ruta_4` varchar(4) DEFAULT NULL,
  `id_ruta_5` varchar(4) DEFAULT NULL,
  `id_cliente` int(11) DEFAULT NULL,
  `nombre_pasajero` varchar(64) DEFAULT NULL,
  `fecha_emision` date DEFAULT NULL,
  `fecha_viaje` date DEFAULT NULL,
  `factor_cambiario` decimal(8,2) DEFAULT NULL,
  `forma_pago` varchar(1) DEFAULT NULL COMMENT 'Credito C\nContado E\nTarjeta T\nPago Combinado P',
  `estado` varchar(1) NOT NULL COMMENT 'PENDIENTE\nCOMPLETADO',
  `fecha_insert` timestamp NOT NULL DEFAULT CURRENT_TIMESTAMP ON UPDATE CURRENT_TIMESTAMP,
  `id_usuario_creador` varchar(16) NOT NULL,
  `gestion` int(11) NOT NULL,
  `credito_dias` int(11) DEFAULT NULL COMMENT 'numero de dias de plazo del credito',
  `credito_vencimiento` date DEFAULT NULL COMMENT 'fecha de vencimiento\n',
  `moneda` varchar(1) DEFAULT NULL,
  `importe_neto` decimal(12,2) DEFAULT NULL,
  `impuesto_bob` decimal(12,2) DEFAULT NULL,
  `impuesto_qm` decimal(12,2) DEFAULT NULL,
  `impuesto_1_nombre` varchar(12) DEFAULT NULL,
  `impuesto_1` decimal(12,2) DEFAULT NULL,
  `impuesto_2_nombre` varchar(12) DEFAULT NULL,
  `impuesto_2` decimal(12,2) DEFAULT NULL,
  `impuesto_3_nombre` varchar(12) DEFAULT NULL,
  `impuesto_3` decimal(12,2) DEFAULT NULL,
  `impuesto_4_nombre` varchar(12) DEFAULT NULL,
  `impuesto_4` decimal(12,2) DEFAULT NULL,
  `impuesto_5_nombre` varchar(12) DEFAULT NULL,
  `impuesto_5` decimal(12,2) DEFAULT NULL,
  `total_boleto` decimal(12,2) DEFAULT NULL,
  `comision` decimal(4,2) DEFAULT NULL,
  `monto_comision` decimal(12,2) DEFAULT NULL,
  `fee` decimal(4,2) DEFAULT NULL,
  `monto_fee` decimal(12,2) DEFAULT NULL,
  `descuento` decimal(4,2) DEFAULT NULL,
  `monto_descuento` decimal(12,2) DEFAULT NULL,
  `monto_pagar_linea_aerea` decimal(12,2) DEFAULT NULL,
  `total_monto_cobrar` decimal(12,2) DEFAULT NULL,
  `contado_tipo` varchar(1) DEFAULT NULL,
  `contado_nro_cheque` varchar(45) DEFAULT NULL,
  `contado_id_banco` int(11) DEFAULT NULL,
  `contado_id_cuenta` int(11) DEFAULT NULL,
  `contado_nro_deposito` varchar(45) DEFAULT NULL,
  `tarjeta_numero` varchar(16) DEFAULT NULL,
  `tarjeta_id` int(11) DEFAULT NULL,
  `combinado_tipo` varchar(1) DEFAULT NULL,
  `combinado_credito` tinyint(4) DEFAULT NULL,
  `combinado_credito_dias` int(4) DEFAULT NULL,
  `combinado_credito_vencimiento` date DEFAULT NULL,
  `combinado_credito_monto` decimal(12,2) DEFAULT NULL,
  `combinado_contado` tinyint(4) DEFAULT NULL,
  `combinado_contado_tipo` varchar(1) DEFAULT NULL,
  `combinado_contado_monto` decimal(12,2) DEFAULT NULL,
  `combinado_contado_nro_cheque` varchar(20) DEFAULT NULL,
  `combinado_contado_id_cuenta` int(11) DEFAULT NULL,
  `combinado_contado_id_banco` int(11) DEFAULT NULL,
  `combinado_contado_nro_deposito` varchar(20) DEFAULT NULL,
  `combinado_tarjeta` tinyint(4) DEFAULT NULL,
  `combinado_tarjeta_id` int(11) DEFAULT NULL,
  `combinado_tarjeta_numero` varchar(16) DEFAULT NULL,
  `combinado_tarjeta_monto` decimal(12,2) DEFAULT NULL,
  `id_archivo` int(11) DEFAULT NULL,
  PRIMARY KEY (`id_boleto`),
  KEY `id_aerolinea` (`id_aerolinea`),
  KEY `fk_cnt_boleto_2_idx` (`id_usuario_creador`),
  KEY `fk_cnt_boleto_1_idx` (`id_nota_debito_transaccion`),
  KEY `cnt_boleto_ibfk_3_idx` (`id_ingreso_caja_transaccion`),
  KEY `fk_cnt_boleto_3_idx` (`id_archivo`),
  KEY `cnt_boleto_ibfk_2` (`id_promotor`),
  CONSTRAINT `cnt_boleto_ibfk_1` FOREIGN KEY (`id_aerolinea`) REFERENCES `cnt_aerolinea` (`id_aerolinea`) ON DELETE NO ACTION,
  CONSTRAINT `cnt_boleto_ibfk_2` FOREIGN KEY (`id_promotor`) REFERENCES `cnt_promotor` (`id_promotor`) ON DELETE NO ACTION,
  CONSTRAINT `cnt_boleto_ibfk_3` FOREIGN KEY (`id_ingreso_caja_transaccion`) REFERENCES `cnt_ingreso_transaccion` (`id_transaccion`) ON DELETE SET NULL,
  CONSTRAINT `fk_cnt_boleto_1` FOREIGN KEY (`id_nota_debito_transaccion`) REFERENCES `cnt_nota_debito_transaccion` (`id_nota_debito_transaccion`) ON DELETE SET NULL ON UPDATE NO ACTION,
  CONSTRAINT `fk_cnt_boleto_2` FOREIGN KEY (`id_ingreso_caja_transaccion`) REFERENCES `cnt_ingreso_transaccion` (`id_transaccion`) ON DELETE SET NULL ON UPDATE NO ACTION,
  CONSTRAINT `fk_cnt_boleto_3` FOREIGN KEY (`id_archivo`) REFERENCES `cnt_archivo_boleto` (`id_archivo_boleto`) ON DELETE SET NULL ON UPDATE NO ACTION
) ENGINE=InnoDB AUTO_INCREMENT=123 DEFAULT CHARSET=latin1;
/*!40101 SET character_set_client = @saved_cs_client */;

--
-- Dumping data for table `cnt_boleto`
--


--
-- Table structure for table `cnt_cambio_dolar`
--

DROP TABLE IF EXISTS `cnt_cambio_dolar`;
/*!40101 SET @saved_cs_client     = @@character_set_client */;
/*!40101 SET character_set_client = utf8 */;
CREATE TABLE `cnt_cambio_dolar` (
  `fecha` date NOT NULL,
  `valor` decimal(8,4) NOT NULL,
  PRIMARY KEY (`fecha`)
) ENGINE=InnoDB DEFAULT CHARSET=latin1;
/*!40101 SET character_set_client = @saved_cs_client */;

--
-- Dumping data for table `cnt_cambio_dolar`
--

LOCK TABLES `cnt_cambio_dolar` WRITE;
/*!40000 ALTER TABLE `cnt_cambio_dolar` DISABLE KEYS */;
INSERT INTO `cnt_cambio_dolar` VALUES ('2018-07-09',6.9600),('2018-07-10',6.9800),('2018-07-11',6.8900),('2018-07-12',6.8900),('2018-07-13',6.8900),('2018-07-16',6.8900),('2018-07-17',6.8900),('2018-07-18',6.8900),('2018-07-19',6.8900),('2018-07-23',6.8900),('2018-07-24',6.9600),('2018-07-25',6.9600),('2018-07-26',6.9600),('2018-07-27',6.9600),('2018-07-29',6.9600),('2018-07-30',6.9600),('2018-07-31',6.9600),('2018-08-01',6.9600),('2018-08-02',6.9600),('2018-08-27',6.9600),('2018-08-28',6.9600),('2018-08-29',6.9600),('2018-08-30',6.9600),('2018-08-31',6.9600),('2018-09-03',6.9600),('2018-09-04',6.9600),('2018-09-05',6.9600),('2018-09-06',6.9600),('2018-09-07',6.9600),('2018-09-10',6.9600),('2018-09-11',6.9600),('2018-09-12',6.9600),('2018-09-13',6.9600),('2018-09-14',6.9600),('2018-09-17',6.9600),('2018-09-18',6.9600),('2018-09-19',6.9600),('2018-09-20',6.9600),('2018-09-21',6.9600),('2018-09-25',6.9600),('2018-09-26',6.9600),('2018-09-27',6.9600),('2018-09-28',6.9600),('2018-09-29',6.9600),('2018-10-01',6.9600),('2018-10-02',6.9600),('2018-10-03',6.9600),('2018-10-04',6.9600),('2018-10-05',6.9600),('2018-10-08',6.9600),('2018-10-09',6.9600),('2018-10-10',6.9600),('2018-10-11',6.9600),('2018-10-12',6.9600),('2018-10-15',6.9600),('2018-10-16',6.9600),('2018-10-17',6.9600),('2018-10-18',6.9600),('2018-10-19',6.9600),('2018-10-22',6.9600),('2018-10-23',6.9600),('2018-10-24',6.9600),('2018-10-25',6.9600),('2018-10-26',6.9600),('2018-10-28',6.9600),('2018-10-29',6.9600),('2018-10-30',6.9600),('2018-10-31',6.9600),('2018-11-01',6.9600),('2018-11-02',6.9600),('2018-11-05',6.9600),('2018-11-06',6.9600),('2018-11-07',6.9600),('2018-11-08',6.9600),('2018-11-09',6.9600),('2018-11-11',6.9600),('2018-11-12',6.9600),('2018-11-13',6.9600),('2018-11-14',6.9600),('2018-11-15',6.9600),('2018-11-16',6.9600),('2018-11-20',6.9600),('2018-11-21',6.9600),('2018-11-22',6.9600),('2018-11-26',6.9600),('2018-11-27',6.9600),('2018-11-28',6.9600),('2018-11-29',6.9600),('2018-11-30',6.9600),('2018-12-01',6.9600),('2018-12-03',6.9600),('2018-12-04',6.9600),('2018-12-07',6.9600),('2018-12-10',6.9600),('2018-12-11',6.9600),('2018-12-12',6.9600),('2018-12-13',6.9600),('2018-12-14',6.9600),('2018-12-17',6.9600),('2018-12-18',6.9600),('2018-12-19',6.9600),('2018-12-20',6.9600),('2018-12-21',6.9600),('2018-12-27',6.9600),('2019-01-03',6.9600),('2019-01-04',6.9600),('2019-01-07',6.9600),('2019-01-08',6.9600),('2019-01-10',6.9600),('2019-01-14',6.9600),('2019-01-15',6.9600),('2019-01-16',6.9600),('2019-01-17',6.9600),('2019-01-18',6.9600),('2019-01-19',6.9600),('2019-01-21',6.9600),('2019-01-22',6.9600),('2019-01-23',6.9600),('2019-01-24',6.9600),('2019-01-25',6.9600),('2019-01-26',6.9600),('2019-01-28',6.9600),('2019-01-29',6.9600),('2019-01-30',6.9600),('2019-01-31',6.9600),('2019-02-01',6.9600),('2019-02-02',6.9600),('2019-02-03',6.9600),('2019-02-04',6.9600),('2019-02-05',6.9600),('2019-02-06',6.9600),('2019-02-07',6.9600),('2019-02-08',6.9600),('2019-02-09',6.9600),('2019-03-20',6.9600),('2019-03-21',6.9600),('2019-03-22',6.9600),('2019-03-23',6.9600),('2019-03-25',6.9600),('2019-03-26',6.9600),('2019-03-28',6.9600),('2019-03-30',6.9600),('2019-04-01',6.9600),('2019-04-04',6.9600),('2019-04-05',6.9600),('2019-04-06',6.9600),('2019-04-12',6.9600),('2019-05-02',6.9600),('2019-05-03',6.9600),('2019-05-04',6.9600),('2019-05-06',6.9600),('2019-05-07',6.9600),('2019-05-08',6.9600),('2019-05-09',6.9600),('2019-05-10',6.9600),('2019-05-11',6.9600),('2019-05-13',6.9600),('2019-05-14',6.9600),('2019-05-15',6.9600),('2019-05-20',6.9600),('2019-05-25',6.9600),('2019-05-27',6.9600),('2019-05-28',6.9600),('2019-05-29',6.9600),('2019-05-30',6.9600),('2019-05-31',6.9600),('2019-06-01',6.9600),('2019-06-02',6.9600),('2019-06-03',6.9600),('2019-06-04',6.9600),('2019-06-05',6.9600),('2019-06-06',6.9600),('2019-06-07',6.9600),('2019-06-08',6.9600),('2019-06-09',6.9600),('2019-06-10',6.9600),('2019-06-11',0.0000);
/*!40000 ALTER TABLE `cnt_cambio_dolar` ENABLE KEYS */;
UNLOCK TABLES;

--
-- Table structure for table `cnt_cambio_ufv`
--

DROP TABLE IF EXISTS `cnt_cambio_ufv`;
/*!40101 SET @saved_cs_client     = @@character_set_client */;
/*!40101 SET character_set_client = utf8 */;
CREATE TABLE `cnt_cambio_ufv` (
  `fecha` date NOT NULL,
  `valor` decimal(10,6) NOT NULL,
  PRIMARY KEY (`fecha`)
) ENGINE=InnoDB DEFAULT CHARSET=latin1;
/*!40101 SET character_set_client = @saved_cs_client */;

--
-- Dumping data for table `cnt_cambio_ufv`
--

LOCK TABLES `cnt_cambio_ufv` WRITE;
/*!40000 ALTER TABLE `cnt_cambio_ufv` DISABLE KEYS */;
INSERT INTO `cnt_cambio_ufv` VALUES ('2018-07-09',2.270590),('2018-08-27',2.279210),('2018-08-28',2.279360),('2018-08-29',2.279510),('2018-08-30',2.279660),('2018-08-31',2.279810),('2018-09-03',2.280260),('2018-09-04',2.280410),('2018-09-05',2.280560),('2018-09-06',2.280710),('2018-09-07',2.280860),('2018-09-10',2.281310),('2018-09-11',2.281420),('2018-09-12',2.281530),('2018-09-13',2.281640),('2018-09-14',2.281750),('2018-09-17',2.282080),('2018-09-18',2.282190),('2018-09-19',2.282300),('2018-09-20',0.000000),('2018-09-21',2.282520),('2018-09-25',2.282960),('2018-09-26',2.283070),('2018-09-27',2.283180),('2018-09-28',2.283290),('2018-09-29',2.283400),('2018-10-01',2.283620),('2018-10-02',2.283730),('2018-10-03',2.283840),('2018-10-04',2.283950),('2018-10-05',2.284060),('2018-10-08',2.284390),('2018-10-09',2.284500),('2018-10-10',2.284610),('2018-10-11',2.284670),('2018-10-12',2.284730),('2018-10-15',2.284910),('2018-10-16',2.284970),('2018-10-17',2.285030),('2018-10-18',2.285090),('2018-10-19',2.285150),('2018-10-22',2.285330),('2018-10-23',2.285390),('2018-10-24',2.285450),('2018-10-25',2.285510),('2018-10-26',2.285570),('2018-10-28',2.285690),('2018-10-29',2.285750),('2018-10-30',2.285810),('2018-10-31',2.285870),('2018-11-01',2.285930),('2018-11-02',2.285990),('2018-11-05',2.286170),('2018-11-06',2.286230),('2018-11-07',2.286290),('2018-11-08',2.286350),('2018-11-09',2.286410),('2018-11-11',0.000000),('2018-11-12',0.000000),('2018-11-13',2.286710),('2018-11-14',2.286790),('2018-11-15',2.286870),('2018-11-16',2.286950),('2018-11-20',2.287270),('2018-11-21',2.287350),('2018-11-22',2.287430),('2018-11-26',2.287750),('2018-11-27',2.287830),('2018-11-28',2.287910),('2018-11-29',2.287990),('2018-11-30',0.000000),('2018-12-01',2.288150),('2018-12-03',2.288310),('2018-12-04',2.288390),('2018-12-07',2.288630),('2018-12-10',2.288870),('2018-12-11',2.288960),('2018-12-12',2.289050),('2018-12-13',2.289140),('2018-12-14',2.289230),('2018-12-17',2.289500),('2018-12-18',2.289590),('2018-12-19',2.289680),('2018-12-20',2.289770),('2018-12-21',2.289860),('2018-12-27',2.290400),('2019-01-03',2.291030),('2019-01-04',2.291120),('2019-01-07',2.291390),('2019-01-08',2.291480),('2019-01-10',2.291660),('2019-01-14',2.292020),('2019-01-15',2.292110),('2019-01-16',0.000000),('2019-01-17',2.292290),('2019-01-18',2.292380),('2019-01-19',2.292470),('2019-01-21',2.292650),('2019-01-22',2.292740),('2019-01-23',2.292830),('2019-01-24',2.292920),('2019-01-25',2.293010),('2019-01-26',2.293100),('2019-01-28',2.293280),('2019-01-29',2.293370),('2019-01-30',2.293460),('2019-01-31',2.293550),('2019-02-01',2.293650),('2019-02-02',2.293750),('2019-02-03',2.293850),('2019-02-04',2.293950),('2019-02-05',2.294050),('2019-02-06',2.294150),('2019-02-07',2.294250),('2019-02-08',2.294350),('2019-02-09',2.294450),('2019-03-20',2.297850),('2019-03-22',2.297970),('2019-04-01',2.298570),('2019-04-05',2.298810),('2019-05-13',2.301450),('2019-05-14',2.301530),('2019-05-15',2.301610),('2019-05-20',2.302010),('2019-05-25',2.302410),('2019-05-27',2.302570),('2019-05-28',2.302650),('2019-05-29',2.302730),('2019-05-30',2.302810),('2019-05-31',0.000000),('2019-06-01',2.302980),('2019-06-02',2.303070),('2019-06-03',0.000000),('2019-06-04',2.303250),('2019-06-05',2.303340),('2019-06-06',2.303430),('2019-06-07',2.303520),('2019-06-08',2.303610),('2019-06-09',2.303700),('2019-06-10',2.303790),('2019-06-11',0.000000);
/*!40000 ALTER TABLE `cnt_cambio_ufv` ENABLE KEYS */;
UNLOCK TABLES;

--
-- Table structure for table `cnt_cargo_boleto`
--

DROP TABLE IF EXISTS `cnt_cargo_boleto`;
/*!40101 SET @saved_cs_client     = @@character_set_client */;
/*!40101 SET character_set_client = utf8 */;
CREATE TABLE `cnt_cargo_boleto` (
  `id_cargo` int(11) NOT NULL AUTO_INCREMENT,
  `id_empresa` int(11) NOT NULL,
  `moneda` varchar(1) DEFAULT NULL,
  `id_cuenta_mayorista` int(11) NOT NULL,
  `comision_mayorista` decimal(12,2) DEFAULT NULL,
  `id_cuenta_agencia` int(11) DEFAULT NULL,
  `comision_agencia` decimal(12,2) DEFAULT NULL,
  `id_cuenta_promotor` int(11) DEFAULT NULL,
  `comision_promotor` decimal(12,2) DEFAULT NULL,
  `concepto` varchar(256) DEFAULT NULL,
  `tipo` varchar(1) DEFAULT NULL,
  `estado` varchar(1) DEFAULT NULL,
  `id_nota_debito` int(11) DEFAULT NULL,
  `id_nota_debito_transaccion` int(11) DEFAULT NULL,
  `id_ingreso_caja` int(11) DEFAULT NULL,
  `id_ingreso_caja_transaccion` int(11) DEFAULT NULL,
  `fecha_insert` timestamp NOT NULL DEFAULT CURRENT_TIMESTAMP ON UPDATE CURRENT_TIMESTAMP,
  `usuario_creador` varchar(6) NOT NULL,
  `id_libro` int(11) DEFAULT NULL,
  PRIMARY KEY (`id_cargo`),
  KEY `fk_cnt_cargo_boleto_1_idx` (`id_cuenta_mayorista`),
  KEY `fk_cnt_cargo_boleto_2_idx` (`id_cuenta_agencia`),
  KEY `fk_cnt_cargo_boleto_3_idx` (`id_cuenta_promotor`),
  KEY `fk_cnt_cargo_boleto_4_idx` (`id_nota_debito_transaccion`),
  KEY `fk_cnt_cargo_boleto_5_idx` (`id_nota_debito`),
  KEY `fk_cnt_cargo_boleto_6_idx` (`id_libro`),
  CONSTRAINT `FK_cnt_cargo_boleto_id_cuenta_agencia` FOREIGN KEY (`id_cuenta_agencia`) REFERENCES `cnt_plan_cuentas` (`id_plan_cuentas`),
  CONSTRAINT `FK_cnt_cargo_boleto_id_cuenta_mayorista` FOREIGN KEY (`id_cuenta_mayorista`) REFERENCES `cnt_plan_cuentas` (`id_plan_cuentas`),
  CONSTRAINT `FK_cnt_cargo_boleto_id_cuenta_promotor` FOREIGN KEY (`id_cuenta_promotor`) REFERENCES `cnt_plan_cuentas` (`id_plan_cuentas`),
  CONSTRAINT `fk_cnt_cargo_boleto_1` FOREIGN KEY (`id_cuenta_mayorista`) REFERENCES `cnt_plan_cuentas` (`id_plan_cuentas`) ON DELETE NO ACTION ON UPDATE NO ACTION,
  CONSTRAINT `fk_cnt_cargo_boleto_2` FOREIGN KEY (`id_cuenta_agencia`) REFERENCES `cnt_plan_cuentas` (`id_plan_cuentas`) ON DELETE NO ACTION ON UPDATE NO ACTION,
  CONSTRAINT `fk_cnt_cargo_boleto_3` FOREIGN KEY (`id_cuenta_promotor`) REFERENCES `cnt_plan_cuentas` (`id_plan_cuentas`) ON DELETE NO ACTION ON UPDATE NO ACTION,
  CONSTRAINT `fk_cnt_cargo_boleto_4` FOREIGN KEY (`id_nota_debito_transaccion`) REFERENCES `cnt_nota_debito_transaccion` (`id_nota_debito_transaccion`) ON DELETE SET NULL ON UPDATE NO ACTION,
  CONSTRAINT `fk_cnt_cargo_boleto_5` FOREIGN KEY (`id_nota_debito`) REFERENCES `cnt_nota_debito` (`id_nota_debito`) ON DELETE CASCADE ON UPDATE NO ACTION,
  CONSTRAINT `fk_cnt_cargo_boleto_6` FOREIGN KEY (`id_libro`) REFERENCES `cnt_comprobante_contable` (`id_libro`) ON DELETE SET NULL ON UPDATE NO ACTION
) ENGINE=InnoDB AUTO_INCREMENT=19 DEFAULT CHARSET=latin1;
/*!40101 SET character_set_client = @saved_cs_client */;

--
-- Dumping data for table `cnt_cargo_boleto`
--

--
-- Table structure for table `cnt_cliente`
--

DROP TABLE IF EXISTS `cnt_cliente`;
/*!40101 SET @saved_cs_client     = @@character_set_client */;
/*!40101 SET character_set_client = utf8 */;
CREATE TABLE `cnt_cliente` (
  `id_cliente` int(11) NOT NULL AUTO_INCREMENT,
  `id_cliente_grupo` int(11) DEFAULT NULL,
  `id_promotor` int(11) DEFAULT NULL,
  `id_cliente_corporativo` int(11) DEFAULT NULL,
  `nombre` varchar(128) DEFAULT NULL,
  `ci` varchar(12) DEFAULT NULL,
  `nit` varchar(12) DEFAULT NULL,
  `direccion` varchar(128) DEFAULT NULL,
  `telefono_fijo` varchar(32) DEFAULT NULL,
  `telefono_celular` varchar(32) DEFAULT NULL,
  `email` varchar(128) DEFAULT NULL,
  `estado` varchar(1) DEFAULT '0',
  `moneda_credito` varchar(1) DEFAULT 'D',
  `limite_credito` decimal(8,2) DEFAULT '0.00',
  `plazo_maximo` int(4) DEFAULT NULL,
  `interes_mora` decimal(5,2) DEFAULT NULL,
  `calc_automatico_interes` tinyint(1) DEFAULT NULL,
  `interes_desde` varchar(1) DEFAULT NULL,
  `representante` varchar(64) DEFAULT NULL,
  `representante_direccion` varchar(64) DEFAULT NULL,
  `representante_telefono` varchar(32) DEFAULT NULL,
  `representante_celular` varchar(32) DEFAULT NULL,
  `representante_ci` varchar(12) DEFAULT NULL,
  `fecha_alta` date DEFAULT NULL,
  PRIMARY KEY (`id_cliente`),
  KEY `id_cliente_grupo` (`id_cliente_grupo`),
  KEY `id_promotor` (`id_promotor`),
  KEY `cnt_cliente_ibfk_3` (`id_cliente_corporativo`),
  CONSTRAINT `cnt_cliente_ibfk_1` FOREIGN KEY (`id_cliente_grupo`) REFERENCES `cnt_cliente_grupo` (`id_cliente_grupo`) ON DELETE NO ACTION ON UPDATE NO ACTION,
  CONSTRAINT `cnt_cliente_ibfk_2` FOREIGN KEY (`id_promotor`) REFERENCES `cnt_promotor` (`id_promotor`) ON DELETE NO ACTION ON UPDATE NO ACTION,
  CONSTRAINT `cnt_cliente_ibfk_3` FOREIGN KEY (`id_cliente_corporativo`) REFERENCES `cnt_cliente` (`id_cliente`) ON DELETE CASCADE ON UPDATE NO ACTION
) ENGINE=InnoDB AUTO_INCREMENT=13379 DEFAULT CHARSET=latin1;
/*!40101 SET character_set_client = @saved_cs_client */;

--
-- Dumping data for table `cnt_cliente`
--

--
-- Table structure for table `cnt_cliente_grupo`
--

DROP TABLE IF EXISTS `cnt_cliente_grupo`;
/*!40101 SET @saved_cs_client     = @@character_set_client */;
/*!40101 SET character_set_client = utf8 */;
CREATE TABLE `cnt_cliente_grupo` (
  `id_cliente_grupo` int(11) NOT NULL AUTO_INCREMENT,
  `nombre` varchar(45) NOT NULL,
  PRIMARY KEY (`id_cliente_grupo`)
) ENGINE=InnoDB AUTO_INCREMENT=7 DEFAULT CHARSET=latin1;
/*!40101 SET character_set_client = @saved_cs_client */;

--
-- Dumping data for table `cnt_cliente_grupo`
--

LOCK TABLES `cnt_cliente_grupo` WRITE;
/*!40000 ALTER TABLE `cnt_cliente_grupo` DISABLE KEYS */;
INSERT INTO `cnt_cliente_grupo` VALUES (1,'PERSONA'),(2,'EMPRESA'),(3,'JURIDICA'),(4,'GUTIERREZ LEMAITRE MARIA ISABEL'),(5,'GUTIERREZ LEMAITRE MARIA ISABEL'),(6,'GUTIERREZ L. MARIA ISABEL');
/*!40000 ALTER TABLE `cnt_cliente_grupo` ENABLE KEYS */;
UNLOCK TABLES;

--
-- Table structure for table `cnt_cliente_pasajero`
--

DROP TABLE IF EXISTS `cnt_cliente_pasajero`;
/*!40101 SET @saved_cs_client     = @@character_set_client */;
/*!40101 SET character_set_client = utf8 */;
CREATE TABLE `cnt_cliente_pasajero` (
  `id_cliente_pasajero` int(11) NOT NULL AUTO_INCREMENT,
  `id_cliente` int(11) NOT NULL,
  `nombre_pasajero` varchar(64) DEFAULT NULL,
  PRIMARY KEY (`id_cliente_pasajero`),
  KEY `id_cliente` (`id_cliente`),
  CONSTRAINT `cnt_cliente_pasajero_ibfk_1` FOREIGN KEY (`id_cliente`) REFERENCES `cnt_cliente` (`id_cliente`) ON DELETE NO ACTION ON UPDATE NO ACTION
) ENGINE=InnoDB AUTO_INCREMENT=92 DEFAULT CHARSET=latin1;
/*!40101 SET character_set_client = @saved_cs_client */;

--
-- Dumping data for table `cnt_cliente_pasajero`
--


--
-- Table structure for table `cnt_cliente_solicitado`
--

DROP TABLE IF EXISTS `cnt_cliente_solicitado`;
/*!40101 SET @saved_cs_client     = @@character_set_client */;
/*!40101 SET character_set_client = utf8 */;
CREATE TABLE `cnt_cliente_solicitado` (
  `id_cliente_solicitado` int(11) NOT NULL AUTO_INCREMENT,
  `id_cliente` int(11) NOT NULL,
  `nombre` varchar(64) DEFAULT NULL,
  PRIMARY KEY (`id_cliente_solicitado`),
  KEY `id_cliente` (`id_cliente`),
  CONSTRAINT `cnt_cliente_solicitado_ibfk_1` FOREIGN KEY (`id_cliente`) REFERENCES `cnt_cliente` (`id_cliente`) ON DELETE CASCADE ON UPDATE NO ACTION
) ENGINE=InnoDB DEFAULT CHARSET=latin1;
/*!40101 SET character_set_client = @saved_cs_client */;

--
-- Dumping data for table `cnt_cliente_solicitado`
--

LOCK TABLES `cnt_cliente_solicitado` WRITE;
/*!40000 ALTER TABLE `cnt_cliente_solicitado` DISABLE KEYS */;
/*!40000 ALTER TABLE `cnt_cliente_solicitado` ENABLE KEYS */;
UNLOCK TABLES;

--
-- Table structure for table `cnt_com_promotor_aerolinea`
--

DROP TABLE IF EXISTS `cnt_com_promotor_aerolinea`;
/*!40101 SET @saved_cs_client     = @@character_set_client */;
/*!40101 SET character_set_client = utf8 */;
CREATE TABLE `cnt_com_promotor_aerolinea` (
  `id_comision_promotor` int(11) NOT NULL AUTO_INCREMENT,
  `id_promotor` int(11) NOT NULL,
  `id_aerolinea` int(11) NOT NULL,
  `tipo_aerolinea` varchar(1) NOT NULL,
  `monto_comision` decimal(6,2) NOT NULL DEFAULT '0.00',
  PRIMARY KEY (`id_comision_promotor`),
  KEY `id_promotor` (`id_promotor`),
  KEY `id_aerolinea` (`id_aerolinea`),
  CONSTRAINT `cnt_com_promotor_aerolinea_ibfk_1` FOREIGN KEY (`id_promotor`) REFERENCES `cnt_promotor` (`id_promotor`) ON DELETE NO ACTION ON UPDATE NO ACTION,
  CONSTRAINT `cnt_com_promotor_aerolinea_ibfk_2` FOREIGN KEY (`id_aerolinea`) REFERENCES `cnt_aerolinea` (`id_aerolinea`) ON DELETE CASCADE ON UPDATE NO ACTION
) ENGINE=InnoDB DEFAULT CHARSET=latin1 COMMENT='comision entre el promotor y las aerolineas\n';
/*!40101 SET character_set_client = @saved_cs_client */;

--
-- Dumping data for table `cnt_com_promotor_aerolinea`
--

LOCK TABLES `cnt_com_promotor_aerolinea` WRITE;
/*!40000 ALTER TABLE `cnt_com_promotor_aerolinea` DISABLE KEYS */;
/*!40000 ALTER TABLE `cnt_com_promotor_aerolinea` ENABLE KEYS */;
UNLOCK TABLES;

--
-- Table structure for table `cnt_comprobante_contable`
--

DROP TABLE IF EXISTS `cnt_comprobante_contable`;
/*!40101 SET @saved_cs_client     = @@character_set_client */;
/*!40101 SET character_set_client = utf8 */;
CREATE TABLE `cnt_comprobante_contable` (
  `id_libro` int(11) NOT NULL AUTO_INCREMENT,
  `id_numero_gestion` int(11) NOT NULL,
  `id_usuario_creador` varchar(16) NOT NULL,
  `id_usuario_anulado` varchar(16) DEFAULT NULL,
  `id_ingreso_caja` int(11) DEFAULT NULL,
  `id_nota_credito` int(11) DEFAULT NULL,
  `id_nota_debito` int(11) DEFAULT NULL,
  `id_pago_anticipado` int(11) DEFAULT NULL,
  `id_devolucion` int(11) DEFAULT NULL,
  `gestion` int(6) NOT NULL,
  `fecha` date NOT NULL,
  `concepto` varchar(128) DEFAULT NULL,
  `estado` varchar(2) DEFAULT NULL COMMENT 'ANULADO\nPENDIENTE\nRECUPERADO\nAPROBADO',
  `factor_cambiario` decimal(8,2) DEFAULT NULL,
  `tipo` varchar(2) DEFAULT NULL,
  `id_empresa` int(11) DEFAULT NULL,
  `total_debe_nac` decimal(12,2) DEFAULT NULL,
  `total_haber_nac` decimal(12,2) DEFAULT NULL,
  `total_debe_ext` decimal(12,2) DEFAULT NULL,
  `total_haber_ext` decimal(12,2) DEFAULT NULL,
  `fecha_insert` timestamp NULL DEFAULT NULL,
  `con_errores` varchar(4) DEFAULT NULL,
  `id_cliente` int(11) DEFAULT NULL,
  `nombre` varchar(64) DEFAULT NULL,
  PRIMARY KEY (`id_libro`),
  KEY `fk_cnt_comprobante_contable_1_idx` (`id_usuario_creador`),
  KEY `fk_cnt_comprobante_contable_1_idx1` (`id_nota_debito`),
  KEY `fk_cnt_comprobante_contable_2_idx` (`id_empresa`),
  KEY `index5` (`gestion`),
  KEY `fk_cnt_comprobante_contable_3_idx` (`id_cliente`),
  KEY `fk_cnt_comprobante_contable_4_idx` (`id_ingreso_caja`),
  KEY `fk_cnt_comprobante_contable_5_idx` (`id_nota_credito`),
  KEY `fk_cnt_comprobante_contable_6_idx` (`id_pago_anticipado`),
  KEY `fk_cnt_comprobante_contable_7_idx` (`id_devolucion`),
  CONSTRAINT `fk_cnt_comprobante_contable_1` FOREIGN KEY (`id_nota_debito`) REFERENCES `cnt_nota_debito` (`id_nota_debito`) ON DELETE CASCADE ON UPDATE NO ACTION,
  CONSTRAINT `fk_cnt_comprobante_contable_2` FOREIGN KEY (`id_empresa`) REFERENCES `tb_empresa` (`id_empresa`) ON DELETE NO ACTION ON UPDATE NO ACTION,
  CONSTRAINT `fk_cnt_comprobante_contable_3` FOREIGN KEY (`id_cliente`) REFERENCES `cnt_cliente` (`id_cliente`) ON DELETE NO ACTION ON UPDATE NO ACTION,
  CONSTRAINT `fk_cnt_comprobante_contable_4` FOREIGN KEY (`id_ingreso_caja`) REFERENCES `cnt_ingreso_caja` (`id_ingreso_caja`) ON DELETE CASCADE ON UPDATE NO ACTION,
  CONSTRAINT `fk_cnt_comprobante_contable_5` FOREIGN KEY (`id_nota_credito`) REFERENCES `cnt_nota_credito` (`id_nota_credito`) ON DELETE CASCADE ON UPDATE NO ACTION,
  CONSTRAINT `fk_cnt_comprobante_contable_6` FOREIGN KEY (`id_pago_anticipado`) REFERENCES `cnt_pago_anticipado` (`id_pago_anticipado`) ON DELETE CASCADE ON UPDATE NO ACTION,
  CONSTRAINT `fk_cnt_comprobante_contable_7` FOREIGN KEY (`id_devolucion`) REFERENCES `cnt_devolucion` (`id_devolucion`) ON DELETE CASCADE ON UPDATE CASCADE
) ENGINE=InnoDB AUTO_INCREMENT=140 DEFAULT CHARSET=latin1;
/*!40101 SET character_set_client = @saved_cs_client */;

--
-- Dumping data for table `cnt_comprobante_contable`
--

LOCK TABLES `cnt_comprobante_contable` WRITE;
/*!40000 ALTER TABLE `cnt_comprobante_contable` DISABLE KEYS */;
INSERT INTO `cnt_comprobante_contable` VALUES (96,1,'admin',NULL,20000000,NULL,NULL,NULL,NULL,201906,'2019-06-05','EMISION :1 PAQUETE(S), ','E',6.96,'CI',1,300.00,300.00,43.10,43.10,'2019-06-06 03:17:22',NULL,12718,NULL),(97,1,'admin',NULL,NULL,NULL,10000000,NULL,NULL,201906,'2019-06-05','EMISION :1 PAQUETE(S), ','E',6.96,'AD',1,300.00,300.00,43.10,43.10,'2019-06-06 03:17:22',NULL,12718,NULL),(98,2,'admin',NULL,NULL,NULL,10000001,NULL,NULL,201906,'2019-06-05','EMISION :1 BOLETO(S), ','E',6.96,'AD',1,370.00,370.00,53.16,53.16,'2019-06-06 03:18:24',NULL,12718,NULL),(99,2,'admin',NULL,20000001,NULL,NULL,NULL,NULL,201906,'2019-06-05','PAGO POR NOTAS DE DEBITO #:10000001','E',6.96,'CI',1,70.00,70.00,10.05,10.05,'2019-06-06 03:19:34',NULL,12718,'PREFORTE S.A.'),(100,3,'admin',NULL,20000002,NULL,NULL,NULL,NULL,201906,'2019-06-08','PAGO POR NOTAS DE DEBITO #:10000001','E',6.96,'CI',1,100.00,100.00,14.36,14.36,'2019-06-08 15:27:18',NULL,12718,'PREFORTE S.A.'),(101,3,'admin',NULL,NULL,NULL,10000002,NULL,NULL,201906,'2019-06-07','EMISION :1 PAQUETE(S), ','E',6.96,'AD',1,350.00,350.00,50.28,50.28,'2019-06-08 16:09:55',NULL,12718,NULL),(102,4,'admin',NULL,20000003,NULL,NULL,NULL,NULL,201906,'2019-06-08','EMISION :1 SEGURO(S)','E',6.96,'CI',1,350.00,350.00,50.28,50.28,'2019-06-08 16:16:38',NULL,12718,NULL),(103,4,'admin',NULL,NULL,NULL,10000003,NULL,NULL,201906,'2019-06-08','EMISION :1 SEGURO(S)','E',6.96,'AD',1,350.00,350.00,50.28,50.28,'2019-06-08 16:16:38',NULL,12718,NULL),(104,5,'admin',NULL,20000004,NULL,NULL,NULL,NULL,201906,'2019-06-08','EMISION :1 PAQUETE(S), ','E',6.96,'CI',1,225.00,225.00,32.32,32.32,'2019-06-08 17:03:45',NULL,12718,NULL),(105,5,'admin',NULL,NULL,NULL,10000004,NULL,NULL,201906,'2019-06-08','EMISION :1 PAQUETE(S), ','E',6.96,'AD',1,225.00,225.00,32.32,32.32,'2019-06-08 17:03:45',NULL,12718,NULL),(106,6,'admin',NULL,20000005,NULL,NULL,NULL,NULL,201906,'2019-06-08','EMISION :1 ALQUILER(ES), ','E',6.96,'CI',1,765.60,765.60,110.00,110.00,'2019-06-08 17:08:10',NULL,12718,NULL),(107,6,'admin',NULL,NULL,NULL,10000005,NULL,NULL,201906,'2019-06-08','EMISION :1 ALQUILER(ES), ','E',6.96,'AD',1,765.60,765.60,110.00,110.00,'2019-06-08 17:08:10',NULL,12718,NULL),(108,7,'admin',NULL,20000006,NULL,NULL,NULL,NULL,201906,'2019-06-08','PAGO POR NOTAS DE DEBITO #:10000001','E',6.96,'CI',1,10.00,10.00,1.43,1.43,'2019-06-08 17:14:10',NULL,12718,'PREFORTE S.A.'),(109,8,'admin','admin',20000007,NULL,NULL,NULL,NULL,201906,'2019-06-08','PAGO POR NOTAS DE DEBITO #:10000001','A',6.96,'CI',1,NULL,NULL,NULL,NULL,'2019-06-08 17:17:52',NULL,12718,'PREFORTE S.A.'),(113,9,'admin','admin',20000008,NULL,NULL,NULL,NULL,201906,'2019-06-08','PAGO POR NOTAS DE DEBITO #:10000001','A',6.96,'CI',1,NULL,NULL,NULL,NULL,'2019-06-08 17:48:02',NULL,12718,'PREFORTE S.A.'),(114,10,'admin',NULL,NULL,NULL,NULL,1,NULL,201906,'2019-06-08','PRUEBA 100 BOLIVIANOS CHEQUET','E',6.96,'CI',1,100.00,100.00,14.36,14.36,'2019-06-08 17:49:57',NULL,12718,NULL),(115,7,'admin',NULL,NULL,NULL,NULL,1,NULL,201906,'2019-06-08','OB/#2342342342/JOSE MIGUEL LANZA/VVI/CBB///','E',6.96,'AD',1,50.00,50.00,7.18,7.18,'2019-06-08 17:52:04',NULL,12718,NULL),(116,8,'admin',NULL,NULL,NULL,NULL,1,NULL,201906,'2019-06-08','OB/#2342342342/JOSE MIGUEL LANZA/VVI/CBB///','E',6.96,'AD',1,10.00,10.00,1.43,1.43,'2019-06-08 18:03:27',NULL,12718,NULL),(117,11,'admin',NULL,NULL,NULL,NULL,2,NULL,201906,'2019-06-08','PRUEBA TARJETA','E',6.96,'CI',1,200.00,200.00,28.73,28.73,'2019-06-08 18:07:12',NULL,12718,NULL),(118,1,'admin',NULL,NULL,NULL,NULL,NULL,1,201906,'2019-06-08','PRUEBA DE DEVOLUCION','E',6.96,'CE',1,10.00,10.00,1.43,1.43,'2019-06-08 18:09:50',NULL,12718,'PREFORTE S.A.'),(119,12,'admin',NULL,NULL,NULL,NULL,3,NULL,201906,'2019-06-08','ACREDITACION CON DEPOSITO','E',6.96,'CI',1,300.00,300.00,43.10,43.10,'2019-06-08 18:13:05',NULL,12718,NULL),(120,2,'admin',NULL,NULL,NULL,NULL,NULL,2,201906,'2019-06-08','DEVOLUCION CHEQUE','E',6.96,'CE',1,10.00,10.00,1.43,1.43,'2019-06-08 18:20:21',NULL,12718,'PREFORTE S.A.'),(121,3,'admin',NULL,NULL,NULL,NULL,NULL,3,201906,'2019-06-08','DEVOLUCION CHEQUE 2DA','E',6.96,'CE',1,10.00,10.00,1.43,1.43,'2019-06-08 18:27:03',NULL,12718,'PREFORTE S.A.'),(122,4,'admin','',NULL,NULL,NULL,NULL,NULL,201906,'2019-06-08','EGRESO PAGO SUELDOS','E',6.96,'CE',1,800.00,800.00,114.94,114.94,'2019-06-08 18:30:49','N',NULL,'BANCO GANADERO'),(123,9,'admin','admin',NULL,1,NULL,NULL,NULL,201906,'2019-06-08','PRUEBA CREDITO','A',6.96,'AD',1,NULL,NULL,NULL,NULL,'2019-06-08 18:36:13',NULL,12718,NULL),(124,13,'admin',NULL,20000009,NULL,NULL,NULL,NULL,201906,'2019-06-08','PAGO POR NOTAS DE DEBITO #:10000001','E',6.96,'CI',1,130.00,130.00,18.67,18.67,'2019-06-09 00:16:37',NULL,12718,'PREFORTE S.A.'),(125,10,'admin',NULL,NULL,NULL,NULL,1,NULL,201906,'2019-06-08','ASDFASDFASDFADS','E',6.96,'AD',1,1.00,1.00,0.14,0.14,'2019-06-09 01:41:46',NULL,12718,NULL),(126,5,'admin',NULL,NULL,NULL,NULL,NULL,60000000,201906,'2019-06-08','DEV','E',6.96,'CE',1,1.00,1.00,0.14,0.14,'2019-06-09 02:39:55',NULL,12718,'PREFORTE S.A.'),(127,11,'admin',NULL,NULL,50000001,NULL,NULL,NULL,201906,'2019-06-08','ASDFASFASDFASDF','E',6.96,'AD',1,5.00,5.00,0.71,0.71,'2019-06-09 03:44:20',NULL,12718,NULL),(128,6,'admin','',NULL,NULL,NULL,NULL,NULL,201906,'2019-06-09','SUELDOS','E',6.96,'CE',1,100.00,100.00,14.37,14.37,'2019-06-09 05:58:32','N',NULL,'PAGO SUELDOS'),(129,7,'admin','',NULL,NULL,NULL,NULL,NULL,201906,'2019-06-09','SUELDOS','E',6.96,'CE',1,100.00,100.00,14.37,14.37,'2019-06-09 06:03:58','N',NULL,'SUELDOS'),(130,8,'admin','',NULL,NULL,NULL,NULL,NULL,201906,'2019-06-09','ASDFASDFSADFASDF','E',6.96,'CE',1,100.00,100.00,14.37,14.37,'2019-06-09 06:20:59','N',NULL,'ASDFASDFASDF'),(131,9,'admin','',NULL,NULL,NULL,NULL,NULL,201906,'2019-06-09','ESTA ES UNA PRUEBA','P',6.96,'CE',1,100.00,100.00,14.37,14.37,'2019-06-09 22:43:06','S',NULL,'COMPROBANTE PENDIENTE'),(132,14,'admin',NULL,NULL,NULL,NULL,4,NULL,201906,'2019-06-09','ASDFSADFSD','E',6.96,'CI',1,100.00,100.00,14.36,14.36,'2019-06-10 00:54:52',NULL,12718,NULL),(133,15,'admin',NULL,NULL,NULL,NULL,5,NULL,201906,'2019-06-09','PAGO PUEBA 100 BS','E',6.96,'CI',1,100.00,100.00,14.36,14.36,'2019-06-10 02:34:29',NULL,12718,NULL),(134,12,'admin',NULL,NULL,NULL,NULL,5,NULL,201906,'2019-06-09','ASDFASDFASDFADS','E',6.96,'AD',1,10.00,10.00,1.43,1.43,'2019-06-10 02:52:22',NULL,12718,NULL),(135,10,'admin',NULL,NULL,NULL,NULL,NULL,60000001,201906,'2019-06-09','DEVOLUCION PRUEBA','E',6.96,'CE',1,1.00,1.00,0.14,0.14,'2019-06-10 04:17:44',NULL,12718,'PREFORTE S.A.'),(136,11,'admin',NULL,NULL,NULL,NULL,NULL,60000002,201906,'2019-06-09','PRUEBA DEVOLUCION 1 BS','E',6.96,'CE',1,1.00,1.00,0.14,0.14,'2019-06-10 04:50:13',NULL,12718,'PREFORTE S.A.'),(137,16,'admin',NULL,20000011,NULL,NULL,NULL,NULL,201906,'2019-06-10','PAGO POR NOTAS DE DEBITO #:10000002','E',6.96,'CI',1,20.00,20.00,2.86,2.86,'2019-06-10 05:25:35',NULL,12718,'PREFORTE S.A.'),(138,17,'admin',NULL,20000012,NULL,NULL,NULL,NULL,201906,'2019-06-10','PAGO POR NOTAS DE DEBITO #:10000002','E',6.96,'CI',1,4.00,4.00,0.56,0.56,'2019-06-10 05:38:11',NULL,12718,'PREFORTE S.A.'),(139,13,'admin',NULL,NULL,50000002,NULL,NULL,NULL,201906,'2019-06-10','PRUEBA NOTA CREDITO','E',6.96,'AD',1,6.00,6.00,0.86,0.86,'2019-06-10 05:43:04',NULL,12718,NULL);
/*!40000 ALTER TABLE `cnt_comprobante_contable` ENABLE KEYS */;
UNLOCK TABLES;
/*!50003 SET @saved_cs_client      = @@character_set_client */ ;
/*!50003 SET @saved_cs_results     = @@character_set_results */ ;
/*!50003 SET @saved_col_connection = @@collation_connection */ ;
/*!50003 SET character_set_client  = utf8 */ ;
/*!50003 SET character_set_results = utf8 */ ;
/*!50003 SET collation_connection  = utf8_general_ci */ ;
/*!50003 SET @saved_sql_mode       = @@sql_mode */ ;
/*!50003 SET sql_mode              = 'ONLY_FULL_GROUP_BY,STRICT_TRANS_TABLES,NO_ZERO_IN_DATE,NO_ZERO_DATE,ERROR_FOR_DIVISION_BY_ZERO,NO_ENGINE_SUBSTITUTION' */ ;
DELIMITER ;;
/*!50003 CREATE*/ /*!50017 DEFINER=`web_contabilidad`@`localhost`*/ /*!50003 TRIGGER `db_travel`.`cnt_comprobante_contable_BEFORE_UPDATE` BEFORE UPDATE ON `cnt_comprobante_contable` FOR EACH ROW
BEGIN
	IF new.estado = 'A' THEN
		UPDATE cnt_asiento_contable
        SET estado = 'A'
        WHERE id_libro = new.id_libro;
	END IF ;
END */;;
DELIMITER ;
/*!50003 SET sql_mode              = @saved_sql_mode */ ;
/*!50003 SET character_set_client  = @saved_cs_client */ ;
/*!50003 SET character_set_results = @saved_cs_results */ ;
/*!50003 SET collation_connection  = @saved_col_connection */ ;

--
-- Table structure for table `cnt_cuenta_banco`
--

DROP TABLE IF EXISTS `cnt_cuenta_banco`;
/*!40101 SET @saved_cs_client     = @@character_set_client */;
/*!40101 SET character_set_client = utf8 */;
CREATE TABLE `cnt_cuenta_banco` (
  `id_cuenta_banco` int(11) NOT NULL AUTO_INCREMENT,
  `id_plan_cuentas` int(11) NOT NULL,
  `id_banco` int(10) unsigned NOT NULL,
  `descripcion` varchar(45) DEFAULT NULL,
  PRIMARY KEY (`id_cuenta_banco`),
  KEY `id_banco` (`id_banco`),
  KEY `id_plan_cuentas` (`id_plan_cuentas`),
  CONSTRAINT `cnt_cuenta_banco_ibfk_1` FOREIGN KEY (`id_banco`) REFERENCES `cnt_bancos` (`id_banco`) ON DELETE CASCADE ON UPDATE NO ACTION,
  CONSTRAINT `cnt_cuenta_banco_ibfk_2` FOREIGN KEY (`id_plan_cuentas`) REFERENCES `cnt_plan_cuentas` (`id_plan_cuentas`) ON DELETE CASCADE ON UPDATE NO ACTION
) ENGINE=InnoDB AUTO_INCREMENT=9 DEFAULT CHARSET=latin1;
/*!40101 SET character_set_client = @saved_cs_client */;

--
-- Dumping data for table `cnt_cuenta_banco`
--


--
-- Table structure for table `cnt_debito_ingreso`
--

DROP TABLE IF EXISTS `cnt_debito_ingreso`;
/*!40101 SET @saved_cs_client     = @@character_set_client */;
/*!40101 SET character_set_client = utf8 */;
CREATE TABLE `cnt_debito_ingreso` (
  `id_debito_ingreso` int(11) NOT NULL AUTO_INCREMENT,
  `id_nota_debito` int(11) NOT NULL,
  `id_ingreso_caja` int(11) NOT NULL,
  PRIMARY KEY (`id_debito_ingreso`),
  KEY `fk_cnt_debito_ingreso_1_idx` (`id_ingreso_caja`),
  KEY `fk_cnt_debito_ingreso_2_idx` (`id_nota_debito`),
  CONSTRAINT `fk_cnt_debito_ingreso_1` FOREIGN KEY (`id_ingreso_caja`) REFERENCES `cnt_ingreso_caja` (`id_ingreso_caja`) ON DELETE CASCADE ON UPDATE NO ACTION,
  CONSTRAINT `fk_cnt_debito_ingreso_2` FOREIGN KEY (`id_nota_debito`) REFERENCES `cnt_nota_debito` (`id_nota_debito`) ON DELETE CASCADE ON UPDATE NO ACTION
) ENGINE=InnoDB AUTO_INCREMENT=31 DEFAULT CHARSET=latin1;
/*!40101 SET character_set_client = @saved_cs_client */;

--
-- Dumping data for table `cnt_debito_ingreso`
--


--
-- Table structure for table `cnt_devolucion`
--

DROP TABLE IF EXISTS `cnt_devolucion`;
/*!40101 SET @saved_cs_client     = @@character_set_client */;
/*!40101 SET character_set_client = utf8 */;
CREATE TABLE `cnt_devolucion` (
  `id_devolucion` int(11) NOT NULL AUTO_INCREMENT,
  `id_cliente` int(11) DEFAULT NULL,
  `id_nota_debito` int(11) DEFAULT NULL,
  `id_pago_anticipado` int(11) DEFAULT NULL,
  `fecha_emision` date DEFAULT NULL,
  `moneda` varchar(1) DEFAULT NULL,
  `factor_cambiario` decimal(12,2) DEFAULT NULL,
  `monto` decimal(12,2) DEFAULT NULL,
  `concepto` varchar(256) DEFAULT NULL,
  `tipo_devolucion` varchar(1) DEFAULT NULL COMMENT 'EFECTIVO\nCHEQUE\n',
  `nro_deposito` varchar(20) DEFAULT NULL,
  `nro_cheque` varchar(20) DEFAULT NULL,
  `id_cuenta_deposito` int(11) DEFAULT NULL,
  `fecha_insert` timestamp NULL DEFAULT NULL,
  `id_usuario_creador` varchar(16) DEFAULT NULL,
  `estado` varchar(1) DEFAULT NULL,
  `id_empresa` int(11) DEFAULT NULL,
  PRIMARY KEY (`id_devolucion`),
  KEY `fk_cnt_devolucion_1_idx` (`id_cliente`),
  KEY `fk_cnt_devolucion_2_idx` (`id_nota_debito`),
  KEY `fk_cnt_devolucion_3_idx` (`id_pago_anticipado`),
  KEY `fk_cnt_devolucion_4_idx` (`id_empresa`),
  CONSTRAINT `fk_cnt_devolucion_1` FOREIGN KEY (`id_cliente`) REFERENCES `cnt_cliente` (`id_cliente`) ON DELETE CASCADE ON UPDATE NO ACTION,
  CONSTRAINT `fk_cnt_devolucion_2` FOREIGN KEY (`id_nota_debito`) REFERENCES `cnt_nota_debito` (`id_nota_debito`) ON DELETE CASCADE ON UPDATE NO ACTION,
  CONSTRAINT `fk_cnt_devolucion_3` FOREIGN KEY (`id_pago_anticipado`) REFERENCES `cnt_pago_anticipado` (`id_pago_anticipado`) ON DELETE CASCADE ON UPDATE NO ACTION,
  CONSTRAINT `fk_cnt_devolucion_4` FOREIGN KEY (`id_empresa`) REFERENCES `tb_empresa` (`id_empresa`) ON DELETE NO ACTION ON UPDATE NO ACTION
) ENGINE=InnoDB AUTO_INCREMENT=60000003 DEFAULT CHARSET=latin1;
/*!40101 SET character_set_client = @saved_cs_client */;

--
-- Dumping data for table `cnt_devolucion`
--



--
-- Table structure for table `cnt_emision_boleto`
--

DROP TABLE IF EXISTS `cnt_emision_boleto`;
/*!40101 SET @saved_cs_client     = @@character_set_client */;
/*!40101 SET character_set_client = utf8 */;
CREATE TABLE `cnt_emision_boleto` (
  `id_emision` varchar(4) NOT NULL,
  `nombre` varchar(45) DEFAULT NULL,
  `orden` int(11) DEFAULT NULL,
  PRIMARY KEY (`id_emision`)
) ENGINE=InnoDB DEFAULT CHARSET=latin1;
/*!40101 SET character_set_client = @saved_cs_client */;

--
-- Dumping data for table `cnt_emision_boleto`
--

LOCK TABLES `cnt_emision_boleto` WRITE;
/*!40000 ALTER TABLE `cnt_emision_boleto` DISABLE KEYS */;
INSERT INTO `cnt_emision_boleto` VALUES ('CHG','Canje por otro TKT Emitido',3),('CNX','Conexion',2),('MPD','EMD',6),('TKT','Emision TKT',1);
/*!40000 ALTER TABLE `cnt_emision_boleto` ENABLE KEYS */;
UNLOCK TABLES;

--
-- Table structure for table `cnt_factor_cambio`
--

DROP TABLE IF EXISTS `cnt_factor_cambio`;
/*!40101 SET @saved_cs_client     = @@character_set_client */;
/*!40101 SET character_set_client = utf8 */;
CREATE TABLE `cnt_factor_cambio` (
  `fecha` text,
  `factor` double DEFAULT NULL
) ENGINE=InnoDB DEFAULT CHARSET=latin1;
/*!40101 SET character_set_client = @saved_cs_client */;

--
-- Dumping data for table `cnt_factor_cambio`
--

LOCK TABLES `cnt_factor_cambio` WRITE;
/*!40000 ALTER TABLE `cnt_factor_cambio` DISABLE KEYS */;
INSERT INTO `cnt_factor_cambio` VALUES ('01/01/2006',8.08),('02/01/2006',8.08),('03/01/2006',8.08),('04/01/2006',8.08),('05/01/2006',8.08),('06/01/2006',8.08),('07/01/2006',8.08),('08/01/2006',8.08),('09/01/2006',8.08),('10/01/2006',8.08),('11/01/2006',8.08),('12/01/2006',8.08),('13/01/2006',8.08),('14/01/2006',8.08),('15/01/2006',8.08),('16/01/2006',8.08),('17/01/2006',8.08),('18/01/2006',8.08),('19/01/2006',8.08),('20/01/2006',8.08),('21/01/2006',8.08),('22/01/2006',8.08),('23/01/2006',8.08),('24/01/2006',8.08),('25/01/2006',8.08),('26/01/2006',8.08),('27/01/2006',8.08),('28/01/2006',8.08),('29/01/2006',8.08),('30/01/2006',8.08),('31/01/2006',8.08),('01/02/2006',8.08),('02/02/2006',8.08),('03/02/2006',8.08),('04/02/2006',8.08),('05/02/2006',8.08),('06/02/2006',8.08),('07/02/2006',8.08),('08/02/2006',8.08),('09/02/2006',8.08),('10/02/2006',8.08),('11/02/2006',8.08),('12/02/2006',8.08),('13/02/2006',8.08),('14/02/2006',8.08),('15/02/2006',8.08),('16/02/2006',8.07),('17/02/2006',8.07),('18/02/2006',8.07),('19/02/2006',8.07),('20/02/2006',8.07),('21/02/2006',8.07),('22/02/2006',8.07),('23/02/2006',8.07),('24/02/2006',8.07),('25/02/2006',8.07),('26/02/2006',8.07),('27/02/2006',8.07),('28/02/2006',8.07),('01/03/2006',8.07),('02/03/2006',8.07),('03/03/2006',8.07),('04/03/2006',8.07),('05/03/2006',8.07),('06/03/2006',8.07),('07/03/2006',8.07),('08/03/2006',8.07),('09/03/2006',8.07),('10/03/2006',8.07),('11/03/2006',8.07),('12/03/2006',8.07),('13/03/2006',8.07),('14/03/2006',8.07),('15/03/2006',8.07),('16/03/2006',8.07),('17/03/2006',8.07),('18/03/2006',8.07),('19/03/2006',8.07),('20/03/2006',8.07),('21/03/2006',8.07),('22/03/2006',8.07),('23/03/2006',8.07),('24/03/2006',8.07),('25/03/2006',8.07),('26/03/2006',8.07),('27/03/2006',8.07),('28/03/2006',8.07),('29/03/2006',8.07),('30/03/2006',8.07),('31/03/2006',8.07),('01/04/2006',8.07),('02/04/2006',8.07),('03/04/2006',8.07),('04/04/2006',8.07),('05/04/2006',8.07),('06/04/2006',8.07),('07/04/2006',8.07),('08/04/2006',8.07),('09/04/2006',8.07),('10/04/2006',8.07),('11/04/2006',8.07),('12/04/2006',8.07),('13/04/2006',8.07),('14/04/2006',8.07),('15/04/2006',8.07),('16/04/2006',8.07),('17/04/2006',8.07),('18/04/2006',8.07),('19/04/2006',8.07),('20/04/2006',8.07),('21/04/2006',8.07),('22/04/2006',8.07),('23/04/2006',8.07),('24/04/2006',8.07),('25/04/2006',8.07),('26/04/2006',8.07),('27/04/2006',8.07),('28/04/2006',8.07),('29/04/2006',8.07),('30/04/2006',8.07),('01/05/2006',8.07),('02/05/2006',8.07),('03/05/2006',8.07),('04/05/2006',8.07),('05/05/2006',8.07),('06/05/2006',8.07),('07/05/2006',8.07),('08/05/2006',8.07),('09/05/2006',8.07),('10/05/2006',8.07),('11/05/2006',8.06),('12/05/2006',8.06),('13/05/2006',8.06),('14/05/2006',8.06),('15/05/2006',8.06),('16/05/2006',8.06),('17/05/2006',8.06),('18/05/2006',8.06),('19/05/2006',8.06),('20/05/2006',8.06),('21/05/2006',8.06),('22/05/2006',8.06),('23/05/2006',8.06),('24/05/2006',8.06),('25/05/2006',8.06),('26/05/2006',8.06),('27/05/2006',8.06),('28/05/2006',8.06),('29/05/2006',8.06),('30/05/2006',8.06),('31/05/2006',8.06),('01/06/2006',8.06),('02/06/2006',8.06),('03/06/2006',8.06),('04/06/2006',8.06),('05/06/2006',8.06),('06/06/2006',8.06),('07/06/2006',8.06),('08/06/2006',8.06),('09/06/2006',8.06),('10/06/2006',8.06),('11/06/2006',8.06),('12/06/2006',8.06),('13/06/2006',8.06),('14/06/2006',8.06),('15/06/2006',8.06),('16/06/2006',8.06),('17/06/2006',8.06),('18/06/2006',8.06),('19/06/2006',8.06),('20/06/2006',8.06),('21/06/2006',8.06),('22/06/2006',8.06),('23/06/2006',8.06),('24/06/2006',8.06),('25/06/2006',8.06),('26/06/2006',8.06),('27/06/2006',8.06),('28/06/2006',8.06),('29/06/2006',8.06),('30/06/2006',8.06),('01/07/2006',8.06),('02/07/2006',8.06),('03/07/2006',8.06),('04/07/2006',8.06),('05/07/2006',8.06),('06/07/2006',8.06),('07/07/2006',8.06),('08/07/2006',8.06),('09/07/2006',8.06),('10/07/2006',8.06),('11/07/2006',8.06),('12/07/2006',8.06),('13/07/2006',8.06),('14/07/2006',8.06),('15/07/2006',8.06),('16/07/2006',8.06),('17/07/2006',8.06),('18/07/2006',8.06),('19/07/2006',8.06),('20/07/2006',8.06),('21/07/2006',8.06),('22/07/2006',8.06),('23/07/2006',8.06),('24/07/2006',8.06),('25/07/2006',8.06),('26/07/2006',8.06),('27/07/2006',8.06),('28/07/2006',8.06),('29/07/2006',8.06),('30/07/2006',8.06),('31/07/2006',8.06),('01/08/2006',8.06),('02/08/2006',8.06),('03/08/2006',8.06),('04/08/2006',8.06),('05/08/2006',8.06),('06/08/2006',8.06),('07/08/2006',8.06),('08/08/2006',8.06),('09/08/2006',8.06),('10/08/2006',8.06),('11/08/2006',8.06),('12/08/2006',8.06),('13/08/2006',8.06),('14/08/2006',8.06),('15/08/2006',8.06),('16/08/2006',8.06),('17/08/2006',8.06),('18/08/2006',8.06),('19/08/2006',8.06),('20/08/2006',8.06),('21/08/2006',8.06),('22/08/2006',8.06),('23/08/2006',8.06),('24/08/2006',8.05),('25/08/2006',8.05),('26/08/2006',8.05),('27/08/2006',8.05),('28/08/2006',8.05),('29/08/2006',8.05),('30/08/2006',8.05),('31/08/2006',8.05),('01/09/2006',8.05),('02/09/2006',8.05),('03/09/2006',8.05),('04/09/2006',8.05),('05/09/2006',8.05),('06/09/2006',8.05),('07/09/2006',8.05),('08/09/2006',8.05),('09/09/2006',8.05),('10/09/2006',8.05),('11/09/2006',8.05),('12/09/2006',8.05),('13/09/2006',8.05),('14/09/2006',8.05),('15/09/2006',8.05),('16/09/2006',8.05),('17/09/2006',8.05),('18/09/2006',8.05),('19/09/2006',8.05),('20/09/2006',8.05),('21/09/2006',8.05),('22/09/2006',8.05),('23/09/2006',8.05),('24/09/2006',8.05),('25/09/2006',8.05),('26/09/2006',8.05),('27/09/2006',8.05),('28/09/2006',8.05),('29/09/2006',8.05),('30/09/2006',8.05),('01/10/2006',8.05),('02/10/2006',8.05),('03/10/2006',8.05),('04/10/2006',8.05),('05/10/2006',8.05),('06/10/2006',8.05),('07/10/2006',8.05),('08/10/2006',8.05),('09/10/2006',8.05),('10/10/2006',8.05),('11/10/2006',8.05),('12/10/2006',8.05),('13/10/2006',8.05),('14/10/2006',8.05),('15/10/2006',8.05),('16/10/2006',8.05),('17/10/2006',8.05),('18/10/2006',8.05),('19/10/2006',8.05),('20/10/2006',8.05),('21/10/2006',8.05),('22/10/2006',8.05),('23/10/2006',8.05),('24/10/2006',8.05),('25/10/2006',8.05),('26/10/2006',8.05),('27/10/2006',8.05),('28/10/2006',8.05),('29/10/2006',8.05),('30/10/2006',8.05),('31/10/2006',8.05),('01/11/2006',8.05),('02/11/2006',8.05),('03/11/2006',8.05),('04/11/2006',8.05),('05/11/2006',8.05),('06/11/2006',8.05),('07/11/2006',8.05),('08/11/2006',8.05),('09/11/2006',8.05),('10/11/2006',8.05),('11/11/2006',8.05),('12/11/2006',8.05),('13/11/2006',8.05),('14/11/2006',8.05),('15/11/2006',8.05),('16/11/2006',8.05),('17/11/2006',8.05),('18/11/2006',8.05),('19/11/2006',8.05),('20/11/2006',8.05),('21/11/2006',8.05),('22/11/2006',8.05),('23/11/2006',8.05),('24/11/2006',8.05),('25/11/2006',8.05),('26/11/2006',8.05),('27/11/2006',8.05),('28/11/2006',8.05),('29/11/2006',8.05),('30/11/2006',8.05),('01/12/2006',8.05),('02/12/2006',8.05),('03/12/2006',8.05),('04/12/2006',8.05),('05/12/2006',8.05),('06/12/2006',8.05),('07/12/2006',8.05),('08/12/2006',8.05),('09/12/2006',8.05),('10/12/2006',8.05),('11/12/2006',8.05),('12/12/2006',8.05),('13/12/2006',8.05),('14/12/2006',8.05),('15/12/2006',8.05),('16/12/2006',8.04),('17/12/2006',8.04),('18/12/2006',8.04),('19/12/2006',8.04),('20/12/2006',8.04),('21/12/2006',8.04),('22/12/2006',8.04),('23/12/2006',8.04),('24/12/2006',8.04),('25/12/2006',8.04),('26/12/2006',8.04),('27/12/2006',8.04),('28/12/2006',8.04),('29/12/2006',8.04),('30/12/2006',8.04),('31/12/2006',8.04),('01/01/2007',8.04),('02/01/2007',8.03),('03/01/2007',8.03),('04/01/2007',8.03),('05/01/2007',8.03),('06/01/2007',8.03),('07/01/2007',8.03),('08/01/2007',8.03),('09/01/2007',8.03),('10/01/2007',8.03),('11/01/2007',8.03),('12/01/2007',8.03),('13/01/2007',8.02),('14/01/2007',8.02),('15/01/2007',8.02),('16/01/2007',8.01),('17/01/2007',8.01),('18/01/2007',8.01),('19/01/2007',8.01),('20/01/2007',8.01),('21/01/2007',8.01),('22/01/2007',8.01),('23/01/2007',8.01),('24/01/2007',8.01),('25/01/2007',8.01),('26/01/2007',8.01),('27/01/2007',8.01),('28/01/2007',8.01),('29/01/2007',8.01),('30/01/2007',8.01),('31/01/2007',8.01),('01/02/2007',8.01),('02/02/2007',8.01),('03/02/2007',8.01),('04/02/2007',8.01),('05/02/2007',8.01),('06/02/2007',8.01),('07/02/2007',8.01),('08/02/2007',8.01),('09/02/2007',8.01),('10/02/2007',8.01),('11/02/2007',8.01),('12/02/2007',8.01),('13/02/2007',8.01),('14/02/2007',8.01),('15/02/2007',8.01),('16/02/2007',8.01),('17/02/2007',8.01),('18/02/2007',8.01),('19/02/2007',8.01),('20/02/2007',8.01),('21/02/2007',8.01),('22/02/2007',8.01),('23/02/2007',8),('24/02/2007',8),('25/02/2007',8),('26/02/2007',8),('27/02/2007',8),('28/02/2007',8),('01/03/2007',8),('02/03/2007',8),('03/03/2007',8),('04/03/2007',8),('05/03/2007',8),('06/03/2007',8),('07/03/2007',8),('08/03/2007',8),('09/03/2007',8),('10/03/2007',8),('11/03/2007',8),('12/03/2007',8),('13/03/2007',8),('14/03/2007',8),('15/03/2007',8),('16/03/2007',8),('17/03/2007',8),('18/03/2007',8),('19/03/2007',8),('20/03/2007',8),('21/03/2007',8),('22/03/2007',8),('23/03/2007',8),('24/03/2007',8),('25/03/2007',8),('26/03/2007',8),('27/03/2007',7.99),('28/03/2007',7.99),('29/03/2007',7.99),('30/03/2007',7.99),('31/03/2007',7.99),('01/04/2007',7.99),('02/04/2007',7.99),('03/04/2007',7.99),('04/04/2007',7.99),('05/04/2007',7.99),('06/04/2007',7.99),('07/04/2007',7.99),('08/04/2007',7.99),('09/04/2007',7.99),('10/04/2007',7.99),('11/04/2007',7.99),('12/04/2007',7.99),('13/04/2007',7.99),('14/04/2007',7.99),('15/04/2007',7.99),('16/04/2007',7.99),('17/04/2007',7.99),('18/04/2007',7.99),('19/04/2007',7.99),('20/04/2007',7.99),('21/04/2007',7.99),('22/04/2007',7.99),('23/04/2007',7.99),('24/04/2007',7.99),('25/04/2007',7.99),('26/04/2007',7.99),('27/04/2007',7.99),('28/04/2007',7.99),('29/04/2007',7.99),('30/04/2007',7.99),('01/05/2007',7.99),('02/05/2007',7.99),('03/05/2007',7.99),('04/05/2007',7.99),('05/05/2007',7.99),('06/05/2007',7.99),('07/05/2007',7.99),('08/05/2007',7.99),('09/05/2007',7.99),('10/05/2007',7.99),('11/05/2007',7.99),('12/05/2007',7.99),('13/05/2007',7.99),('14/05/2007',7.99),('15/05/2007',7.99),('16/05/2007',7.99),('17/05/2007',7.99),('18/05/2007',7.99),('19/05/2007',7.97),('20/05/2007',7.97),('21/05/2007',7.97),('22/05/2007',7.97),('23/05/2007',7.97),('24/05/2007',7.97),('25/05/2007',7.97),('26/05/2007',7.97),('27/05/2007',7.97),('28/05/2007',7.97),('29/05/2007',7.97),('30/05/2007',7.97),('31/05/2007',7.97),('01/06/2007',7.97),('02/06/2007',7.97),('03/06/2007',7.97),('04/06/2007',7.97),('05/06/2007',7.97),('06/06/2007',7.97),('07/06/2007',7.97),('08/06/2007',7.97),('09/06/2007',7.97),('10/06/2007',7.97),('11/06/2007',7.97),('12/06/2007',7.97),('13/06/2007',7.97),('14/06/2007',7.97),('15/06/2007',7.97),('16/06/2007',7.97),('17/06/2007',7.97),('18/06/2007',7.97),('19/06/2007',7.97),('20/06/2007',7.97),('21/06/2007',7.97),('22/06/2007',7.97),('23/06/2007',7.97),('24/06/2007',7.97),('25/06/2007',7.97),('26/06/2007',7.97),('27/06/2007',7.97),('28/06/2007',7.97),('29/06/2007',7.97),('30/06/2007',7.97),('01/07/2007',7.97),('02/07/2007',7.97),('03/07/2007',7.97),('04/07/2007',7.93),('05/07/2007',7.93),('06/07/2007',7.93),('07/07/2007',7.93),('08/07/2007',7.93),('09/07/2007',7.93),('10/07/2007',7.93),('11/07/2007',7.93),('12/07/2007',7.93),('13/07/2007',7.93),('14/07/2007',7.93),('15/07/2007',7.93),('16/07/2007',7.91),('17/07/2007',7.91),('18/07/2007',7.91),('19/07/2007',7.91),('20/07/2007',7.91),('21/07/2007',7.91),('22/07/2007',7.91),('23/07/2007',7.89),('24/07/2007',7.89),('25/07/2007',7.89),('26/07/2007',7.89),('27/07/2007',7.89),('28/07/2007',7.89),('29/07/2007',7.89),('30/07/2007',7.83),('31/07/2007',7.87),('01/08/2007',7.87),('02/08/2007',7.87),('03/08/2007',7.87),('04/08/2007',7.85),('05/08/2007',7.85),('06/08/2007',7.85),('07/08/2007',7.85),('08/08/2007',7.85),('09/08/2007',7.85),('10/08/2007',7.85),('11/08/2007',7.85),('12/08/2007',7.83),('13/08/2007',7.85),('14/08/2007',7.85),('15/08/2007',7.83),('16/08/2007',7.83),('17/08/2007',7.83),('18/08/2007',7.83),('19/08/2007',7.83),('20/08/2007',7.83),('21/08/2007',7.83),('22/08/2007',7.83),('23/08/2007',7.83),('24/08/2007',7.83),('25/08/2007',7.83),('26/08/2007',7.83),('27/08/2007',7.83),('28/08/2007',7.83),('29/08/2007',7.81),('30/08/2007',7.81),('31/08/2007',7.81),('01/09/2007',7.81),('02/09/2007',7.81),('03/09/2007',7.81),('04/09/2007',7.81),('05/09/2007',7.81),('06/09/2007',7.81),('07/09/2007',7.81),('08/09/2007',7.81),('09/09/2007',7.81),('10/09/2007',7.81),('11/09/2007',7.81),('12/09/2007',7.81),('13/09/2007',7.81),('14/09/2007',7.81),('15/09/2007',7.81),('16/09/2007',7.81),('17/09/2007',7.81),('18/09/2007',7.81),('19/09/2007',7.81),('20/09/2007',7.81),('21/09/2007',7.79),('22/09/2007',7.81),('23/09/2007',7.79),('24/09/2007',7.81),('25/09/2007',7.81),('26/09/2007',7.81),('27/09/2007',7.81),('28/09/2007',7.81),('29/09/2007',7.81),('30/09/2007',7.81),('01/10/2007',7.81),('02/10/2007',7.81),('03/10/2007',7.81),('04/10/2007',7.81),('05/10/2007',7.81),('06/10/2007',7.81),('07/10/2007',7.81),('08/10/2007',7.81),('09/10/2007',7.81),('10/10/2007',7.81),('11/10/2007',7.81),('12/10/2007',7.81),('13/10/2007',7.81),('14/10/2007',7.81),('15/10/2007',7.81),('16/10/2007',7.81),('17/10/2007',7.81),('18/10/2007',7.81),('19/10/2007',7.81),('20/10/2007',7.79),('21/10/2007',7.79),('22/10/2007',7.79),('23/10/2007',7.79),('24/10/2007',7.79),('25/10/2007',7.79),('26/10/2007',7.79),('27/10/2007',7.79),('28/10/2007',7.79),('29/10/2007',7.77),('30/10/2007',7.77),('31/10/2007',7.77),('01/11/2007',7.77),('02/11/2007',7.77),('03/11/2007',7.77),('04/11/2007',7.77),('05/11/2007',7.77),('06/11/2007',7.77),('07/11/2007',7.77),('08/11/2007',7.77),('09/11/2007',7.77),('10/11/2007',7.77),('11/11/2007',7.77),('12/11/2007',7.77),('13/11/2007',7.77),('14/11/2007',7.77),('15/11/2007',7.75),('16/11/2007',7.75),('17/11/2007',7.75),('18/11/2007',7.75),('19/11/2007',7.75),('20/11/2007',7.75),('21/11/2007',7.75),('22/11/2007',7.75),('23/11/2007',7.75),('24/11/2007',7.75),('25/11/2007',7.75),('26/11/2007',7.73),('27/11/2007',7.73),('28/11/2007',7.73),('29/11/2007',7.73),('30/11/2007',7.73),('01/12/2007',7.71),('02/12/2007',7.71),('03/12/2007',7.71),('04/12/2007',7.71),('05/12/2007',7.71),('06/12/2007',7.71),('07/12/2007',7.71),('08/12/2007',7.71),('09/12/2007',7.71),('10/12/2007',7.71),('11/12/2007',7.69),('12/12/2007',7.69),('13/12/2007',7.69),('14/12/2007',7.69),('15/12/2007',7.69),('16/12/2007',7.69),('17/12/2007',7.69),('18/12/2007',7.69),('19/12/2007',7.69),('20/12/2007',7.69),('21/12/2007',7.69),('22/12/2007',7.69),('23/12/2007',7.69),('24/12/2007',7.69),('25/12/2007',7.69),('26/12/2007',7.69),('27/12/2007',7.69),('28/12/2007',7.69),('29/12/2007',7.69),('30/12/2007',7.69),('31/12/2007',7.69),('01/01/2008',7.69),('02/01/2008',7.67),('03/01/2008',7.67),('04/01/2008',7.67),('05/01/2008',7.67),('06/01/2008',7.67),('07/01/2008',7.67),('08/01/2008',7.67),('09/01/2008',7.67),('10/01/2008',7.67),('11/01/2008',7.67),('12/01/2008',7.67),('13/01/2008',7.67),('14/01/2008',7.67),('15/01/2008',7.65),('16/01/2008',7.65),('17/01/2008',7.65),('18/01/2008',7.65),('19/01/2008',7.65),('20/01/2008',7.65),('21/01/2008',7.65),('22/01/2008',7.65),('23/01/2008',7.65),('24/01/2008',7.65),('25/01/2008',7.65),('26/01/2008',7.65),('27/01/2008',7.65),('28/01/2008',7.63),('29/01/2008',7.63),('30/01/2008',7.63),('31/01/2008',7.63),('01/02/2008',7.63),('02/02/2008',7.63),('03/02/2008',7.63),('04/02/2008',7.63),('05/02/2008',7.63),('06/02/2008',7.61),('07/02/2008',7.61),('08/02/2008',7.59),('09/02/2008',7.59),('10/02/2008',7.59),('11/02/2008',7.59),('12/02/2008',7.59),('13/02/2008',7.59),('14/02/2008',7.59),('15/02/2008',7.59),('16/02/2008',7.59),('17/02/2008',7.59),('18/02/2008',7.59),('19/02/2008',7.59),('20/02/2008',7.59),('21/02/2008',7.59),('22/02/2008',7.59),('23/02/2008',7.59),('24/02/2008',7.59),('25/02/2008',7.59),('26/02/2008',7.59),('27/02/2008',7.59),('28/02/2008',7.59),('29/02/2008',7.59),('01/03/2008',7.58),('02/03/2008',7.58),('03/03/2008',7.58),('04/03/2008',7.58),('05/03/2008',7.58),('06/03/2008',7.58),('07/03/2008',7.58),('08/03/2008',7.58),('09/03/2008',7.58),('10/03/2008',7.58),('11/03/2008',7.58),('12/03/2008',7.56),('13/03/2008',7.56),('14/03/2008',7.56),('15/03/2008',7.56),('16/03/2008',7.56),('17/03/2008',7.56),('18/03/2008',7.56),('19/03/2008',7.56),('20/03/2008',7.54),('21/03/2008',7.54),('22/03/2008',7.54),('23/03/2008',7.54),('24/03/2008',7.54),('25/03/2008',7.54),('26/03/2008',7.54),('27/03/2008',7.52),('28/03/2008',7.52),('29/03/2008',7.5),('30/03/2008',7.5),('31/03/2008',7.5),('01/04/2008',7.5),('02/04/2008',7.5),('03/04/2008',7.5),('04/04/2008',7.5),('05/04/2008',7.5),('06/04/2008',7.5),('07/04/2008',7.5),('08/04/2008',7.48),('09/04/2008',7.48),('10/04/2008',7.48),('11/04/2008',7.48),('12/04/2008',7.48),('13/04/2008',7.48),('14/04/2008',7.48),('15/04/2008',7.46),('16/04/2008',7.46),('17/04/2008',7.46),('18/04/2008',7.46),('19/04/2008',7.46),('20/04/2008',7.46),('21/04/2008',7.43),('22/04/2008',7.43),('23/04/2008',7.43),('24/04/2008',7.43),('25/04/2008',7.4),('26/04/2008',7.4),('27/04/2008',7.4),('28/04/2008',7.4),('29/04/2008',7.4),('30/04/2008',7.4),('01/05/2008',7.4),('02/05/2008',7.4),('03/05/2008',7.4),('04/05/2008',7.4),('05/05/2008',7.37),('06/05/2008',7.37),('07/05/2008',7.37),('08/05/2008',7.37),('09/05/2008',7.37),('10/05/2008',7.37),('11/05/2008',7.37),('12/05/2008',7.37),('13/05/2008',7.37),('14/05/2008',7.34),('15/05/2008',7.34),('16/05/2008',7.34),('17/05/2008',7.34),('18/05/2008',7.34),('19/05/2008',7.34),('20/05/2008',7.34),('21/05/2008',7.34),('22/05/2008',7.34),('23/05/2008',7.34),('24/05/2008',7.34),('25/05/2008',7.34),('26/05/2008',7.31),('27/05/2008',7.31),('28/05/2008',7.31),('29/05/2008',7.31),('30/05/2008',7.31),('31/05/2008',7.31),('01/06/2008',7.31),('02/06/2008',7.31),('03/06/2008',7.31),('04/06/2008',7.31),('05/06/2008',7.31),('06/06/2008',7.28),('07/06/2008',7.28),('08/06/2008',7.28),('09/06/2008',7.28),('10/06/2008',7.28),('11/06/2008',7.28),('12/06/2008',7.28),('13/06/2008',7.28),('14/06/2008',7.28),('15/06/2008',7.28),('16/06/2008',7.28),('17/06/2008',7.25),('18/06/2008',7.25),('19/06/2008',7.25),('20/06/2008',7.25),('21/06/2008',7.25),('22/06/2008',7.25),('23/06/2008',7.25),('24/06/2008',7.25),('25/06/2008',7.25),('26/06/2008',7.25),('27/06/2008',7.25),('28/06/2008',7.22),('29/06/2008',7.22),('30/06/2008',7.22),('01/07/2008',7.22),('02/07/2008',7.22),('03/07/2008',7.22),('04/07/2008',7.2),('05/07/2008',7.2),('06/07/2008',7.2),('07/07/2008',7.2),('08/07/2008',7.2),('09/07/2008',7.2),('10/07/2008',7.2),('11/07/2008',7.2),('12/07/2008',7.2),('13/07/2008',7.2),('14/07/2008',7.2),('15/07/2008',7.17),('16/07/2008',7.17),('17/07/2008',7.17),('18/07/2008',7.17),('19/07/2008',7.17),('20/07/2008',7.17),('21/07/2008',7.17),('22/07/2008',7.17),('23/07/2008',7.17),('24/07/2008',7.17),('25/07/2008',7.14),('26/07/2008',7.14),('27/07/2008',7.14),('28/07/2008',7.14),('29/07/2008',7.14),('30/07/2008',7.14),('31/07/2008',7.14),('01/08/2008',7.14),('02/08/2008',7.14),('03/08/2008',7.14),('04/08/2008',7.14),('05/08/2008',7.14),('06/08/2008',7.14),('07/08/2008',7.11),('08/08/2008',7.11),('09/08/2008',7.11),('10/08/2008',7.11),('11/08/2008',7.11),('12/08/2008',7.11),('13/08/2008',7.11),('14/08/2008',7.11),('15/08/2008',7.11),('16/08/2008',7.11),('17/08/2008',7.11),('18/08/2008',7.11),('19/08/2008',7.11),('20/08/2008',7.11),('21/08/2008',7.11),('22/08/2008',7.11),('23/08/2008',7.11),('24/08/2008',7.11),('25/08/2008',7.11),('26/08/2008',7.11),('27/08/2008',7.11),('28/08/2008',7.11),('29/08/2008',7.11),('30/08/2008',7.09),('31/08/2008',7.09),('01/09/2008',7.09),('02/09/2008',7.09),('03/09/2008',7.09),('04/09/2008',7.09),('05/09/2008',7.09),('06/09/2008',7.09),('07/09/2008',7.09),('08/09/2008',7.09),('09/09/2008',7.09),('10/09/2008',7.09),('11/09/2008',7.09),('12/09/2008',7.09),('13/09/2008',7.09),('14/09/2008',7.09),('15/09/2008',7.09),('16/09/2008',7.09),('17/09/2008',7.09),('18/09/2008',7.09),('19/09/2008',7.09),('20/09/2008',7.09),('21/09/2008',7.09),('22/09/2008',7.09),('23/09/2008',7.09),('24/09/2008',7.09),('25/09/2008',7.09),('26/09/2008',7.09),('27/09/2008',7.09),('28/09/2008',7.09),('29/09/2008',7.09),('30/09/2008',7.09),('01/10/2008',7.09),('02/10/2008',7.09),('03/10/2008',7.09),('04/10/2008',7.07),('05/10/2008',7.07),('06/10/2008',7.07),('07/10/2008',7.07),('08/10/2008',7.07),('09/10/2008',7.07),('10/10/2008',7.07),('11/10/2008',7.07),('12/10/2008',7.07),('13/10/2008',7.07),('14/10/2008',7.07),('15/10/2008',7.07),('16/10/2008',7.07),('17/10/2008',7.07),('18/10/2008',7.07),('19/10/2008',7.07),('20/10/2008',7.07),('21/10/2008',7.07),('22/10/2008',7.07),('23/10/2008',7.07),('24/10/2008',7.07),('25/10/2008',7.07),('26/10/2008',7.07),('27/10/2008',7.07),('28/10/2008',7.07),('29/10/2008',7.07),('30/10/2008',7.07),('31/10/2008',7.07),('01/11/2008',7.07),('02/11/2008',7.07),('03/11/2008',7.07),('04/11/2008',7.07),('05/11/2008',7.07),('06/11/2008',7.07),('07/11/2008',7.07),('08/11/2008',7.07),('09/11/2008',7.07),('10/11/2008',7.07),('11/11/2008',7.07),('12/11/2008',7.07),('13/11/2008',7.07),('14/11/2008',7.07),('15/11/2008',7.07),('16/11/2008',7.07),('17/11/2008',7.07),('18/11/2008',7.07),('19/11/2008',7.07),('20/11/2008',7.07),('21/11/2008',7.07),('22/11/2008',7.07),('23/11/2008',7.07),('24/11/2008',7.07),('25/11/2008',7.07),('26/11/2008',7.07),('27/11/2008',7.07),('28/11/2008',7.07),('29/11/2008',7.07),('30/11/2008',7.07),('01/12/2008',7.07),('02/12/2008',7.07),('03/12/2008',7.07),('04/12/2008',7.07),('05/12/2008',7.07),('06/12/2008',7.07),('07/12/2008',7.07),('08/12/2008',7.07),('09/12/2008',7.07),('10/12/2008',7.07),('11/12/2008',7.07),('12/12/2008',7.07),('13/12/2008',7.07),('14/12/2008',7.07),('15/12/2008',7.07),('16/12/2008',7.07),('17/12/2008',7.07),('18/12/2008',7.07),('19/12/2008',7.07),('20/12/2008',7.07),('21/12/2008',7.07),('22/12/2008',7.07),('23/12/2008',7.07),('24/12/2008',7.07),('25/12/2008',7.07),('26/12/2008',7.07),('27/12/2008',7.07),('28/12/2008',7.07),('29/12/2008',7.07),('30/12/2008',7.07),('31/12/2008',7.07),('01/01/2009',7.07),('02/01/2009',7.07),('03/01/2009',7.07),('04/01/2009',7.07),('05/01/2009',7.07),('06/01/2009',7.07),('07/01/2009',7.07),('08/01/2009',7.07),('09/01/2009',7.07),('10/01/2009',7.07),('11/01/2009',7.07),('12/01/2009',7.07),('13/01/2009',7.07),('14/01/2009',7.07),('15/01/2009',7.07),('16/01/2009',7.07),('17/01/2009',7.07),('18/01/2009',7.07),('19/01/2009',7.07),('20/01/2009',7.07),('21/01/2009',7.07),('22/01/2009',7.07),('23/01/2009',7.07),('24/01/2009',7.07),('25/01/2009',7.07),('26/01/2009',7.07),('27/01/2009',7.07),('28/01/2009',7.07),('29/01/2009',7.07),('30/01/2009',7.07),('31/01/2009',7.07),('01/02/2009',7.07),('02/02/2009',7.07),('03/02/2009',7.07),('04/02/2009',7.07),('05/02/2009',7.07),('06/02/2009',7.07),('07/02/2009',7.07),('08/02/2009',7.07),('09/02/2009',7.07),('10/02/2009',7.07),('11/02/2009',7.07),('12/02/2009',7.07),('13/02/2009',7.07),('14/02/2009',7.07),('15/02/2009',7.07),('16/02/2009',7.07),('17/02/2009',7.07),('18/02/2009',7.07),('19/02/2009',7.07),('20/02/2009',7.07),('21/02/2009',7.07),('22/02/2009',7.07),('23/02/2009',7.07),('24/02/2009',7.07),('25/02/2009',7.07),('26/02/2009',7.07),('27/02/2009',7.07),('28/02/2009',7.07),('01/03/2009',7.07),('02/03/2009',7.07),('03/03/2009',7.07),('04/03/2009',7.07),('05/03/2009',7.07),('06/03/2009',7.07),('07/03/2009',7.07),('08/03/2009',7.07),('09/03/2009',7.07),('10/03/2009',7.07),('11/03/2009',7.07),('12/03/2009',7.07),('13/03/2009',7.07),('14/03/2009',7.07),('15/03/2009',7.07),('16/03/2009',7.07),('17/03/2009',7.07),('18/03/2009',7.07),('19/03/2009',7.07),('20/03/2009',7.07),('21/03/2009',7.07),('22/03/2009',7.07),('23/03/2009',7.07),('24/03/2009',7.07),('25/03/2009',7.07),('26/03/2009',7.07),('27/03/2009',7.07),('28/03/2009',7.07),('29/03/2009',7.07),('30/03/2009',7.07),('31/03/2009',7.07),('01/04/2009',7.07),('02/04/2009',7.07),('03/04/2009',7.07),('04/04/2009',7.07),('05/04/2009',7.07),('06/04/2009',7.07),('07/04/2009',7.07),('08/04/2009',7.07),('09/04/2009',7.07),('10/04/2009',7.07),('11/04/2009',7.07),('12/04/2009',7.07),('13/04/2009',7.07),('14/04/2009',7.07),('15/04/2009',7.07),('16/04/2009',7.07),('17/04/2009',7.07),('18/04/2009',7.07),('19/04/2009',7.07),('20/04/2009',7.07),('21/04/2009',7.07),('22/04/2009',7.07),('23/04/2009',7.07),('24/04/2009',7.07),('25/04/2009',7.07),('26/04/2009',7.07),('27/04/2009',7.07),('28/04/2009',7.07),('29/04/2009',7.07),('30/04/2009',7.07),('01/05/2009',7.07),('02/05/2009',7.07),('03/05/2009',7.07),('04/05/2009',7.07),('05/05/2009',7.07),('06/05/2009',7.07),('07/05/2009',7.07),('08/05/2009',7.07),('09/05/2009',7.07),('10/05/2009',7.07),('11/05/2009',7.07),('12/05/2009',7.07),('13/05/2009',7.07),('14/05/2009',7.07),('15/05/2009',7.07),('16/05/2009',7.07),('17/05/2009',7.07),('18/05/2009',7.07),('19/05/2009',7.07),('20/05/2009',7.07),('21/05/2009',7.07),('22/05/2009',7.07),('23/05/2009',7.07),('24/05/2009',7.07),('25/05/2009',7.07),('26/05/2009',7.07),('27/05/2009',7.07),('28/05/2009',7.07),('29/05/2009',7.07),('30/05/2009',7.07),('31/05/2009',7.07),('01/06/2009',7.07),('02/06/2009',7.07),('03/06/2009',7.07),('04/06/2009',7.07),('05/06/2009',7.07),('06/06/2009',7.07),('07/06/2009',7.07),('08/06/2009',7.07),('09/06/2009',7.07),('10/06/2009',7.07),('11/06/2009',7.07),('12/06/2009',7.07),('13/06/2009',7.07),('14/06/2009',7.07),('15/06/2009',7.07),('16/06/2009',7.07),('17/06/2009',7.07),('18/06/2009',7.07),('19/06/2009',7.07),('20/06/2009',7.07),('21/06/2009',7.07),('22/06/2009',7.07),('23/06/2009',7.07),('24/06/2009',7.07),('25/06/2009',7.07),('26/06/2009',7.07),('27/06/2009',7.07),('28/06/2009',7.07),('29/06/2009',7.07),('30/06/2009',7.07),('01/07/2009',7.07),('02/07/2009',7.07),('03/07/2009',7.07),('04/07/2009',7.07),('05/07/2009',7.07),('06/07/2009',7.07),('07/07/2009',7.07),('08/07/2009',7.07),('09/07/2009',7.07),('10/07/2009',7.07),('11/07/2009',7.07),('12/07/2009',7.07),('13/07/2009',7.07),('14/07/2009',7.07),('15/07/2009',7.07),('16/07/2009',7.07),('17/07/2009',7.07),('18/07/2009',7.07),('19/07/2009',7.07),('20/07/2009',7.07),('21/07/2009',7.07),('22/07/2009',7.07),('23/07/2009',7.07),('24/07/2009',7.07),('25/07/2009',7.07),('26/07/2009',7.07),('27/07/2009',7.07),('28/07/2009',7.07),('29/07/2009',7.07),('30/07/2009',7.07),('31/07/2009',7.07),('01/08/2009',7.07),('02/08/2009',7.07),('03/08/2009',7.07),('04/08/2009',7.07),('05/08/2009',7.07),('06/08/2009',7.07),('07/08/2009',7.07),('08/08/2009',7.07),('09/08/2009',7.07),('10/08/2009',7.07),('11/08/2009',7.07),('12/08/2009',7.07),('13/08/2009',7.07),('14/08/2009',7.07),('15/08/2009',7.07),('16/08/2009',7.07),('17/08/2009',7.07),('18/08/2009',7.07),('19/08/2009',7.07),('20/08/2009',7.07),('21/08/2009',7.07),('22/08/2009',7.07),('23/08/2009',7.07),('24/08/2009',7.07),('25/08/2009',7.07),('26/08/2009',7.07),('27/08/2009',7.07),('28/08/2009',7.07),('29/08/2009',7.07),('30/08/2009',7.07),('31/08/2009',7.07),('01/09/2009',7.07),('02/09/2009',7.07),('03/09/2009',7.07),('04/09/2009',7.07),('05/09/2009',7.07),('06/09/2009',7.07),('07/09/2009',7.07),('08/09/2009',7.07),('09/09/2009',7.07),('10/09/2009',7.07),('11/09/2009',7.07),('12/09/2009',7.07),('13/09/2009',7.07),('14/09/2009',7.07),('15/09/2009',7.07),('16/09/2009',7.07),('17/09/2009',7.07),('18/09/2009',7.07),('19/09/2009',7.07),('20/09/2009',7.07),('21/09/2009',7.07),('22/09/2009',7.07),('23/09/2009',7.07),('24/09/2009',7.07),('25/09/2009',7.07),('26/09/2009',7.07),('27/09/2009',7.07),('28/09/2009',7.07),('29/09/2009',7.07),('30/09/2009',7.07),('01/10/2009',7.07),('02/10/2009',7.07),('03/10/2009',7.07),('04/10/2009',7.07),('05/10/2009',7.07),('06/10/2009',7.07),('07/10/2009',7.07),('08/10/2009',7.07),('09/10/2009',7.07),('10/10/2009',7.07),('11/10/2009',7.07),('12/10/2009',7.07),('13/10/2009',7.07),('14/10/2009',7.07),('15/10/2009',7.07),('16/10/2009',7.07),('17/10/2009',7.07),('18/10/2009',7.07),('19/10/2009',7.07),('20/10/2009',7.07),('21/10/2009',7.07),('22/10/2009',7.07),('23/10/2009',7.07),('24/10/2009',7.07),('25/10/2009',7.07),('26/10/2009',7.07),('27/10/2009',7.07),('28/10/2009',7.07),('29/10/2009',7.07),('30/10/2009',7.07),('31/10/2009',7.07),('01/11/2009',7.07),('02/11/2009',7.07),('03/11/2009',7.07),('04/11/2009',7.07),('05/11/2009',7.07),('06/11/2009',7.07),('07/11/2009',7.07),('08/11/2009',7.07),('09/11/2009',7.07),('10/11/2009',7.07),('11/11/2009',7.07),('12/11/2009',7.07),('13/11/2009',7.07),('14/11/2009',7.07),('15/11/2009',7.07),('16/11/2009',7.07),('17/11/2009',7.07),('18/11/2009',7.07),('19/11/2009',7.07),('20/11/2009',7.07),('21/11/2009',7.07),('22/11/2009',7.07),('23/11/2009',7.07),('24/11/2009',7.07),('25/11/2009',7.07),('26/11/2009',7.07),('27/11/2009',7.07),('28/11/2009',7.07),('29/11/2009',7.07),('30/11/2009',7.07),('01/12/2009',7.07),('02/12/2009',7.07),('03/12/2009',7.07),('04/12/2009',7.07),('05/12/2009',7.07),('06/12/2009',7.07),('07/12/2009',7.07),('08/12/2009',7.07),('09/12/2009',7.07),('10/12/2009',7.07),('11/12/2009',7.07),('12/12/2009',7.07),('13/12/2009',7.07),('14/12/2009',7.07),('15/12/2009',7.07),('16/12/2009',7.07),('17/12/2009',7.07),('18/12/2009',7.07),('19/12/2009',7.07),('20/12/2009',7.07),('21/12/2009',7.07),('22/12/2009',7.07),('23/12/2009',7.07),('24/12/2009',7.07),('25/12/2009',7.07),('26/12/2009',7.07),('27/12/2009',7.07),('28/12/2009',7.07),('29/12/2009',7.07),('30/12/2009',7.07),('31/12/2009',7.07),('01/01/2010',7.07),('02/01/2010',7.07),('03/01/2010',7.07),('04/01/2010',7.07),('05/01/2010',7.07),('06/01/2010',7.07),('07/01/2010',7.07),('08/01/2010',7.07),('09/01/2010',7.07),('10/01/2010',7.07),('11/01/2010',7.07),('12/01/2010',7.07),('13/01/2010',7.07),('14/01/2010',7.07),('15/01/2010',7.07),('16/01/2010',7.07),('17/01/2010',7.07),('18/01/2010',7.07),('19/01/2010',7.07),('20/01/2010',7.07),('21/01/2010',7.07),('22/01/2010',7.07),('23/01/2010',7.07),('24/01/2010',7.07),('25/01/2010',7.07),('26/01/2010',7.07),('27/01/2010',7.07),('28/01/2010',7.07),('29/01/2010',7.07),('30/01/2010',7.07),('31/01/2010',7.07),('01/02/2010',7.07),('02/02/2010',7.07),('03/02/2010',7.07),('04/02/2010',7.07),('05/02/2010',7.07),('06/02/2010',7.07),('07/02/2010',7.07),('08/02/2010',7.07),('09/02/2010',7.07),('10/02/2010',7.07),('11/02/2010',7.07),('12/02/2010',7.07),('13/02/2010',7.07),('14/02/2010',7.07),('15/02/2010',7.07),('16/02/2010',7.07),('17/02/2010',7.07),('18/02/2010',7.07),('19/02/2010',7.07),('20/02/2010',7.07),('21/02/2010',7.07),('22/02/2010',7.07),('23/02/2010',7.07),('24/02/2010',7.07),('25/02/2010',7.07),('26/02/2010',7.07),('27/02/2010',7.07),('28/02/2010',7.07),('01/03/2010',7.07),('02/03/2010',7.07),('03/03/2010',7.07),('04/03/2010',7.07),('05/03/2010',7.07),('06/03/2010',7.07),('07/03/2010',7.07),('08/03/2010',7.07),('09/03/2010',7.07),('10/03/2010',7.07),('11/03/2010',7.07),('12/03/2010',7.07),('13/03/2010',7.07),('14/03/2010',7.07),('15/03/2010',7.07),('16/03/2010',7.07),('17/03/2010',7.07),('18/03/2010',7.07),('19/03/2010',7.07),('20/03/2010',7.07),('21/03/2010',7.07),('22/03/2010',7.07),('23/03/2010',7.07),('24/03/2010',7.07),('25/03/2010',7.07),('26/03/2010',7.07),('27/03/2010',7.07),('28/03/2010',7.07),('29/03/2010',7.07),('30/03/2010',7.07),('31/03/2010',7.07),('01/04/2010',7.07),('02/04/2010',7.07),('03/04/2010',7.07),('04/04/2010',7.07),('05/04/2010',7.07),('06/04/2010',7.07),('07/04/2010',7.07),('08/04/2010',7.07),('09/04/2010',7.07),('10/04/2010',7.07),('11/04/2010',7.07),('12/04/2010',7.07),('13/04/2010',7.07),('14/04/2010',7.07),('15/04/2010',7.07),('16/04/2010',7.07),('17/04/2010',7.07),('18/04/2010',7.07),('19/04/2010',7.07),('20/04/2010',7.07),('21/04/2010',7.07),('22/04/2010',7.07),('23/04/2010',7.07),('24/04/2010',7.07),('25/04/2010',7.07),('26/04/2010',7.07),('27/04/2010',7.07),('28/04/2010',7.07),('29/04/2010',7.07),('30/04/2010',7.07),('01/05/2010',7.07),('02/05/2010',7.07),('03/05/2010',7.07),('04/05/2010',7.07),('05/05/2010',7.07),('06/05/2010',7.07),('07/05/2010',7.07),('08/05/2010',7.07),('09/05/2010',7.07),('10/05/2010',7.07),('11/05/2010',7.07),('12/05/2010',7.07),('13/05/2010',7.07),('14/05/2010',7.07),('15/05/2010',7.07),('16/05/2010',7.07),('17/05/2010',7.07),('18/05/2010',7.07),('19/05/2010',7.07),('20/05/2010',7.07),('21/05/2010',7.07),('22/05/2010',7.07),('23/05/2010',7.07),('24/05/2010',7.07),('25/05/2010',7.07),('26/05/2010',7.07),('27/05/2010',7.07),('28/05/2010',7.07),('29/05/2010',7.07),('30/05/2010',7.07),('31/05/2010',7.07),('01/06/2010',7.07),('02/06/2010',7.07),('03/06/2010',7.07),('04/06/2010',7.07),('05/06/2010',7.07),('06/06/2010',7.07),('07/06/2010',7.07),('08/06/2010',7.07),('09/06/2010',7.07),('10/06/2010',7.07),('11/06/2010',7.07),('12/06/2010',7.07),('13/06/2010',7.07),('14/06/2010',7.07),('15/06/2010',7.07),('16/06/2010',7.07),('17/06/2010',7.07),('18/06/2010',7.07),('19/06/2010',7.07),('20/06/2010',7.07),('21/06/2010',7.07),('22/06/2010',7.07),('23/06/2010',7.07),('24/06/2010',7.07),('25/06/2010',7.07),('26/06/2010',7.07),('27/06/2010',7.07),('28/06/2010',7.07),('29/06/2010',7.07),('30/06/2010',7.07),('01/07/2010',7.07),('02/07/2010',7.07),('03/07/2010',7.07),('04/07/2010',7.07),('05/07/2010',7.07),('06/07/2010',7.07),('07/07/2010',7.07),('08/07/2010',7.07),('09/07/2010',7.07),('10/07/2010',7.07),('11/07/2010',7.07),('12/07/2010',7.07),('13/07/2010',7.07),('14/07/2010',7.07),('15/07/2010',7.07),('16/07/2010',7.07),('17/07/2010',7.07),('18/07/2010',7.07),('19/07/2010',7.07),('20/07/2010',7.07),('21/07/2010',7.07),('22/07/2010',7.07),('23/07/2010',7.07),('24/07/2010',7.07),('25/07/2010',7.07),('26/07/2010',7.07),('27/07/2010',7.07),('28/07/2010',7.07),('29/07/2010',7.07),('30/07/2010',7.07),('31/07/2010',7.07),('01/08/2010',7.07),('02/08/2010',7.07),('03/08/2010',7.07),('04/08/2010',7.07),('05/08/2010',7.07),('06/08/2010',7.07),('07/08/2010',7.07),('08/08/2010',7.07),('09/08/2010',7.07),('10/08/2010',7.07),('11/08/2010',7.07),('12/08/2010',7.07),('13/08/2010',7.07),('14/08/2010',7.07),('15/08/2010',7.07),('16/08/2010',7.07),('17/08/2010',7.07),('18/08/2010',7.07),('19/08/2010',7.07),('20/08/2010',7.07),('21/08/2010',7.07),('22/08/2010',7.07),('23/08/2010',7.07),('24/08/2010',7.07),('25/08/2010',7.07),('26/08/2010',7.07),('27/08/2010',7.07),('28/08/2010',7.07),('29/08/2010',7.07),('30/08/2010',7.07),('31/08/2010',7.07),('01/09/2010',7.07),('02/09/2010',7.07),('03/09/2010',7.07),('04/09/2010',7.07),('05/09/2010',7.07),('06/09/2010',7.07),('07/09/2010',7.07),('08/09/2010',7.07),('09/09/2010',7.07),('10/09/2010',7.07),('11/09/2010',7.07),('12/09/2010',7.07),('13/09/2010',7.07),('14/09/2010',7.07),('15/09/2010',7.07),('16/09/2010',7.07),('17/09/2010',7.07),('18/09/2010',7.07),('19/09/2010',7.07),('20/09/2010',7.07),('21/09/2010',7.07),('22/09/2010',7.07),('23/09/2010',7.07),('24/09/2010',7.07),('25/09/2010',7.07),('26/09/2010',7.07),('27/09/2010',7.07),('28/09/2010',7.07),('29/09/2010',7.07),('30/09/2010',7.07),('01/10/2010',7.07),('02/10/2010',7.07),('03/10/2010',7.07),('04/10/2010',7.07),('05/10/2010',7.07),('06/10/2010',7.07),('07/10/2010',7.07),('08/10/2010',7.07),('09/10/2010',7.07),('10/10/2010',7.07),('11/10/2010',7.07),('12/10/2010',7.07),('13/10/2010',7.07),('14/10/2010',7.07),('15/10/2010',7.07),('16/10/2010',7.07),('17/10/2010',7.07),('18/10/2010',7.07),('19/10/2010',7.07),('20/10/2010',7.07),('21/10/2010',7.07),('22/10/2010',7.07),('23/10/2010',7.07),('24/10/2010',7.07),('25/10/2010',7.07),('26/10/2010',7.07),('27/10/2010',7.07),('28/10/2010',7.07),('29/10/2010',7.07),('30/10/2010',7.07),('31/10/2010',7.07),('01/11/2010',7.07),('02/11/2010',7.07),('03/11/2010',7.07),('04/11/2010',7.07),('05/11/2010',7.07),('06/11/2010',7.07),('07/11/2010',7.07),('08/11/2010',7.07),('09/11/2010',7.07),('10/11/2010',7.07),('11/11/2010',7.07),('12/11/2010',7.07),('13/11/2010',7.07),('14/11/2010',7.07),('15/11/2010',7.07),('16/11/2010',7.07),('17/11/2010',7.07),('18/11/2010',7.07),('19/11/2010',7.07),('20/11/2010',7.07),('21/11/2010',7.07),('22/11/2010',7.07),('23/11/2010',7.07),('24/11/2010',7.07),('25/11/2010',7.07),('26/11/2010',7.07),('27/11/2010',7.07),('28/11/2010',7.07),('29/11/2010',7.07),('30/11/2010',7.07),('01/12/2010',7.07),('02/12/2010',7.07),('03/12/2010',7.07),('04/12/2010',7.07),('05/12/2010',7.07),('06/12/2010',7.07),('07/12/2010',7.07),('08/12/2010',7.07),('09/12/2010',7.07),('10/12/2010',7.07),('11/12/2010',7.07),('12/12/2010',7.07),('13/12/2010',7.07),('14/12/2010',7.07),('15/12/2010',7.07),('16/12/2010',7.07),('17/12/2010',7.07),('18/12/2010',7.07),('19/12/2010',7.07),('20/12/2010',7.07),('21/12/2010',7.07),('22/12/2010',7.07),('23/12/2010',7.07),('24/12/2010',7.07),('25/12/2010',7.07),('26/12/2010',7.07),('27/12/2010',7.07),('28/12/2010',7.07),('29/12/2010',7.07),('30/12/2010',7.07),('31/12/2010',7.07),('01/01/2011',7.07),('02/01/2011',7.07),('03/01/2011',7.07),('04/01/2011',7.07),('05/01/2011',7.07),('06/01/2011',7.07),('07/01/2011',7.07),('08/01/2011',7.07),('09/01/2011',7.07),('10/01/2011',7.07),('11/01/2011',7.07),('12/01/2011',7.07),('13/01/2011',7.07),('14/01/2011',7.07),('15/01/2011',7.07),('16/01/2011',7.07),('17/01/2011',7.07),('18/01/2011',7.07),('19/01/2011',7.07),('20/01/2011',7.07),('21/01/2011',7.07),('22/01/2011',7.07),('23/01/2011',7.07),('24/01/2011',7.07),('25/01/2011',7.07),('26/01/2011',7.07),('27/01/2011',7.07),('28/01/2011',7.07),('29/01/2011',7.07),('30/01/2011',7.07),('31/01/2011',7.07),('01/02/2011',7.07),('02/02/2011',7.07),('03/02/2011',7.07),('04/02/2011',7.07),('05/02/2011',7.07),('06/02/2011',7.07),('07/02/2011',7.07),('08/02/2011',7.07),('09/02/2011',7.07),('10/02/2011',7.07),('11/02/2011',7.07),('12/02/2011',7.07),('13/02/2011',7.07),('14/02/2011',7.07),('15/02/2011',7.07),('16/02/2011',7.07),('17/02/2011',7.07),('18/02/2011',7.07),('19/02/2011',7.07),('20/02/2011',7.07),('21/02/2011',7.07),('22/02/2011',7.07),('23/02/2011',7.07),('24/02/2011',7.07),('25/02/2011',7.07),('26/02/2011',7.07),('27/02/2011',7.07),('28/02/2011',7.07),('01/03/2011',7.07),('02/03/2011',7.07),('03/03/2011',7.07),('04/03/2011',7.07),('05/03/2011',7.07),('06/03/2011',7.07),('07/03/2011',7.07),('08/03/2011',7.07),('09/03/2011',7.07),('10/03/2011',7.07),('11/03/2011',7.07),('12/03/2011',7.07),('13/03/2011',7.07),('14/03/2011',7.07),('15/03/2011',7.07),('16/03/2011',7.07),('17/03/2011',7.07),('18/03/2011',7.07),('19/03/2011',7.07),('20/03/2011',7.07),('21/03/2011',7.07),('22/03/2011',7.07),('23/03/2011',7.07),('24/03/2011',7.07),('25/03/2011',7.07),('26/03/2011',7.07),('27/03/2011',7.07),('28/03/2011',7.07),('29/03/2011',7.07),('30/03/2011',7.07),('31/03/2011',7.07),('01/04/2011',7.07),('02/04/2011',7.07),('03/04/2011',7.07),('04/04/2011',7.07),('05/04/2011',7.07),('06/04/2011',7.07),('07/04/2011',7.07),('08/04/2011',7.07),('09/04/2011',7.07),('10/04/2011',7.07),('11/04/2011',7.07),('12/04/2011',7.07),('13/04/2011',7.07),('14/04/2011',7.07),('15/04/2011',7.07),('16/04/2011',7.07),('17/04/2011',7.07),('18/04/2011',7.07),('19/04/2011',7.07),('20/04/2011',7.07),('21/04/2011',7.07),('22/04/2011',7.07),('23/04/2011',7.07),('24/04/2011',7.07),('25/04/2011',7.07),('26/04/2011',7.07),('27/04/2011',7.07),('28/04/2011',7.07),('29/04/2011',7.07),('30/04/2011',7.07),('01/05/2011',7.07),('02/05/2011',7.07),('03/05/2011',7.07),('04/05/2011',7.07),('05/05/2011',7.07),('06/05/2011',7.07),('07/05/2011',7.07),('08/05/2011',7.07),('09/05/2011',7.07),('10/05/2011',7.07),('11/05/2011',7.07),('12/05/2011',7.07),('13/05/2011',7.07),('14/05/2011',7.07),('15/05/2011',7.07),('16/05/2011',7.07),('17/05/2011',7.07),('18/05/2011',7.07),('19/05/2011',7.07),('20/05/2011',7.07),('21/05/2011',7.07),('22/05/2011',7.07),('23/05/2011',7.07),('24/05/2011',7.07),('25/05/2011',7.07),('26/05/2011',7.07),('27/05/2011',7.07),('28/05/2011',7.07),('29/05/2011',7.07),('30/05/2011',7.07),('31/05/2011',7.07),('01/06/2011',7.07),('02/06/2011',7.07),('03/06/2011',7.07),('04/06/2011',7.07),('05/06/2011',7.07),('06/06/2011',7.07),('07/06/2011',7.07),('08/06/2011',7.07),('09/06/2011',7.07),('10/06/2011',7.07),('11/06/2011',7.07),('12/06/2011',7.07),('13/06/2011',7.07),('14/06/2011',7.07),('15/06/2011',7.07),('16/06/2011',7.07),('17/06/2011',7.07),('18/06/2011',7.07),('19/06/2011',7.07),('20/06/2011',7.07),('21/06/2011',7.07),('22/06/2011',7.07),('23/06/2011',7.07),('24/06/2011',7.07),('25/06/2011',7.07),('26/06/2011',7.07),('27/06/2011',7.07),('28/06/2011',7.07),('29/06/2011',7.07),('30/06/2011',7.07),('01/07/2011',7.07),('02/07/2011',7.07),('03/07/2011',7.07),('04/07/2011',7.07),('05/07/2011',7.07),('06/07/2011',7.07),('07/07/2011',7.07),('08/07/2011',7.07),('09/07/2011',7.07),('10/07/2011',7.07),('11/07/2011',7.07),('12/07/2011',7.07),('13/07/2011',7.07),('14/07/2011',7.07),('15/07/2011',7.07),('16/07/2011',7.07),('17/07/2011',7.07),('18/07/2011',6.98),('19/07/2011',6.98),('20/07/2011',6.98),('21/07/2011',6.98),('22/07/2011',6.98),('23/07/2011',6.98),('24/07/2011',6.98),('25/07/2011',6.98),('26/07/2011',6.98),('27/07/2011',6.98),('28/07/2011',6.98),('29/07/2011',6.98),('30/07/2011',6.98),('31/07/2011',6.98),('01/08/2011',6.98),('02/08/2011',6.98),('03/08/2011',6.98),('04/08/2011',6.98),('05/08/2011',6.98),('06/08/2011',6.98),('07/08/2011',6.98),('08/08/2011',6.98),('09/08/2011',6.98),('10/08/2011',6.98),('11/08/2011',6.98),('12/08/2011',6.98),('13/08/2011',6.98),('14/08/2011',6.98),('15/08/2011',6.97),('16/08/2011',6.97),('17/08/2011',6.97),('18/08/2011',6.97),('19/08/2011',6.97),('20/08/2011',6.97),('21/08/2011',6.97),('22/08/2011',6.97),('23/08/2011',6.97),('24/08/2011',6.97),('25/08/2011',6.97),('26/08/2011',6.97),('27/08/2011',6.97),('28/08/2011',6.97),('29/08/2011',6.97),('30/08/2011',6.97),('31/08/2011',6.97),('01/09/2011',6.97),('02/09/2011',6.97),('03/09/2011',6.97),('04/09/2011',6.97),('05/09/2011',6.97),('06/09/2011',6.97),('07/09/2011',6.97),('08/09/2011',6.97),('09/09/2011',6.97),('10/09/2011',6.97),('11/09/2011',6.97),('12/09/2011',6.97),('13/09/2011',6.97),('14/09/2011',6.97),('15/09/2011',6.97),('16/09/2011',6.97),('17/09/2011',6.97),('18/09/2011',6.97),('19/09/2011',6.97),('20/09/2011',6.97),('21/09/2011',6.97),('22/09/2011',6.97),('23/09/2011',6.97),('24/09/2011',6.97),('25/09/2011',6.97),('26/09/2011',6.97),('27/09/2011',6.97),('28/09/2011',6.97),('29/09/2011',6.97),('30/09/2011',6.97),('01/10/2011',6.97),('02/10/2011',6.97),('03/10/2011',6.97),('04/10/2011',6.97),('05/10/2011',6.97),('06/10/2011',6.97),('07/10/2011',6.97),('08/10/2011',6.97),('09/10/2011',6.97),('10/10/2011',6.97),('11/10/2011',6.97),('12/10/2011',6.97),('13/10/2011',6.97),('14/10/2011',6.97),('15/10/2011',6.97),('16/10/2011',6.97),('17/10/2011',6.97),('18/10/2011',6.97),('19/10/2011',6.97),('20/10/2011',6.97),('21/10/2011',6.97),('22/10/2011',6.97),('23/10/2011',6.97),('24/10/2011',6.97),('25/10/2011',6.97),('26/10/2011',6.97),('27/10/2011',6.97),('28/10/2011',6.97),('29/10/2011',6.97),('30/10/2011',6.97),('31/10/2011',6.97),('01/11/2011',6.97),('02/11/2011',6.97),('03/11/2011',6.97),('04/11/2011',6.97),('05/11/2011',6.97),('06/11/2011',6.97),('07/11/2011',6.97),('08/11/2011',6.97),('09/11/2011',6.97),('10/11/2011',6.97),('11/11/2011',6.97),('12/11/2011',6.97),('13/11/2011',6.97),('14/11/2011',6.97),('15/11/2011',6.97),('16/11/2011',6.97),('17/11/2011',6.97),('18/11/2011',6.97),('19/11/2011',6.97),('20/11/2011',6.97),('21/11/2011',6.97),('22/11/2011',6.97),('23/11/2011',6.97),('24/11/2011',6.97),('25/11/2011',6.97),('26/11/2011',6.97),('27/11/2011',6.97),('28/11/2011',6.97),('29/11/2011',6.97),('30/11/2011',6.97),('01/12/2011',6.97),('02/12/2011',6.97),('03/12/2011',6.97),('04/12/2011',6.97),('05/12/2011',6.97),('06/12/2011',6.97),('07/12/2011',6.97),('08/12/2011',6.97),('09/12/2011',6.97),('10/12/2011',6.97),('11/12/2011',6.97),('12/12/2011',6.97),('13/12/2011',6.97),('14/12/2011',6.97),('15/12/2011',6.97),('16/12/2011',6.97),('17/12/2011',6.97),('18/12/2011',6.97),('19/12/2011',6.97),('20/12/2011',6.97),('21/12/2011',6.97),('22/12/2011',6.97),('23/12/2011',6.97),('24/12/2011',6.97),('25/12/2011',6.97),('26/12/2011',6.97),('27/12/2011',6.97),('28/12/2011',6.97),('29/12/2011',6.97),('30/12/2011',6.97),('31/12/2011',6.97),('01/01/2012',6.97),('02/01/2012',6.97),('03/01/2012',6.97),('04/01/2012',6.97),('05/01/2012',6.97),('06/01/2012',6.97),('07/01/2012',6.96),('08/01/2012',6.96),('09/01/2012',6.96),('10/01/2012',6.96),('11/01/2012',6.96),('12/01/2012',6.96),('13/01/2012',6.96),('14/01/2012',6.96),('15/01/2012',6.96),('16/01/2012',6.96),('17/01/2012',6.96),('18/01/2012',6.96),('19/01/2012',6.96),('20/01/2012',6.96),('21/01/2012',6.96),('22/01/2012',6.97),('23/01/2012',6.97),('24/01/2012',6.97),('25/01/2012',6.97),('26/01/2012',6.97),('27/01/2012',6.97),('28/01/2012',6.97),('29/01/2012',6.97),('30/01/2012',6.97),('31/01/2012',6.97),('01/02/2012',6.97),('02/02/2012',6.97),('03/02/2012',6.97),('04/02/2012',6.97),('05/02/2012',6.97),('06/02/2012',6.97),('07/02/2012',6.97),('08/02/2012',6.97),('09/02/2012',6.97),('10/02/2012',6.97),('11/02/2012',6.97),('12/02/2012',6.97),('13/02/2012',6.97),('14/02/2012',6.97),('15/02/2012',6.97),('16/02/2012',6.97),('17/02/2012',6.97),('18/02/2012',6.97),('19/02/2012',6.97),('20/02/2012',6.97),('21/02/2012',6.97),('22/02/2012',6.97),('23/02/2012',6.97),('24/02/2012',6.97),('25/02/2012',6.97),('26/02/2012',6.97),('27/02/2012',6.97),('28/02/2012',6.97),('29/02/2012',6.97),('01/03/2012',6.97),('02/03/2012',6.97),('03/03/2012',6.97),('04/03/2012',6.97),('05/03/2012',6.97),('06/03/2012',6.97),('07/03/2012',6.97),('08/03/2012',6.97),('09/03/2012',6.97),('10/03/2012',6.97),('11/03/2012',6.97),('12/03/2012',6.97),('13/03/2012',6.97),('14/03/2012',6.97),('15/03/2012',6.97),('16/03/2012',6.97),('17/03/2012',6.97),('18/03/2012',6.97),('19/03/2012',6.97),('20/03/2012',6.97),('21/03/2012',6.97),('22/03/2012',6.97),('23/03/2012',6.97),('24/03/2012',6.97),('25/03/2012',6.97),('26/03/2012',6.97),('27/03/2012',6.97),('28/03/2012',6.97),('29/03/2012',6.97),('30/03/2012',6.97),('31/03/2012',6.97),('01/04/2012',6.97),('02/04/2012',6.97),('03/04/2012',6.97),('04/04/2012',6.97),('05/04/2012',6.97),('06/04/2012',6.97),('07/04/2012',6.97),('08/04/2012',6.97),('09/04/2012',6.97),('10/04/2012',6.97),('11/04/2012',6.97),('12/04/2012',6.97),('13/04/2012',6.97),('14/04/2012',6.97),('15/04/2012',6.97),('16/04/2012',6.97),('17/04/2012',6.97),('18/04/2012',6.97),('19/04/2012',6.97),('20/04/2012',6.97),('21/04/2012',6.97),('22/04/2012',6.97),('23/04/2012',6.97),('24/04/2012',6.97),('25/04/2012',6.97),('26/04/2012',6.97),('27/04/2012',6.97),('28/04/2012',6.97),('29/04/2012',6.97),('30/04/2012',6.97),('01/05/2012',6.97),('02/05/2012',6.97),('03/05/2012',6.97),('04/05/2012',6.97),('05/05/2012',6.97),('06/05/2012',6.97),('07/05/2012',6.97),('08/05/2012',6.97),('09/05/2012',6.97),('10/05/2012',6.97),('11/05/2012',6.97),('12/05/2012',6.97),('13/05/2012',6.97),('14/05/2012',6.97),('15/05/2012',6.97),('16/05/2012',6.97),('17/05/2012',6.97),('18/05/2012',6.97),('19/05/2012',6.97),('20/05/2012',6.97),('21/05/2012',6.97),('22/05/2012',6.97),('23/05/2012',6.97),('24/05/2012',6.97),('25/05/2012',6.97),('26/05/2012',6.97),('27/05/2012',6.97),('28/05/2012',6.97),('29/05/2012',6.97),('30/05/2012',6.97),('31/05/2012',6.97),('01/06/2012',6.97),('02/06/2012',6.97),('03/06/2012',6.97),('04/06/2012',6.97),('05/06/2012',6.97),('06/06/2012',6.97),('07/06/2012',6.97),('08/06/2012',6.97),('09/06/2012',6.97),('10/06/2012',6.97),('11/06/2012',6.97),('12/06/2012',6.97),('13/06/2012',6.97),('14/06/2012',6.97),('15/06/2012',6.97),('16/06/2012',6.97),('17/06/2012',6.97),('18/06/2012',6.97),('19/06/2012',6.97),('20/06/2012',6.97),('21/06/2012',6.97),('22/06/2012',6.97),('23/06/2012',6.97),('24/06/2012',6.97),('25/06/2012',6.97),('26/06/2012',6.97),('27/06/2012',6.97),('28/06/2012',6.97),('29/06/2012',6.97),('30/06/2012',6.97),('01/07/2012',6.97),('02/07/2012',6.97),('03/07/2012',6.97),('04/07/2012',6.97),('05/07/2012',6.97),('06/07/2012',6.97),('07/07/2012',6.97),('08/07/2012',6.97),('09/07/2012',6.97),('10/07/2012',6.97),('11/07/2012',6.97),('12/07/2012',6.97),('13/07/2012',6.97),('14/07/2012',6.97),('15/07/2012',6.97),('16/07/2012',6.97),('17/07/2012',6.97),('18/07/2012',6.97),('19/07/2012',6.97),('20/07/2012',6.97),('21/07/2012',6.97),('22/07/2012',6.97),('23/07/2012',6.97),('24/07/2012',6.97),('25/07/2012',6.97),('26/07/2012',6.97),('27/07/2012',6.97),('28/07/2012',6.97),('29/07/2012',6.97),('30/07/2012',6.97),('31/07/2012',6.97),('01/08/2012',6.97),('02/08/2012',6.97),('03/08/2012',6.97),('04/08/2012',6.97),('05/08/2012',6.97),('06/08/2012',6.97),('07/08/2012',6.97),('08/08/2012',6.97),('09/08/2012',6.97),('10/08/2012',6.97),('11/08/2012',6.97),('12/08/2012',6.97),('13/08/2012',6.97),('14/08/2012',6.97),('15/08/2012',6.97),('16/08/2012',6.97),('17/08/2012',6.97),('18/08/2012',6.97),('19/08/2012',6.97),('20/08/2012',6.97),('21/08/2012',6.97),('22/08/2012',6.96),('23/08/2012',6.96),('24/08/2012',6.96),('25/08/2012',6.96),('26/08/2012',6.96),('27/08/2012',6.96),('28/08/2012',6.96),('29/08/2012',6.96),('30/08/2012',6.96),('31/08/2012',6.96),('01/09/2012',6.96),('02/09/2012',6.96),('03/09/2012',6.96),('04/09/2012',6.96),('05/09/2012',6.96),('06/09/2012',6.96),('07/09/2012',6.96),('08/09/2012',6.96),('09/09/2012',6.96),('10/09/2012',6.96),('11/09/2012',6.96),('12/09/2012',6.96),('13/09/2012',6.96),('14/09/2012',6.96),('15/09/2012',6.96),('16/09/2012',6.96),('17/09/2012',6.96),('18/09/2012',6.96),('19/09/2012',6.96),('20/09/2012',6.96),('21/09/2012',6.96),('22/09/2012',6.96),('23/09/2012',6.96),('24/09/2012',6.96),('25/09/2012',6.96),('26/09/2012',6.96),('27/09/2012',6.96),('28/09/2012',6.96),('29/09/2012',6.96),('30/09/2012',6.96),('01/10/2012',6.96),('02/10/2012',6.96),('03/10/2012',6.96),('04/10/2012',6.96),('05/10/2012',6.96),('06/10/2012',6.96),('07/10/2012',6.96),('08/10/2012',6.96),('09/10/2012',6.96),('10/10/2012',6.96),('11/10/2012',6.96),('12/10/2012',6.96),('13/10/2012',6.96),('14/10/2012',6.96),('15/10/2012',6.96),('16/10/2012',6.96),('17/10/2012',6.96),('18/10/2012',6.96),('19/10/2012',6.96),('20/10/2012',6.96),('21/10/2012',6.96),('22/10/2012',6.96),('23/10/2012',6.96),('24/10/2012',6.96),('25/10/2012',6.96),('26/10/2012',6.96),('27/10/2012',6.96),('28/10/2012',6.96),('29/10/2012',6.96),('30/10/2012',6.96),('31/10/2012',6.96),('01/11/2012',6.96),('02/11/2012',6.96),('03/11/2012',6.96),('04/11/2012',6.96),('05/11/2012',6.96),('06/11/2012',6.96),('07/11/2012',6.96),('08/11/2012',6.96),('09/11/2012',6.96),('10/11/2012',6.96),('11/11/2012',6.96),('12/11/2012',6.96),('13/11/2012',6.96),('14/11/2012',6.96),('15/11/2012',6.96),('16/11/2012',6.96),('17/11/2012',6.96),('18/11/2012',6.96),('19/11/2012',6.96),('20/11/2012',6.96),('21/11/2012',6.96),('22/11/2012',6.96),('23/11/2012',6.96),('24/11/2012',6.96),('25/11/2012',6.96),('26/11/2012',6.96),('27/11/2012',6.96),('28/11/2012',6.96),('29/11/2012',6.96),('30/11/2012',6.96),('01/12/2012',6.96),('02/12/2012',6.96),('03/12/2012',6.96),('04/12/2012',6.96),('05/12/2012',6.96),('06/12/2012',6.96),('07/12/2012',6.96),('08/12/2012',6.96),('09/12/2012',6.96),('10/12/2012',6.96),('11/12/2012',6.96),('12/12/2012',6.96),('13/12/2012',6.96),('14/12/2012',6.96),('15/12/2012',6.96),('16/12/2012',6.96),('17/12/2012',6.96),('18/12/2012',6.96),('19/12/2012',6.96),('20/12/2012',6.96),('21/12/2012',6.96),('22/12/2012',6.96),('23/12/2012',6.96),('24/12/2012',6.96),('25/12/2012',6.96),('26/12/2012',6.96),('27/12/2012',6.96),('28/12/2012',6.96),('29/12/2012',6.96),('30/12/2012',6.96),('31/12/2012',6.96),('01/01/2013',6.96),('02/01/2013',6.96),('03/01/2013',6.96),('04/01/2013',6.96),('05/01/2013',6.96),('06/01/2013',6.96),('07/01/2013',6.96),('08/01/2013',6.96),('09/01/2013',6.96),('10/01/2013',6.96),('11/01/2013',6.96),('12/01/2013',6.96),('13/01/2013',6.96),('14/01/2013',6.96),('15/01/2013',6.96),('16/01/2013',6.96),('17/01/2013',6.96),('18/01/2013',6.96),('19/01/2013',6.96),('20/01/2013',6.96),('21/01/2013',6.96),('22/01/2013',6.96),('23/01/2013',6.96),('24/01/2013',6.96),('25/01/2013',6.96),('26/01/2013',6.96),('27/01/2013',6.96),('28/01/2013',6.96),('29/01/2013',6.96),('30/01/2013',6.96),('31/01/2013',6.96),('01/02/2013',6.96),('02/02/2013',6.96),('03/02/2013',6.96),('04/02/2013',6.96),('05/02/2013',6.96),('06/02/2013',6.96),('07/02/2013',6.96),('08/02/2013',6.96),('09/02/2013',6.96),('10/02/2013',6.96),('11/02/2013',6.96),('12/02/2013',6.96),('13/02/2013',6.96),('14/02/2013',6.96),('15/02/2013',6.96),('16/02/2013',6.96),('17/02/2013',6.96),('18/02/2013',6.96),('19/02/2013',6.96),('20/02/2013',6.96),('21/02/2013',6.96),('22/02/2013',6.96),('23/02/2013',6.96),('24/02/2013',6.96),('25/02/2013',6.96),('26/02/2013',6.96),('27/02/2013',6.96),('28/02/2013',6.96),('01/03/2013',6.96),('02/03/2013',6.96),('03/03/2013',6.96),('04/03/2013',6.96),('05/03/2013',6.96),('06/03/2013',6.96),('07/03/2013',6.96),('08/03/2013',6.96),('09/03/2013',6.96),('10/03/2013',6.96),('11/03/2013',6.96),('12/03/2013',6.96),('13/03/2013',6.96),('14/03/2013',6.96),('15/03/2013',6.96),('16/03/2013',6.96),('17/03/2013',6.96),('18/03/2013',6.96),('19/03/2013',6.96),('20/03/2013',6.96),('21/03/2013',6.96),('22/03/2013',6.96),('23/03/2013',6.96),('24/03/2013',6.96),('25/03/2013',6.96),('26/03/2013',6.96),('27/03/2013',6.96),('28/03/2013',6.96),('29/03/2013',6.96),('30/03/2013',6.96),('31/03/2013',6.96),('01/04/2013',6.96),('02/04/2013',6.96),('03/04/2013',6.96),('04/04/2013',6.96),('05/04/2013',6.96),('06/04/2013',6.96),('07/04/2013',6.96),('08/04/2013',6.96),('09/04/2013',6.96),('10/04/2013',6.96),('11/04/2013',6.96),('12/04/2013',6.96),('13/04/2013',6.96),('14/04/2013',6.96),('15/04/2013',6.96),('16/04/2013',6.96),('17/04/2013',6.96),('18/04/2013',6.96),('19/04/2013',6.96),('20/04/2013',6.96),('21/04/2013',6.96),('22/04/2013',6.96),('23/04/2013',6.96),('24/04/2013',6.96),('25/04/2013',6.96),('26/04/2013',6.96),('27/04/2013',6.96),('28/04/2013',6.96),('29/04/2013',6.96),('30/04/2013',6.96),('01/05/2013',6.96),('02/05/2013',6.96),('03/05/2013',6.96),('04/05/2013',6.96),('05/05/2013',6.96),('06/05/2013',6.96),('07/05/2013',6.96),('08/05/2013',6.96),('09/05/2013',6.96),('10/05/2013',6.96),('11/05/2013',6.96),('12/05/2013',6.96),('13/05/2013',6.96),('14/05/2013',6.96),('15/05/2013',6.96),('16/05/2013',6.96),('17/05/2013',6.96),('18/05/2013',6.96),('19/05/2013',6.96),('20/05/2013',6.96),('21/05/2013',6.96),('22/05/2013',6.96),('23/05/2013',6.96),('24/05/2013',6.96),('25/05/2013',6.96),('26/05/2013',6.96),('27/05/2013',6.96),('28/05/2013',6.96),('29/05/2013',6.96),('30/05/2013',6.96),('31/05/2013',6.96),('01/06/2013',6.96),('02/06/2013',6.96),('03/06/2013',6.96),('04/06/2013',6.96),('05/06/2013',6.96),('06/06/2013',6.96),('07/06/2013',6.96),('08/06/2013',6.96),('09/06/2013',6.96),('10/06/2013',6.96),('11/06/2013',6.96),('12/06/2013',6.96),('13/06/2013',6.96),('14/06/2013',6.96),('15/06/2013',6.96),('16/06/2013',6.96),('17/06/2013',6.96),('18/06/2013',6.96),('19/06/2013',6.96),('20/06/2013',6.96),('21/06/2013',6.96),('22/06/2013',6.96),('23/06/2013',6.96),('24/06/2013',6.96),('25/06/2013',6.96),('26/06/2013',6.96),('27/06/2013',6.96),('28/06/2013',6.96),('29/06/2013',6.96),('30/06/2013',6.96),('01/07/2013',6.96),('02/07/2013',6.96),('03/07/2013',6.96),('04/07/2013',6.96),('05/07/2013',6.96),('06/07/2013',6.96),('07/07/2013',6.96),('08/07/2013',6.96),('09/07/2013',6.96),('10/07/2013',6.96),('11/07/2013',6.96),('12/07/2013',6.96),('13/07/2013',6.96),('14/07/2013',6.96),('15/07/2013',6.96),('16/07/2013',6.96),('17/07/2013',6.96),('18/07/2013',6.96),('19/07/2013',6.96),('20/07/2013',6.96),('21/07/2013',6.96),('22/07/2013',6.96),('23/07/2013',6.96),('24/07/2013',6.96),('25/07/2013',6.96),('26/07/2013',6.96),('27/07/2013',6.96),('28/07/2013',6.96),('29/07/2013',6.96),('30/07/2013',6.96),('31/07/2013',6.96),('01/08/2013',6.96),('02/08/2013',6.96),('03/08/2013',6.96),('04/08/2013',6.96),('05/08/2013',6.96),('06/08/2013',6.96),('07/08/2013',6.96),('08/08/2013',6.96),('09/08/2013',6.96),('10/08/2013',6.96),('11/08/2013',6.96),('12/08/2013',6.96),('13/08/2013',6.96),('14/08/2013',6.96),('15/08/2013',6.96),('16/08/2013',6.96),('17/08/2013',6.96),('18/08/2013',6.96),('19/08/2013',6.96),('20/08/2013',6.96),('21/08/2013',6.96),('22/08/2013',6.96),('23/08/2013',6.96),('24/08/2013',6.96),('25/08/2013',6.96),('26/08/2013',6.96),('27/08/2013',6.96),('28/08/2013',6.96),('29/08/2013',6.96),('30/08/2013',6.96),('31/08/2013',6.96),('01/09/2013',6.96),('02/09/2013',6.96),('03/09/2013',6.96),('04/09/2013',6.96),('05/09/2013',6.96),('06/09/2013',6.96),('07/09/2013',6.96),('08/09/2013',6.96),('09/09/2013',6.96),('10/09/2013',6.96),('11/09/2013',6.96),('12/09/2013',6.96),('13/09/2013',6.96),('14/09/2013',6.96),('15/09/2013',6.96),('16/09/2013',6.96),('17/09/2013',6.96),('18/09/2013',6.96),('19/09/2013',6.96),('20/09/2013',6.96),('21/09/2013',6.96),('22/09/2013',6.96),('23/09/2013',6.96),('24/09/2013',6.96),('25/09/2013',6.96),('26/09/2013',6.96),('27/09/2013',6.96),('28/09/2013',6.96),('29/09/2013',6.96),('30/09/2013',6.96),('01/10/2013',6.96),('02/10/2013',6.96),('03/10/2013',6.96),('04/10/2013',6.96),('05/10/2013',6.96),('06/10/2013',6.96),('07/10/2013',6.96),('08/10/2013',6.96),('09/10/2013',6.96),('10/10/2013',6.96),('11/10/2013',6.96),('12/10/2013',6.96),('13/10/2013',6.96),('14/10/2013',6.96),('15/10/2013',6.96),('16/10/2013',6.96),('17/10/2013',6.96),('18/10/2013',6.96),('19/10/2013',6.96),('20/10/2013',6.96),('21/10/2013',6.96),('22/10/2013',6.96),('23/10/2013',6.96),('24/10/2013',6.96),('25/10/2013',6.96),('26/10/2013',6.96),('27/10/2013',6.96),('28/10/2013',6.96),('29/10/2013',6.96),('30/10/2013',6.96),('31/10/2013',6.96),('01/11/2013',6.96),('02/11/2013',6.96),('03/11/2013',6.96),('04/11/2013',6.96),('05/11/2013',6.96),('06/11/2013',6.96),('07/11/2013',6.96),('08/11/2013',6.96),('09/11/2013',6.96),('10/11/2013',6.96),('11/11/2013',6.96),('12/11/2013',6.96),('13/11/2013',6.96),('14/11/2013',6.96),('15/11/2013',6.96),('16/11/2013',6.96),('17/11/2013',6.96),('18/11/2013',6.96),('19/11/2013',6.96),('20/11/2013',6.96),('21/11/2013',6.96),('22/11/2013',6.96),('23/11/2013',6.96),('24/11/2013',6.96),('25/11/2013',6.96),('26/11/2013',6.96),('27/11/2013',6.96),('28/11/2013',6.96),('29/11/2013',6.96),('30/11/2013',6.96),('01/12/2013',6.96),('02/12/2013',6.96),('03/12/2013',6.96),('04/12/2013',6.96),('05/12/2013',6.96),('06/12/2013',6.96),('07/12/2013',6.96),('08/12/2013',6.96),('09/12/2013',6.96),('10/12/2013',6.96),('11/12/2013',6.96),('12/12/2013',6.96),('13/12/2013',6.96),('14/12/2013',6.96),('15/12/2013',6.96),('16/12/2013',6.96),('17/12/2013',6.96),('18/12/2013',6.96),('19/12/2013',6.96),('20/12/2013',6.96),('21/12/2013',6.96),('22/12/2013',6.96),('23/12/2013',6.96),('24/12/2013',6.96),('25/12/2013',6.96),('26/12/2013',6.96),('27/12/2013',6.96),('28/12/2013',6.96),('29/12/2013',6.96),('30/12/2013',6.96),('31/12/2013',6.96),('01/01/2014',6.96),('02/01/2014',6.96),('03/01/2014',6.96),('04/01/2014',6.96),('05/01/2014',6.96),('06/01/2014',6.96),('07/01/2014',6.96),('08/01/2014',6.96),('09/01/2014',6.96),('10/01/2014',6.96),('11/01/2014',6.96),('12/01/2014',6.96),('13/01/2014',6.96),('14/01/2014',6.96),('15/01/2014',6.96),('16/01/2014',6.96),('17/01/2014',6.96),('18/01/2014',6.96),('19/01/2014',6.96),('20/01/2014',6.96),('21/01/2014',6.96),('22/01/2014',6.96),('23/01/2014',6.96),('24/01/2014',6.96),('25/01/2014',6.96),('26/01/2014',6.96),('27/01/2014',6.96),('28/01/2014',6.96),('29/01/2014',6.96),('30/01/2014',6.96),('31/01/2014',6.96),('01/02/2014',6.96),('02/02/2014',6.96),('03/02/2014',6.96),('04/02/2014',6.96),('05/02/2014',6.96),('06/02/2014',6.96),('07/02/2014',6.96),('08/02/2014',6.96),('09/02/2014',6.96),('10/02/2014',6.96),('11/02/2014',6.96),('12/02/2014',6.96),('13/02/2014',6.96),('14/02/2014',6.96),('15/02/2014',6.96),('16/02/2014',6.96),('17/02/2014',6.96),('18/02/2014',6.96),('19/02/2014',6.96),('20/02/2014',6.96),('21/02/2014',6.96),('22/02/2014',6.96),('23/02/2014',6.96),('24/02/2014',6.96),('25/02/2014',6.96),('26/02/2014',6.96),('27/02/2014',6.96),('28/02/2014',6.96),('01/03/2014',6.96),('02/03/2014',6.96),('03/03/2014',6.96),('04/03/2014',6.96),('05/03/2014',6.96),('06/03/2014',6.96),('07/03/2014',6.96),('08/03/2014',6.96),('09/03/2014',6.96),('10/03/2014',6.96),('11/03/2014',6.96),('12/03/2014',6.96),('13/03/2014',6.96),('14/03/2014',6.96),('15/03/2014',6.96),('16/03/2014',6.96),('17/03/2014',6.96),('18/03/2014',6.96),('19/03/2014',6.96),('20/03/2014',6.96),('21/03/2014',6.96),('22/03/2014',6.96),('23/03/2014',6.96),('24/03/2014',6.96),('25/03/2014',6.96),('26/03/2014',6.96),('27/03/2014',6.96),('28/03/2014',6.96),('29/03/2014',6.96),('30/03/2014',6.96),('31/03/2014',6.96),('01/04/2014',6.96),('02/04/2014',6.96),('03/04/2014',6.96),('04/04/2014',6.96),('05/04/2014',6.96),('06/04/2014',6.96),('07/04/2014',6.96),('08/04/2014',6.96),('09/04/2014',6.96),('10/04/2014',6.96),('11/04/2014',6.96),('12/04/2014',6.96),('13/04/2014',6.96),('14/04/2014',6.96),('15/04/2014',6.96),('16/04/2014',6.96),('17/04/2014',6.96),('18/04/2014',6.96),('19/04/2014',6.96),('20/04/2014',6.96),('21/04/2014',6.96),('22/04/2014',6.96),('23/04/2014',6.96),('24/04/2014',6.96),('25/04/2014',6.96),('26/04/2014',6.96),('27/04/2014',6.96),('28/04/2014',6.96),('29/04/2014',6.96),('30/04/2014',6.96),('01/05/2014',6.96),('02/05/2014',6.96),('03/05/2014',6.96),('04/05/2014',6.96),('05/05/2014',6.96),('06/05/2014',6.96),('07/05/2014',6.96),('08/05/2014',6.96),('09/05/2014',6.96),('10/05/2014',6.96),('11/05/2014',6.96),('12/05/2014',6.96),('13/05/2014',6.96),('14/05/2014',6.96),('15/05/2014',6.96),('16/05/2014',6.96),('17/05/2014',6.96),('18/05/2014',6.96),('19/05/2014',6.96),('20/05/2014',6.96),('21/05/2014',6.96),('22/05/2014',6.96),('23/05/2014',6.96),('24/05/2014',6.96),('25/05/2014',6.96),('26/05/2014',6.96),('27/05/2014',6.96),('28/05/2014',6.96),('29/05/2014',6.96),('30/05/2014',6.96),('31/05/2014',6.96),('01/06/2014',6.96),('02/06/2014',6.96),('03/06/2014',6.96),('04/06/2014',6.96),('05/06/2014',6.96),('06/06/2014',6.96),('07/06/2014',6.96),('08/06/2014',6.96),('09/06/2014',6.96),('10/06/2014',6.96),('11/06/2014',6.96),('12/06/2014',6.96),('13/06/2014',6.96),('14/06/2014',6.96),('15/06/2014',6.96),('16/06/2014',6.96),('17/06/2014',6.96),('18/06/2014',6.96),('19/06/2014',6.96),('20/06/2014',6.96),('21/06/2014',6.96),('22/06/2014',6.96),('23/06/2014',6.96),('24/06/2014',6.96),('25/06/2014',6.96),('26/06/2014',6.96),('27/06/2014',6.96),('28/06/2014',6.96),('29/06/2014',6.96),('30/06/2014',6.96),('01/07/2014',6.96),('02/07/2014',6.96),('03/07/2014',6.96),('04/07/2014',6.96),('05/07/2014',6.96),('06/07/2014',6.96),('07/07/2014',6.96),('08/07/2014',6.96),('09/07/2014',6.96),('10/07/2014',6.96),('11/07/2014',6.96),('12/07/2014',6.96),('13/07/2014',6.96),('14/07/2014',6.96),('15/07/2014',6.96),('16/07/2014',6.96),('17/07/2014',6.96),('18/07/2014',6.96),('19/07/2014',6.96),('20/07/2014',6.96),('21/07/2014',6.96),('22/07/2014',6.96),('23/07/2014',6.96),('24/07/2014',6.96),('25/07/2014',6.96),('26/07/2014',6.96),('27/07/2014',6.96),('28/07/2014',6.96),('29/07/2014',6.96),('30/07/2014',6.96),('31/07/2014',6.96),('01/08/2014',6.96),('02/08/2014',6.96),('03/08/2014',6.96),('04/08/2014',6.96),('05/08/2014',6.96),('06/08/2014',6.96),('07/08/2014',6.96),('08/08/2014',6.96),('09/08/2014',6.96),('10/08/2014',6.96),('11/08/2014',6.96),('12/08/2014',6.96),('13/08/2014',6.96),('14/08/2014',6.96),('15/08/2014',6.96),('16/08/2014',6.96),('17/08/2014',6.96),('18/08/2014',6.96),('19/08/2014',6.96),('20/08/2014',6.96),('21/08/2014',6.96),('22/08/2014',6.96),('23/08/2014',6.96),('24/08/2014',6.96),('25/08/2014',6.96),('26/08/2014',6.96),('27/08/2014',6.96),('28/08/2014',6.96),('29/08/2014',6.96),('30/08/2014',6.96),('31/08/2014',6.96),('01/09/2014',6.96),('02/09/2014',6.96),('03/09/2014',6.96),('04/09/2014',6.96),('05/09/2014',6.96),('06/09/2014',6.96),('07/09/2014',6.96),('08/09/2014',6.96),('09/09/2014',6.96),('10/09/2014',6.96),('11/09/2014',6.96),('12/09/2014',6.96),('13/09/2014',6.96),('14/09/2014',6.96),('15/09/2014',6.96),('16/09/2014',6.96),('17/09/2014',6.96),('18/09/2014',6.96),('19/09/2014',6.96),('20/09/2014',6.96),('21/09/2014',6.96),('22/09/2014',6.96),('23/09/2014',6.96),('24/09/2014',6.96),('25/09/2014',6.96),('26/09/2014',6.96),('27/09/2014',6.96),('28/09/2014',6.96),('29/09/2014',6.96),('30/09/2014',6.96),('01/10/2014',6.96),('02/10/2014',6.96),('03/10/2014',6.96),('04/10/2014',6.96),('05/10/2014',6.96),('06/10/2014',6.96),('07/10/2014',6.96),('08/10/2014',6.96),('09/10/2014',6.96),('10/10/2014',6.96),('11/10/2014',6.96),('12/10/2014',6.96),('13/10/2014',6.96),('14/10/2014',6.96),('15/10/2014',6.96),('16/10/2014',6.96),('17/10/2014',6.96),('18/10/2014',6.96),('19/10/2014',6.96),('20/10/2014',6.96),('21/10/2014',6.96),('22/10/2014',6.96),('23/10/2014',6.96),('24/10/2014',6.96),('25/10/2014',6.96),('26/10/2014',6.96),('27/10/2014',6.96),('28/10/2014',6.96),('29/10/2014',6.96),('30/10/2014',6.96),('31/10/2014',6.96),('01/11/2014',6.96),('02/11/2014',6.96),('03/11/2014',6.96),('04/11/2014',6.96),('05/11/2014',6.96),('06/11/2014',6.96),('07/11/2014',6.96),('08/11/2014',6.96),('09/11/2014',6.96),('10/11/2014',6.96),('11/11/2014',6.96),('12/11/2014',6.96),('13/11/2014',6.96),('14/11/2014',6.96),('15/11/2014',6.96),('16/11/2014',6.96),('17/11/2014',6.96),('18/11/2014',6.96),('19/11/2014',6.96),('20/11/2014',6.96),('21/11/2014',6.96),('22/11/2014',6.96),('23/11/2014',6.96),('24/11/2014',6.96),('25/11/2014',6.96),('26/11/2014',6.96),('27/11/2014',6.96),('28/11/2014',6.96),('29/11/2014',6.96),('30/11/2014',6.96),('01/12/2014',6.96),('02/12/2014',6.96),('03/12/2014',6.96),('04/12/2014',6.96),('05/12/2014',6.96),('06/12/2014',6.96),('07/12/2014',6.96),('08/12/2014',6.96),('09/12/2014',6.96),('10/12/2014',6.96),('11/12/2014',6.96),('12/12/2014',6.96),('13/12/2014',6.96),('14/12/2014',6.96),('15/12/2014',6.96),('16/12/2014',6.96),('17/12/2014',6.96),('18/12/2014',6.96),('19/12/2014',6.96),('20/12/2014',6.96),('21/12/2014',6.96),('22/12/2014',6.96),('23/12/2014',6.96),('24/12/2014',6.96),('25/12/2014',6.96),('26/12/2014',6.96),('27/12/2014',6.96),('28/12/2014',6.96),('29/12/2014',6.96),('30/12/2014',6.96),('31/12/2014',6.96),('01/01/2015',6.96),('02/01/2015',6.96),('03/01/2015',6.96),('04/01/2015',6.96),('05/01/2015',6.96),('06/01/2015',6.96),('07/01/2015',6.96),('08/01/2015',6.96),('09/01/2015',6.96),('10/01/2015',6.96),('11/01/2015',6.96),('12/01/2015',6.96),('13/01/2015',6.96),('14/01/2015',6.96),('15/01/2015',6.96),('16/01/2015',6.96),('17/01/2015',6.96),('18/01/2015',6.96),('19/01/2015',6.96),('20/01/2015',6.96),('21/01/2015',6.96),('22/01/2015',6.96),('23/01/2015',6.96),('24/01/2015',6.96),('25/01/2015',6.96),('26/01/2015',6.96),('27/01/2015',6.96),('28/01/2015',6.96),('29/01/2015',6.96),('30/01/2015',6.96),('31/01/2015',6.96),('01/02/2015',6.96),('02/02/2015',6.96),('03/02/2015',6.96),('04/02/2015',6.96),('05/02/2015',6.96),('06/02/2015',6.96),('07/02/2015',6.96),('08/02/2015',6.96),('09/02/2015',6.96),('10/02/2015',6.96),('11/02/2015',6.96),('12/02/2015',6.96),('13/02/2015',6.96),('14/02/2015',6.96),('15/02/2015',6.96),('16/02/2015',6.96),('17/02/2015',6.96),('18/02/2015',6.96),('19/02/2015',6.96),('20/02/2015',6.96),('21/02/2015',6.96),('22/02/2015',6.96),('23/02/2015',6.96),('24/02/2015',6.96),('25/02/2015',6.96),('26/02/2015',6.96),('27/02/2015',6.96),('28/02/2015',6.96),('01/03/2015',6.96),('02/03/2015',6.96),('03/03/2015',6.96),('04/03/2015',6.96),('05/03/2015',6.96),('06/03/2015',6.96),('07/03/2015',6.96),('08/03/2015',6.96),('09/03/2015',6.96),('10/03/2015',6.96),('11/03/2015',6.96),('12/03/2015',6.96),('13/03/2015',6.96),('14/03/2015',6.96),('15/03/2015',6.96),('16/03/2015',6.96),('17/03/2015',6.96),('18/03/2015',6.96),('19/03/2015',6.96),('20/03/2015',6.96),('21/03/2015',6.96),('22/03/2015',6.96),('23/03/2015',6.96),('24/03/2015',6.96),('25/03/2015',6.96),('26/03/2015',6.96),('27/03/2015',6.96),('28/03/2015',6.96),('29/03/2015',6.96),('30/03/2015',6.96),('31/03/2015',6.96),('01/04/2015',6.96),('02/04/2015',6.96),('03/04/2015',6.96),('04/04/2015',6.96),('05/04/2015',6.96),('06/04/2015',6.96),('07/04/2015',6.96),('08/04/2015',6.96),('09/04/2015',6.96),('10/04/2015',6.96),('11/04/2015',6.96),('12/04/2015',6.96),('13/04/2015',6.96),('14/04/2015',6.96),('15/04/2015',6.96),('16/04/2015',6.96),('17/04/2015',6.96),('18/04/2015',6.96),('19/04/2015',6.96),('20/04/2015',6.96),('21/04/2015',6.96),('22/04/2015',6.96),('23/04/2015',6.96),('24/04/2015',6.96),('25/04/2015',6.96),('26/04/2015',6.96),('27/04/2015',6.96),('28/04/2015',6.96),('29/04/2015',6.96),('30/04/2015',6.96),('01/05/2015',6.96),('02/05/2015',6.96),('03/05/2015',6.96),('04/05/2015',6.96),('05/05/2015',6.96),('06/05/2015',6.96),('07/05/2015',6.96),('08/05/2015',6.96),('09/05/2015',6.96),('10/05/2015',6.96),('11/05/2015',6.96),('12/05/2015',6.96),('13/05/2015',6.96),('14/05/2015',6.96),('15/05/2015',6.96),('16/05/2015',6.96),('17/05/2015',6.96),('18/05/2015',6.96),('19/05/2015',6.96),('20/05/2015',6.96),('21/05/2015',6.96),('22/05/2015',6.96),('23/05/2015',6.96),('24/05/2015',6.96),('25/05/2015',6.96),('26/05/2015',6.96),('27/05/2015',6.96),('28/05/2015',6.96),('29/05/2015',6.96),('30/05/2015',6.96),('31/05/2015',6.96),('01/06/2015',6.96),('02/06/2015',6.96),('03/06/2015',6.96),('04/06/2015',6.96),('05/06/2015',6.96),('06/06/2015',6.96),('07/06/2015',6.96),('08/06/2015',6.96),('09/06/2015',6.96),('10/06/2015',6.96),('11/06/2015',6.96),('12/06/2015',6.96),('13/06/2015',6.96),('14/06/2015',6.96),('15/06/2015',6.96),('16/06/2015',6.96),('17/06/2015',6.96),('18/06/2015',6.96),('19/06/2015',6.96),('20/06/2015',6.96),('21/06/2015',6.96),('22/06/2015',6.96),('23/06/2015',6.96),('24/06/2015',6.96),('25/06/2015',6.96),('26/06/2015',6.96),('27/06/2015',6.96),('28/06/2015',6.96),('29/06/2015',6.96),('30/06/2015',6.96),('01/07/2015',6.96),('02/07/2015',6.96),('03/07/2015',6.96),('04/07/2015',6.96),('05/07/2015',6.96),('06/07/2015',6.96),('07/07/2015',6.96),('08/07/2015',6.96),('09/07/2015',6.96),('10/07/2015',6.96),('11/07/2015',6.96),('12/07/2015',6.96),('13/07/2015',6.96),('14/07/2015',6.96),('15/07/2015',6.96),('16/07/2015',6.96),('17/07/2015',6.96),('18/07/2015',6.96),('19/07/2015',6.96),('20/07/2015',6.96),('21/07/2015',6.96),('22/07/2015',6.96),('23/07/2015',6.96),('24/07/2015',6.96),('25/07/2015',6.96),('26/07/2015',6.96),('27/07/2015',6.96),('28/07/2015',6.96),('29/07/2015',6.96),('30/07/2015',6.96),('31/07/2015',6.96),('01/08/2015',6.96),('02/08/2015',6.96),('03/08/2015',6.96),('04/08/2015',6.96),('05/08/2015',6.96),('06/08/2015',6.96),('07/08/2015',6.96),('08/08/2015',6.96),('09/08/2015',6.96),('10/08/2015',6.96),('11/08/2015',6.96),('12/08/2015',6.96),('13/08/2015',6.96),('14/08/2015',6.96),('15/08/2015',6.96),('16/08/2015',6.96),('17/08/2015',6.96),('18/08/2015',6.96),('19/08/2015',6.96),('20/08/2015',6.96),('21/08/2015',6.96),('22/08/2015',6.96),('23/08/2015',6.96),('24/08/2015',6.96),('25/08/2015',6.96),('26/08/2015',6.96),('27/08/2015',6.96),('28/08/2015',6.96),('29/08/2015',6.96),('30/08/2015',6.96),('31/08/2015',6.96),('01/09/2015',6.96),('02/09/2015',6.96),('03/09/2015',6.96),('04/09/2015',6.96),('05/09/2015',6.96),('06/09/2015',6.96),('07/09/2015',6.96),('08/09/2015',6.96),('09/09/2015',6.96),('10/09/2015',6.96),('11/09/2015',6.96),('12/09/2015',6.96),('13/09/2015',6.96),('14/09/2015',6.96),('15/09/2015',6.96),('16/09/2015',6.96),('17/09/2015',6.96),('18/09/2015',6.96),('19/09/2015',6.96),('20/09/2015',6.96),('21/09/2015',6.96),('22/09/2015',6.96),('23/09/2015',6.96),('24/09/2015',6.96),('25/09/2015',6.96),('26/09/2015',6.96),('27/09/2015',6.96),('28/09/2015',6.96),('29/09/2015',6.96),('30/09/2015',6.96),('01/10/2015',6.96),('02/10/2015',6.96),('03/10/2015',6.96),('04/10/2015',6.96),('05/10/2015',6.96),('06/10/2015',6.96),('07/10/2015',6.96),('08/10/2015',6.96),('09/10/2015',6.96),('10/10/2015',6.96),('11/10/2015',6.96),('12/10/2015',6.96),('13/10/2015',6.96),('14/10/2015',6.96),('15/10/2015',6.96),('16/10/2015',6.96),('17/10/2015',6.96),('18/10/2015',6.96),('19/10/2015',6.96),('20/10/2015',6.96),('21/10/2015',6.96),('22/10/2015',6.96),('23/10/2015',6.96),('24/10/2015',6.96),('25/10/2015',6.96),('26/10/2015',6.96),('27/10/2015',6.96),('28/10/2015',6.96),('29/10/2015',6.96),('30/10/2015',6.96),('31/10/2015',6.96),('01/11/2015',6.96),('02/11/2015',6.96),('03/11/2015',6.96),('04/11/2015',6.96),('05/11/2015',6.96),('06/11/2015',6.96),('07/11/2015',6.96),('08/11/2015',6.96),('09/11/2015',6.96),('10/11/2015',6.96),('11/11/2015',6.96),('12/11/2015',6.96),('13/11/2015',6.96),('14/11/2015',6.96),('15/11/2015',6.96),('16/11/2015',6.96),('17/11/2015',6.96),('18/11/2015',6.96),('19/11/2015',6.96),('20/11/2015',6.96),('21/11/2015',6.96),('22/11/2015',6.96),('23/11/2015',6.96),('24/11/2015',6.96),('25/11/2015',6.96),('26/11/2015',6.96),('27/11/2015',6.96),('28/11/2015',6.96),('29/11/2015',6.96),('30/11/2015',6.96),('01/12/2015',6.96),('02/12/2015',6.96),('03/12/2015',6.96),('04/12/2015',6.96),('05/12/2015',6.96),('06/12/2015',6.96),('07/12/2015',6.96),('08/12/2015',6.96),('09/12/2015',6.96),('10/12/2015',6.96),('11/12/2015',6.96),('12/12/2015',6.96),('13/12/2015',6.96),('14/12/2015',6.96),('15/12/2015',6.96),('16/12/2015',6.96),('17/12/2015',6.96),('18/12/2015',6.96),('19/12/2015',6.96),('20/12/2015',6.96),('21/12/2015',6.96),('22/12/2015',6.96),('23/12/2015',6.96),('24/12/2015',6.96),('25/12/2015',6.96),('26/12/2015',6.96),('27/12/2015',6.96),('28/12/2015',6.96),('29/12/2015',6.96),('30/12/2015',6.96),('31/12/2015',6.96),('01/01/2016',6.96),('02/01/2016',6.96),('03/01/2016',6.96),('04/01/2016',6.96),('05/01/2016',6.96),('06/01/2016',6.96),('07/01/2016',6.96),('08/01/2016',6.96),('09/01/2016',6.96),('10/01/2016',6.96),('11/01/2016',6.96),('12/01/2016',6.96),('13/01/2016',6.96),('14/01/2016',6.96),('15/01/2016',6.96),('16/01/2016',6.96),('17/01/2016',6.96),('18/01/2016',6.96),('19/01/2016',6.96),('20/01/2016',6.96),('21/01/2016',6.96),('22/01/2016',6.96),('23/01/2016',6.96),('24/01/2016',6.96),('25/01/2016',6.96),('26/01/2016',6.96),('27/01/2016',6.96),('28/01/2016',6.96),('29/01/2016',6.96),('30/01/2016',6.96),('31/01/2016',6.96),('01/02/2016',6.96),('02/02/2016',6.96),('03/02/2016',6.96),('04/02/2016',6.96),('05/02/2016',6.96),('06/02/2016',6.96),('07/02/2016',6.96),('08/02/2016',6.96),('09/02/2016',6.96),('10/02/2016',6.96),('11/02/2016',6.96),('12/02/2016',6.96),('13/02/2016',6.96),('14/02/2016',6.96),('15/02/2016',6.96),('16/02/2016',6.96),('17/02/2016',6.96),('18/02/2016',6.96),('19/02/2016',6.96),('20/02/2016',6.96),('21/02/2016',6.96),('22/02/2016',6.96),('23/02/2016',6.96),('24/02/2016',6.96),('25/02/2016',6.96),('26/02/2016',6.96),('27/02/2016',6.96),('28/02/2016',6.96),('29/02/2016',6.96),('01/03/2016',6.96),('02/03/2016',6.96),('03/03/2016',6.96),('04/03/2016',6.96),('05/03/2016',6.96),('06/03/2016',6.96),('07/03/2016',6.96),('08/03/2016',6.96),('09/03/2016',6.96),('10/03/2016',6.96),('11/03/2016',6.96),('12/03/2016',6.96),('13/03/2016',6.96),('14/03/2016',6.96),('15/03/2016',6.96),('16/03/2016',6.96),('17/03/2016',6.96),('18/03/2016',6.96),('19/03/2016',6.96),('20/03/2016',6.96),('21/03/2016',6.96),('22/03/2016',6.96),('23/03/2016',6.96),('24/03/2016',6.96),('25/03/2016',6.96),('26/03/2016',6.96),('27/03/2016',6.96),('28/03/2016',6.96),('29/03/2016',6.96),('30/03/2016',6.96),('31/03/2016',6.96),('01/04/2016',6.96),('02/04/2016',6.96),('03/04/2016',6.96),('04/04/2016',6.96),('05/04/2016',6.96),('06/04/2016',6.96),('07/04/2016',6.96),('08/04/2016',6.96),('09/04/2016',6.96),('10/04/2016',6.96),('11/04/2016',6.96),('12/04/2016',6.96),('13/04/2016',6.96),('14/04/2016',6.96),('15/04/2016',6.96),('16/04/2016',6.96),('17/04/2016',6.96),('18/04/2016',6.96),('19/04/2016',6.96),('20/04/2016',6.96),('21/04/2016',6.96),('22/04/2016',6.96),('23/04/2016',6.96),('24/04/2016',6.96),('25/04/2016',6.96),('26/04/2016',6.96),('27/04/2016',6.96),('28/04/2016',6.96),('29/04/2016',6.96),('30/04/2016',6.96),('01/05/2016',6.96),('02/05/2016',6.96),('03/05/2016',6.96),('04/05/2016',6.96),('05/05/2016',6.96),('06/05/2016',6.96),('07/05/2016',6.96),('08/05/2016',6.96),('09/05/2016',6.96),('10/05/2016',6.96),('11/05/2016',6.96),('12/05/2016',6.96),('13/05/2016',6.96),('14/05/2016',6.96),('15/05/2016',6.96),('16/05/2016',6.96),('17/05/2016',6.96),('18/05/2016',6.96),('19/05/2016',6.96),('20/05/2016',6.96),('21/05/2016',6.96),('22/05/2016',6.96),('23/05/2016',6.96),('24/05/2016',6.96),('25/05/2016',6.96),('26/05/2016',6.96),('27/05/2016',6.96),('28/05/2016',6.96),('29/05/2016',6.96),('30/05/2016',6.96),('31/05/2016',6.96),('01/06/2016',6.96),('02/06/2016',6.96),('03/06/2016',6.96),('04/06/2016',6.96),('05/06/2016',6.96),('06/06/2016',6.96),('07/06/2016',6.96),('08/06/2016',6.96),('09/06/2016',6.96),('10/06/2016',6.96),('11/06/2016',6.96),('12/06/2016',6.96),('13/06/2016',6.96),('14/06/2016',6.96),('15/06/2016',6.96),('16/06/2016',6.96),('17/06/2016',6.96),('18/06/2016',6.96),('19/06/2016',6.96),('20/06/2016',6.96),('21/06/2016',6.96),('22/06/2016',6.96),('23/06/2016',6.96),('24/06/2016',6.96),('25/06/2016',6.96),('26/06/2016',6.96),('27/06/2016',6.96),('28/06/2016',6.96),('29/06/2016',6.96),('30/06/2016',6.96),('01/07/2016',6.96),('02/07/2016',6.96),('03/07/2016',6.96),('04/07/2016',6.96),('05/07/2016',6.96),('06/07/2016',6.96),('07/07/2016',6.96),('08/07/2016',6.96),('09/07/2016',6.96),('10/07/2016',6.96),('11/07/2016',6.96),('12/07/2016',6.96),('13/07/2016',6.96),('14/07/2016',6.96),('15/07/2016',6.96),('16/07/2016',6.96),('17/07/2016',6.96),('18/07/2016',6.96),('19/07/2016',6.96),('20/07/2016',6.96),('21/07/2016',6.96),('22/07/2016',6.96),('23/07/2016',6.96),('24/07/2016',6.96),('25/07/2016',6.96),('26/07/2016',6.96),('27/07/2016',6.96),('28/07/2016',6.96),('29/07/2016',6.96),('30/07/2016',6.96),('31/07/2016',6.96),('01/08/2016',6.96),('02/08/2016',6.96),('03/08/2016',6.96),('04/08/2016',6.96),('05/08/2016',6.96),('06/08/2016',6.96),('07/08/2016',6.96),('08/08/2016',6.96),('09/08/2016',6.96),('10/08/2016',6.96),('11/08/2016',6.96),('12/08/2016',6.96),('13/08/2016',6.96),('14/08/2016',6.96),('15/08/2016',6.96),('16/08/2016',6.96),('17/08/2016',6.96),('18/08/2016',6.96),('19/08/2016',6.96),('20/08/2016',6.96),('21/08/2016',6.96),('22/08/2016',6.96),('23/08/2016',6.96),('24/08/2016',6.96),('25/08/2016',6.96),('26/08/2016',6.96),('27/08/2016',6.96),('28/08/2016',6.96),('29/08/2016',6.96),('30/08/2016',6.96),('31/08/2016',6.96),('01/09/2016',6.96),('02/09/2016',6.96),('03/09/2016',6.96),('04/09/2016',6.96),('05/09/2016',6.96),('06/09/2016',6.96),('07/09/2016',6.96),('08/09/2016',6.96),('09/09/2016',6.96),('10/09/2016',6.96),('11/09/2016',6.96),('12/09/2016',6.96),('13/09/2016',6.96),('14/09/2016',6.96),('15/09/2016',6.96),('16/09/2016',6.96),('17/09/2016',6.96),('18/09/2016',6.96),('19/09/2016',6.96),('20/09/2016',6.96),('21/09/2016',6.96),('22/09/2016',6.96),('23/09/2016',6.96),('24/09/2016',6.96),('25/09/2016',6.96),('26/09/2016',6.96),('27/09/2016',6.96),('28/09/2016',6.96),('29/09/2016',6.96),('30/09/2016',6.96),('01/10/2016',6.96),('02/10/2016',6.96),('03/10/2016',6.96),('04/10/2016',6.96),('05/10/2016',6.96),('06/10/2016',6.96),('07/10/2016',6.96),('08/10/2016',6.96),('09/10/2016',6.96),('10/10/2016',6.96),('11/10/2016',6.96),('12/10/2016',6.96),('13/10/2016',6.96),('14/10/2016',6.96),('15/10/2016',6.96),('16/10/2016',6.96),('17/10/2016',6.96),('18/10/2016',6.96),('19/10/2016',6.96),('20/10/2016',6.96),('21/10/2016',6.96),('22/10/2016',6.96),('23/10/2016',6.96),('24/10/2016',6.96),('25/10/2016',6.96),('26/10/2016',6.96),('27/10/2016',6.96),('28/10/2016',6.96),('29/10/2016',6.96),('30/10/2016',6.96),('31/10/2016',6.96),('01/11/2016',6.96),('02/11/2016',6.96),('03/11/2016',6.96),('04/11/2016',6.96),('05/11/2016',6.96),('06/11/2016',6.96),('07/11/2016',6.96),('08/11/2016',6.96),('09/11/2016',6.96),('10/11/2016',6.96),('11/11/2016',6.96),('12/11/2016',6.96),('13/11/2016',6.96),('14/11/2016',6.96),('15/11/2016',6.96),('16/11/2016',6.96),('17/11/2016',6.96),('18/11/2016',6.96),('19/11/2016',6.96),('20/11/2016',6.96),('21/11/2016',6.96),('22/11/2016',6.96),('23/11/2016',6.96),('24/11/2016',6.96),('25/11/2016',6.96),('26/11/2016',6.96),('27/11/2016',6.96),('28/11/2016',6.96),('29/11/2016',6.96),('30/11/2016',6.96),('01/12/2016',6.96),('02/12/2016',6.96),('03/12/2016',6.96),('04/12/2016',6.96),('05/12/2016',6.96),('06/12/2016',6.96),('07/12/2016',6.96),('08/12/2016',6.96),('09/12/2016',6.96),('10/12/2016',6.96),('11/12/2016',6.96),('12/12/2016',6.96),('13/12/2016',6.96),('14/12/2016',6.96),('15/12/2016',6.96),('16/12/2016',6.96),('17/12/2016',6.96),('18/12/2016',6.96),('19/12/2016',6.96),('20/12/2016',6.96),('21/12/2016',6.96),('22/12/2016',6.96),('23/12/2016',6.96),('24/12/2016',6.96),('25/12/2016',6.96),('26/12/2016',6.96),('27/12/2016',6.96),('28/12/2016',6.96),('29/12/2016',6.96),('30/12/2016',6.96),('31/12/2016',6.96),('01/01/2017',6.96),('02/01/2017',6.96),('03/01/2017',6.96),('04/01/2017',6.96),('05/01/2017',6.96),('06/01/2017',6.96),('07/01/2017',6.96),('08/01/2017',6.96),('09/01/2017',6.96),('10/01/2017',6.96),('11/01/2017',6.96),('12/01/2017',6.96),('13/01/2017',6.96),('14/01/2017',6.96),('15/01/2017',6.96),('16/01/2017',6.96),('17/01/2017',6.96),('18/01/2017',6.96),('19/01/2017',6.96),('20/01/2017',6.96),('21/01/2017',6.96),('22/01/2017',6.96),('23/01/2017',6.96),('24/01/2017',6.96),('25/01/2017',6.96),('26/01/2017',6.96),('27/01/2017',6.96),('28/01/2017',6.96),('29/01/2017',6.96),('30/01/2017',6.96),('31/01/2017',6.96),('01/02/2017',6.96),('02/02/2017',6.96),('03/02/2017',6.96),('04/02/2017',6.96),('05/02/2017',6.96),('06/02/2017',6.96),('07/02/2017',6.96),('08/02/2017',6.96),('09/02/2017',6.96),('10/02/2017',6.96),('11/02/2017',6.96),('12/02/2017',6.96),('13/02/2017',6.96),('14/02/2017',6.96),('15/02/2017',6.96),('16/02/2017',6.96),('17/02/2017',6.96),('18/02/2017',6.96),('19/02/2017',6.96),('20/02/2017',6.96),('21/02/2017',6.96),('22/02/2017',6.96),('23/02/2017',6.96),('24/02/2017',6.96),('25/02/2017',6.96),('26/02/2017',6.96),('27/02/2017',6.96),('28/02/2017',6.96),('01/03/2017',6.96),('02/03/2017',6.96),('03/03/2017',6.96),('04/03/2017',6.96),('05/03/2017',6.96),('06/03/2017',6.96),('07/03/2017',6.96),('08/03/2017',6.96),('09/03/2017',6.96),('10/03/2017',6.96),('11/03/2017',6.96),('12/03/2017',6.96),('13/03/2017',6.96),('14/03/2017',6.96),('15/03/2017',6.96),('16/03/2017',6.96),('17/03/2017',6.96),('18/03/2017',6.96),('19/03/2017',6.96),('20/03/2017',6.96),('21/03/2017',6.96),('22/03/2017',6.96),('23/03/2017',6.96),('24/03/2017',6.96),('25/03/2017',6.96),('26/03/2017',6.96),('27/03/2017',6.96),('28/03/2017',6.96),('29/03/2017',6.96),('30/03/2017',6.96),('31/03/2017',6.96),('01/04/2017',6.96),('02/04/2017',6.96),('03/04/2017',6.96),('04/04/2017',6.96),('05/04/2017',6.96),('06/04/2017',6.96),('07/04/2017',6.96),('08/04/2017',6.96),('09/04/2017',6.96),('10/04/2017',6.96),('11/04/2017',6.96),('12/04/2017',6.96),('13/04/2017',6.96),('14/04/2017',6.96),('15/04/2017',6.96),('16/04/2017',6.96),('17/04/2017',6.96),('18/04/2017',6.96),('19/04/2017',6.96),('20/04/2017',6.96),('21/04/2017',6.96),('22/04/2017',6.96),('23/04/2017',6.96),('24/04/2017',6.96),('25/04/2017',6.96),('26/04/2017',6.96),('27/04/2017',6.96),('28/04/2017',6.96),('29/04/2017',6.96),('30/04/2017',6.96),('01/05/2017',6.96),('02/05/2017',6.96),('03/05/2017',6.96),('04/05/2017',6.96),('05/05/2017',6.96),('06/05/2017',6.96),('07/05/2017',6.96),('08/05/2017',6.96),('09/05/2017',6.96),('10/05/2017',6.96),('11/05/2017',6.96),('12/05/2017',6.96),('13/05/2017',6.96),('14/05/2017',6.96),('15/05/2017',6.96),('16/05/2017',6.96),('17/05/2017',6.96),('18/05/2017',6.96),('19/05/2017',6.96),('20/05/2017',6.96),('21/05/2017',6.96),('22/05/2017',6.96),('23/05/2017',6.96),('24/05/2017',6.96),('25/05/2017',6.96),('26/05/2017',6.96),('27/05/2017',6.96),('28/05/2017',6.96),('29/05/2017',6.96),('30/05/2017',6.96),('31/05/2017',6.96),('01/06/2017',6.96),('02/06/2017',6.96),('03/06/2017',6.96),('04/06/2017',6.96),('05/06/2017',6.96),('06/06/2017',6.96),('07/06/2017',6.96),('08/06/2017',6.96),('09/06/2017',6.96),('10/06/2017',6.96),('11/06/2017',6.96),('12/06/2017',6.96),('13/06/2017',6.96),('14/06/2017',6.96),('15/06/2017',6.96),('16/06/2017',6.96),('17/06/2017',6.96),('18/06/2017',6.96),('19/06/2017',6.96),('20/06/2017',6.96),('21/06/2017',6.96),('22/06/2017',6.96),('23/06/2017',6.96),('24/06/2017',6.96),('25/06/2017',6.96),('26/06/2017',6.96),('27/06/2017',6.96),('28/06/2017',6.96),('29/06/2017',6.96),('30/06/2017',6.96),('01/07/2017',6.96),('02/07/2017',6.96),('03/07/2017',6.96),('04/07/2017',6.96),('05/07/2017',6.96),('06/07/2017',6.96),('07/07/2017',6.96),('08/07/2017',6.96),('09/07/2017',6.96),('10/07/2017',6.96),('11/07/2017',6.96),('12/07/2017',6.96),('13/07/2017',6.96),('14/07/2017',6.96),('15/07/2017',6.96),('16/07/2017',6.96),('17/07/2017',6.96),('18/07/2017',6.96),('19/07/2017',6.96),('20/07/2017',6.96),('21/07/2017',6.96),('22/07/2017',6.96),('23/07/2017',6.96),('24/07/2017',6.96),('25/07/2017',6.96),('26/07/2017',6.96),('27/07/2017',6.96),('28/07/2017',6.96),('29/07/2017',6.96),('30/07/2017',6.96),('31/07/2017',6.96),('01/08/2017',6.96),('02/08/2017',6.96),('03/08/2017',6.96),('04/08/2017',6.96),('05/08/2017',6.96),('06/08/2017',6.96),('07/08/2017',6.96),('08/08/2017',6.96),('09/08/2017',6.96),('10/08/2017',6.96),('11/08/2017',6.96),('12/08/2017',6.96),('13/08/2017',6.96),('14/08/2017',6.96),('15/08/2017',6.96),('16/08/2017',6.96),('17/08/2017',6.96),('18/08/2017',6.96),('19/08/2017',6.96),('20/08/2017',6.96),('21/08/2017',6.96),('22/08/2017',6.96),('23/08/2017',6.96),('24/08/2017',6.96),('25/08/2017',6.96),('26/08/2017',6.96),('27/08/2017',6.96),('28/08/2017',6.96),('29/08/2017',6.96),('30/08/2017',6.96),('31/08/2017',6.96),('01/09/2017',6.96),('02/09/2017',6.96),('03/09/2017',6.96),('04/09/2017',6.96),('05/09/2017',6.96),('06/09/2017',6.96),('07/09/2017',6.96),('08/09/2017',6.96),('09/09/2017',6.96),('10/09/2017',6.96),('11/09/2017',6.96),('12/09/2017',6.96),('13/09/2017',6.96),('14/09/2017',6.96),('15/09/2017',6.96),('16/09/2017',6.96),('17/09/2017',6.96),('18/09/2017',6.96),('19/09/2017',6.96),('20/09/2017',6.96),('21/09/2017',6.96),('22/09/2017',6.96),('23/09/2017',6.96),('24/09/2017',6.96),('25/09/2017',6.96),('26/09/2017',6.96),('27/09/2017',6.96),('28/09/2017',6.96),('29/09/2017',6.96),('30/09/2017',6.96),('01/10/2017',6.96),('02/10/2017',6.96),('03/10/2017',6.96),('04/10/2017',6.96),('05/10/2017',6.96),('06/10/2017',6.96),('07/10/2017',6.96),('08/10/2017',6.96),('09/10/2017',6.96),('10/10/2017',6.96),('11/10/2017',6.96),('12/10/2017',6.96),('13/10/2017',6.96),('14/10/2017',6.96),('15/10/2017',6.96),('16/10/2017',6.96),('17/10/2017',6.96),('18/10/2017',6.96),('19/10/2017',6.96),('20/10/2017',6.96),('21/10/2017',6.96),('22/10/2017',6.96),('23/10/2017',6.96),('24/10/2017',6.96),('25/10/2017',6.96),('26/10/2017',6.96),('27/10/2017',6.96),('28/10/2017',6.96),('29/10/2017',6.96),('30/10/2017',6.96),('31/10/2017',6.96),('01/11/2017',6.96),('02/11/2017',6.96),('03/11/2017',6.96),('04/11/2017',6.96),('05/11/2017',6.96),('06/11/2017',6.96),('07/11/2017',6.96),('08/11/2017',6.96),('09/11/2017',6.96),('10/11/2017',6.96),('11/11/2017',6.96),('12/11/2017',6.96),('13/11/2017',6.96),('14/11/2017',6.96),('15/11/2017',6.96),('16/11/2017',6.96),('17/11/2017',6.96),('18/11/2017',6.96),('19/11/2017',6.96),('20/11/2017',6.96),('21/11/2017',6.96),('22/11/2017',6.96),('23/11/2017',6.96),('24/11/2017',6.96),('25/11/2017',6.96),('26/11/2017',6.96),('27/11/2017',6.96),('28/11/2017',6.96),('29/11/2017',6.96),('30/11/2017',6.96),('01/12/2017',6.96),('02/12/2017',6.96),('03/12/2017',6.96),('04/12/2017',6.96),('05/12/2017',6.96),('06/12/2017',6.96),('07/12/2017',6.96),('08/12/2017',6.96),('09/12/2017',6.96),('10/12/2017',6.96),('11/12/2017',6.96),('12/12/2017',6.96),('13/12/2017',6.96),('14/12/2017',6.96),('15/12/2017',6.96),('16/12/2017',6.96),('17/12/2017',6.96),('18/12/2017',6.96),('19/12/2017',6.96),('20/12/2017',6.96),('21/12/2017',6.96),('22/12/2017',6.96),('23/12/2017',6.96),('24/12/2017',6.96),('25/12/2017',6.96),('26/12/2017',6.96),('27/12/2017',6.96),('28/12/2017',6.96),('29/12/2017',6.96),('30/12/2017',6.96),('31/12/2017',6.96),('01/01/2018',6.96),('02/01/2018',6.96),('03/01/2018',6.96),('04/01/2018',6.96),('05/01/2018',6.96),('06/01/2018',6.96),('07/01/2018',6.96),('08/01/2018',6.96),('09/01/2018',6.96),('10/01/2018',6.96),('11/01/2018',6.96),('12/01/2018',6.96),('13/01/2018',6.96),('14/01/2018',6.96),('15/01/2018',6.96),('16/01/2018',6.96),('17/01/2018',6.96),('18/01/2018',6.96),('19/01/2018',6.96),('20/01/2018',6.96),('21/01/2018',6.96),('22/01/2018',6.96),('23/01/2018',6.96),('24/01/2018',6.96),('25/01/2018',6.96),('26/01/2018',6.96),('27/01/2018',6.96),('28/01/2018',6.96),('29/01/2018',6.96),('30/01/2018',6.96),('31/01/2018',6.96),('01/02/2018',6.96),('02/02/2018',6.96),('03/02/2018',6.96),('04/02/2018',6.96),('05/02/2018',6.96),('06/02/2018',6.96),('07/02/2018',6.96),('08/02/2018',6.96),('09/02/2018',6.96),('10/02/2018',6.96),('11/02/2018',6.96),('12/02/2018',6.96),('13/02/2018',6.96),('14/02/2018',6.96),('15/02/2018',6.96),('16/02/2018',6.96),('17/02/2018',6.96),('18/02/2018',6.96),('19/02/2018',6.96),('20/02/2018',6.96),('21/02/2018',6.96),('22/02/2018',6.96),('23/02/2018',6.96),('24/02/2018',6.96),('25/02/2018',6.96),('26/02/2018',6.96),('27/02/2018',6.96),('28/02/2018',6.96),('01/03/2018',6.96),('02/03/2018',6.96),('03/03/2018',6.96),('04/03/2018',6.96),('05/03/2018',6.96),('06/03/2018',6.96),('07/03/2018',6.96),('08/03/2018',6.96),('09/03/2018',6.96),('10/03/2018',6.96),('11/03/2018',6.96),('12/03/2018',6.96),('13/03/2018',6.96),('14/03/2018',6.96),('15/03/2018',6.96),('16/03/2018',6.96),('17/03/2018',6.96),('18/03/2018',6.96),('19/03/2018',6.96),('20/03/2018',6.96),('21/03/2018',6.96),('22/03/2018',6.96),('23/03/2018',6.96),('24/03/2018',6.96),('25/03/2018',6.96),('26/03/2018',6.96),('27/03/2018',6.96),('28/03/2018',6.96),('29/03/2018',6.96),('30/03/2018',6.96),('31/03/2018',6.96),('01/04/2018',6.96),('02/04/2018',6.96),('03/04/2018',6.96),('04/04/2018',6.96),('05/04/2018',6.96),('06/04/2018',6.96),('07/04/2018',6.96),('08/04/2018',6.96),('09/04/2018',6.96),('10/04/2018',6.96),('11/04/2018',6.96),('12/04/2018',6.96),('13/04/2018',6.96),('14/04/2018',6.96),('15/04/2018',6.96),('16/04/2018',6.96),('17/04/2018',6.96),('18/04/2018',6.96),('19/04/2018',6.96),('20/04/2018',6.96),('21/04/2018',6.96),('22/04/2018',6.96),('23/04/2018',6.96),('24/04/2018',6.96),('25/04/2018',6.96),('26/04/2018',6.96),('27/04/2018',6.96),('28/04/2018',6.96),('29/04/2018',6.96),('30/04/2018',6.96),('01/05/2018',6.96),('02/05/2018',6.96),('03/05/2018',6.96),('04/05/2018',6.96),('05/05/2018',6.96),('06/05/2018',6.96),('07/05/2018',6.96),('08/05/2018',6.96),('09/05/2018',6.96),('10/05/2018',6.96),('11/05/2018',6.96),('12/05/2018',6.96),('13/05/2018',6.96),('14/05/2018',6.96),('15/05/2018',6.96),('16/05/2018',6.96),('17/05/2018',6.96),('18/05/2018',6.96),('19/05/2018',6.96),('20/05/2018',6.96),('21/05/2018',6.96);
/*!40000 ALTER TABLE `cnt_factor_cambio` ENABLE KEYS */;
UNLOCK TABLES;

--
-- Table structure for table `cnt_ingreso_caja`
--

DROP TABLE IF EXISTS `cnt_ingreso_caja`;
/*!40101 SET @saved_cs_client     = @@character_set_client */;
/*!40101 SET character_set_client = utf8 */;
CREATE TABLE `cnt_ingreso_caja` (
  `id_ingreso_caja` int(11) NOT NULL AUTO_INCREMENT,
  `id_usuario` varchar(16) NOT NULL,
  `id_empresa` int(11) NOT NULL,
  `id_cliente` int(11) DEFAULT NULL,
  `fecha_emision` date DEFAULT NULL,
  `fecha_insert` timestamp NOT NULL DEFAULT CURRENT_TIMESTAMP ON UPDATE CURRENT_TIMESTAMP,
  `monto_abonado_bs` decimal(12,2) DEFAULT NULL,
  `monto_abonado_usd` decimal(12,2) DEFAULT NULL,
  `factor_cambiario` decimal(12,2) DEFAULT NULL,
  `forma_pago` varchar(1) DEFAULT NULL,
  `id_banco` int(10) DEFAULT NULL,
  `nro_cheque` varchar(45) DEFAULT NULL,
  `id_tarjeta_credito` int(11) DEFAULT NULL,
  `nro_tarjeta` varchar(45) DEFAULT NULL,
  `nro_deposito` varchar(45) DEFAULT NULL,
  `id_cuenta_deposito` int(11) DEFAULT NULL,
  `combinado_contado` tinyint(1) DEFAULT NULL,
  `combinado_tarjeta` tinyint(1) DEFAULT NULL,
  `estado` varchar(1) DEFAULT 'E',
  PRIMARY KEY (`id_ingreso_caja`),
  KEY `fk_cnt_ingreso_caja_1_idx` (`id_usuario`),
  KEY `fk_cnt_ingreso_caja_2_idx` (`id_empresa`),
  KEY `fk_cnt_ingreso_caja_3_idx` (`id_cliente`),
  CONSTRAINT `fk_cnt_ingreso_caja_1` FOREIGN KEY (`id_cliente`) REFERENCES `cnt_cliente` (`id_cliente`) ON DELETE NO ACTION ON UPDATE NO ACTION,
  CONSTRAINT `fk_cnt_ingreso_caja_2` FOREIGN KEY (`id_empresa`) REFERENCES `tb_empresa` (`id_empresa`) ON DELETE NO ACTION ON UPDATE NO ACTION
) ENGINE=InnoDB AUTO_INCREMENT=20000013 DEFAULT CHARSET=latin1 COMMENT='cnt_cliente_id_cliente';
/*!40101 SET character_set_client = @saved_cs_client */;

--
-- Dumping data for table `cnt_ingreso_caja`
--


/*!50003 SET @saved_cs_client      = @@character_set_client */ ;
/*!50003 SET @saved_cs_results     = @@character_set_results */ ;
/*!50003 SET @saved_col_connection = @@collation_connection */ ;
/*!50003 SET character_set_client  = utf8 */ ;
/*!50003 SET character_set_results = utf8 */ ;
/*!50003 SET collation_connection  = utf8_general_ci */ ;
/*!50003 SET @saved_sql_mode       = @@sql_mode */ ;
/*!50003 SET sql_mode              = 'ONLY_FULL_GROUP_BY,STRICT_TRANS_TABLES,NO_ZERO_IN_DATE,NO_ZERO_DATE,ERROR_FOR_DIVISION_BY_ZERO,NO_ENGINE_SUBSTITUTION' */ ;
DELIMITER ;;
/*!50003 CREATE*/ /*!50017 DEFINER=`web_contabilidad`@`localhost`*/ /*!50003 TRIGGER `db_travel`.`cnt_ingreso_caja_BEFORE_UPDATE` 
BEFORE UPDATE ON `cnt_ingreso_caja` FOR EACH ROW
BEGIN

	IF new.estado = 'A' THEN
		UPDATE cnt_ingreso_transaccion 
        SET estado = 'A'
        WHERE id_ingreso_caja = new.id_ingreso_caja;
	END IF ;

END */;;
DELIMITER ;
/*!50003 SET sql_mode              = @saved_sql_mode */ ;
/*!50003 SET character_set_client  = @saved_cs_client */ ;
/*!50003 SET character_set_results = @saved_cs_results */ ;
/*!50003 SET collation_connection  = @saved_col_connection */ ;

--
-- Table structure for table `cnt_ingreso_debito`
--

DROP TABLE IF EXISTS `cnt_ingreso_debito`;
/*!40101 SET @saved_cs_client     = @@character_set_client */;
/*!40101 SET character_set_client = utf8 */;
CREATE TABLE `cnt_ingreso_debito` (
  `id_ingreso_caja` int(11) unsigned NOT NULL,
  `id_nota_debito` int(11) unsigned NOT NULL,
  `id_ingreso_debito` int(11) NOT NULL AUTO_INCREMENT,
  PRIMARY KEY (`id_ingreso_debito`),
  KEY `fk_new_table_2_idx` (`id_nota_debito`)
) ENGINE=InnoDB DEFAULT CHARSET=latin1;
/*!40101 SET character_set_client = @saved_cs_client */;

--
-- Dumping data for table `cnt_ingreso_debito`
--

LOCK TABLES `cnt_ingreso_debito` WRITE;
/*!40000 ALTER TABLE `cnt_ingreso_debito` DISABLE KEYS */;
/*!40000 ALTER TABLE `cnt_ingreso_debito` ENABLE KEYS */;
UNLOCK TABLES;

--
-- Table structure for table `cnt_ingreso_transaccion`
--

DROP TABLE IF EXISTS `cnt_ingreso_transaccion`;
/*!40101 SET @saved_cs_client     = @@character_set_client */;
/*!40101 SET character_set_client = utf8 */;
CREATE TABLE `cnt_ingreso_transaccion` (
  `id_transaccion` int(11) NOT NULL AUTO_INCREMENT,
  `id_ingreso_caja` int(11) NOT NULL,
  `descripcion` varchar(128) DEFAULT NULL,
  `moneda` varchar(45) DEFAULT NULL,
  `monto_bs` decimal(12,2) DEFAULT NULL,
  `monto_usd` decimal(12,2) DEFAULT NULL,
  `fecha_insert` timestamp NULL DEFAULT NULL,
  `id_nota_transaccion` int(11) DEFAULT NULL,
  `estado` varchar(1) DEFAULT 'E',
  PRIMARY KEY (`id_transaccion`),
  KEY `cnt_ingreso_transaccion_ibfk_1` (`id_ingreso_caja`),
  KEY `fk_cnt_ingreso_transaccion_1_idx` (`id_nota_transaccion`),
  CONSTRAINT `cnt_ingreso_transaccion_ibfk_1` FOREIGN KEY (`id_ingreso_caja`) REFERENCES `cnt_ingreso_caja` (`id_ingreso_caja`) ON DELETE CASCADE ON UPDATE NO ACTION,
  CONSTRAINT `fk_cnt_ingreso_transaccion_1` FOREIGN KEY (`id_nota_transaccion`) REFERENCES `cnt_nota_debito_transaccion` (`id_nota_debito_transaccion`) ON DELETE CASCADE ON UPDATE NO ACTION
) ENGINE=InnoDB AUTO_INCREMENT=32 DEFAULT CHARSET=latin1;
/*!40101 SET character_set_client = @saved_cs_client */;

--
-- Dumping data for table `cnt_ingreso_transaccion`
--


--
-- Table structure for table `cnt_log_archivos`
--

DROP TABLE IF EXISTS `cnt_log_archivos`;
/*!40101 SET @saved_cs_client     = @@character_set_client */;
/*!40101 SET character_set_client = utf8 */;
CREATE TABLE `cnt_log_archivos` (
  `id_log` int(11) NOT NULL AUTO_INCREMENT,
  `fecha` timestamp NULL DEFAULT NULL,
  `nombre_archivo` varchar(45) NOT NULL,
  `tipo_archivo` varchar(2) NOT NULL,
  `mensaje` varchar(256) NOT NULL,
  `usuario` varchar(16) DEFAULT NULL,
  `numero_boleto` bigint(18) DEFAULT NULL,
  `tipo` varchar(8) DEFAULT NULL COMMENT 'warning\ninfo\nerror',
  PRIMARY KEY (`id_log`)
) ENGINE=InnoDB DEFAULT CHARSET=latin1;
/*!40101 SET character_set_client = @saved_cs_client */;

--
-- Dumping data for table `cnt_log_archivos`
--

LOCK TABLES `cnt_log_archivos` WRITE;
/*!40000 ALTER TABLE `cnt_log_archivos` DISABLE KEYS */;
/*!40000 ALTER TABLE `cnt_log_archivos` ENABLE KEYS */;
UNLOCK TABLES;

--
-- Table structure for table `cnt_nota_credito`
--

DROP TABLE IF EXISTS `cnt_nota_credito`;
/*!40101 SET @saved_cs_client     = @@character_set_client */;
/*!40101 SET character_set_client = utf8 */;
CREATE TABLE `cnt_nota_credito` (
  `id_nota_credito` int(11) NOT NULL AUTO_INCREMENT,
  `id_usuario` varchar(16) NOT NULL,
  `id_empresa` int(11) NOT NULL,
  `id_cliente` int(11) DEFAULT NULL,
  `fecha_emision` date DEFAULT NULL,
  `fecha_insert` timestamp NOT NULL DEFAULT CURRENT_TIMESTAMP ON UPDATE CURRENT_TIMESTAMP,
  `monto_abonado_bs` decimal(12,2) DEFAULT NULL,
  `monto_abonado_usd` decimal(12,2) DEFAULT NULL,
  `factor_cambiario` decimal(12,2) DEFAULT NULL,
  `concepto` varchar(128) DEFAULT NULL,
  `estado` varchar(45) DEFAULT NULL,
  PRIMARY KEY (`id_nota_credito`),
  KEY `fk_cnt_nota_credito_1_idx` (`id_empresa`),
  KEY `fk_cnt_nota_credito_2_idx` (`id_usuario`),
  KEY `fk_cnt_nota_credito_2_idx1` (`id_cliente`),
  CONSTRAINT `fk_cnt_nota_credito_1` FOREIGN KEY (`id_empresa`) REFERENCES `tb_empresa` (`id_empresa`) ON DELETE NO ACTION,
  CONSTRAINT `fk_cnt_nota_credito_2` FOREIGN KEY (`id_cliente`) REFERENCES `cnt_cliente` (`id_cliente`) ON DELETE SET NULL ON UPDATE NO ACTION
) ENGINE=InnoDB AUTO_INCREMENT=50000003 DEFAULT CHARSET=latin1;
/*!40101 SET character_set_client = @saved_cs_client */;

--
-- Dumping data for table `cnt_nota_credito`
--


/*!50003 SET @saved_cs_client      = @@character_set_client */ ;
/*!50003 SET @saved_cs_results     = @@character_set_results */ ;
/*!50003 SET @saved_col_connection = @@collation_connection */ ;
/*!50003 SET character_set_client  = utf8 */ ;
/*!50003 SET character_set_results = utf8 */ ;
/*!50003 SET collation_connection  = utf8_general_ci */ ;
/*!50003 SET @saved_sql_mode       = @@sql_mode */ ;
/*!50003 SET sql_mode              = 'ONLY_FULL_GROUP_BY,STRICT_TRANS_TABLES,NO_ZERO_IN_DATE,NO_ZERO_DATE,ERROR_FOR_DIVISION_BY_ZERO,NO_ENGINE_SUBSTITUTION' */ ;
DELIMITER ;;
/*!50003 CREATE*/ /*!50017 DEFINER=`web_contabilidad`@`localhost`*/ /*!50003 TRIGGER `db_travel`.`cnt_nota_credito_BEFORE_UPDATE` BEFORE UPDATE ON `cnt_nota_credito` FOR EACH ROW
BEGIN
	IF new.estado = 'A' THEN
		UPDATE cnt_nota_credito_transaccion
        SET estado = 'A'	
        WHERE id_nota_credito = new.id_nota_credito;
	elseif new.estado = 'D' THEN 
		UPDATE cnt_nota_credito_transaccion
        SET estado = 'D'
        WHERE id_nota_credito = new.id_nota_credito;
	END IF ;
END */;;
DELIMITER ;
/*!50003 SET sql_mode              = @saved_sql_mode */ ;
/*!50003 SET character_set_client  = @saved_cs_client */ ;
/*!50003 SET character_set_results = @saved_cs_results */ ;
/*!50003 SET collation_connection  = @saved_col_connection */ ;

--
-- Table structure for table `cnt_nota_credito_transaccion`
--

DROP TABLE IF EXISTS `cnt_nota_credito_transaccion`;
/*!40101 SET @saved_cs_client     = @@character_set_client */;
/*!40101 SET character_set_client = utf8 */;
CREATE TABLE `cnt_nota_credito_transaccion` (
  `id_nota_credito_transaccion` int(11) NOT NULL AUTO_INCREMENT,
  `id_nota_credito` int(11) DEFAULT NULL,
  `id_plan_cuenta` int(11) DEFAULT NULL,
  `descripcion` varchar(128) DEFAULT NULL,
  `monto_bs` decimal(12,2) DEFAULT NULL,
  `monto_usd` decimal(12,2) DEFAULT NULL,
  `moneda` varchar(1) DEFAULT NULL,
  `fecha_insert` timestamp NULL DEFAULT NULL,
  `id_nota_transaccion` int(11) DEFAULT NULL,
  `estado` varchar(1) DEFAULT NULL,
  `id_usuario_creador` varchar(16) DEFAULT NULL,
  PRIMARY KEY (`id_nota_credito_transaccion`),
  KEY `fk_cnt_nota_credito_transaccion_1_idx` (`id_nota_credito`),
  KEY `fk_cnt_nota_credito_transaccion_2_idx` (`id_plan_cuenta`),
  KEY `fk_cnt_nota_credito_transaccion_3_idx` (`id_nota_transaccion`),
  CONSTRAINT `fk_cnt_nota_credito_transaccion_1` FOREIGN KEY (`id_nota_credito`) REFERENCES `cnt_nota_credito` (`id_nota_credito`) ON DELETE CASCADE ON UPDATE NO ACTION,
  CONSTRAINT `fk_cnt_nota_credito_transaccion_2` FOREIGN KEY (`id_plan_cuenta`) REFERENCES `cnt_plan_cuentas` (`id_plan_cuentas`) ON DELETE SET NULL ON UPDATE NO ACTION,
  CONSTRAINT `fk_cnt_nota_credito_transaccion_3` FOREIGN KEY (`id_nota_transaccion`) REFERENCES `cnt_nota_debito_transaccion` (`id_nota_debito_transaccion`) ON DELETE CASCADE ON UPDATE NO ACTION
) ENGINE=InnoDB AUTO_INCREMENT=5 DEFAULT CHARSET=latin1;
/*!40101 SET character_set_client = @saved_cs_client */;

--
-- Dumping data for table `cnt_nota_credito_transaccion`
--

LOCK TABLES `cnt_nota_credito_transaccion` WRITE;
/*!40000 ALTER TABLE `cnt_nota_credito_transaccion` DISABLE KEYS */;
INSERT INTO `cnt_nota_credito_transaccion` VALUES (1,1,2545,'ASDFASDFASDFADS',50.00,NULL,'B','2019-06-08 18:35:38',132,'A','admin'),(2,50000001,2545,'ASDFASDFASDFADS',5.00,NULL,'B','2019-06-09 03:44:15',132,'E','admin'),(3,50000000,2545,'ASDFASDFASDFADS',4.00,NULL,'B','2019-06-09 16:34:03',132,'P','admin'),(4,50000002,2726,'ASDFASDFASDFADS',6.00,NULL,'B','2019-06-10 05:43:02',132,'E','admin');
/*!40000 ALTER TABLE `cnt_nota_credito_transaccion` ENABLE KEYS */;
UNLOCK TABLES;

--
-- Table structure for table `cnt_nota_debito`
--

DROP TABLE IF EXISTS `cnt_nota_debito`;
/*!40101 SET @saved_cs_client     = @@character_set_client */;
/*!40101 SET character_set_client = utf8 */;
CREATE TABLE `cnt_nota_debito` (
  `id_nota_debito` int(11) NOT NULL AUTO_INCREMENT,
  `id_empresa` int(11) NOT NULL,
  `id_cliente` int(11) DEFAULT NULL,
  `id_counter` int(11) DEFAULT NULL,
  `fecha_emision` date DEFAULT NULL,
  `fecha_insert` timestamp NOT NULL DEFAULT CURRENT_TIMESTAMP ON UPDATE CURRENT_TIMESTAMP,
  `monto_total_bs` decimal(12,2) DEFAULT NULL,
  `monto_total_usd` decimal(12,2) DEFAULT NULL,
  `monto_adeudado_bs` decimal(12,2) DEFAULT NULL,
  `monto_adeudado_usd` decimal(12,2) DEFAULT NULL,
  `factor_cambiario` decimal(12,2) DEFAULT NULL,
  `gestion` int(6) NOT NULL,
  `forma_pago` varchar(1) DEFAULT NULL,
  `tipo_contado` varchar(1) DEFAULT NULL,
  `id_banco` int(10) DEFAULT NULL,
  `nro_cheque` varchar(45) DEFAULT NULL,
  `id_tarjeta_credito` int(11) DEFAULT NULL,
  `nro_tarjeta` varchar(45) DEFAULT NULL,
  `nro_deposito` varchar(45) DEFAULT NULL,
  `id_cuenta_deposito` int(11) DEFAULT NULL,
  `id_usuario_creador` varchar(16) NOT NULL,
  `credito_dias` int(11) DEFAULT NULL,
  `credito_vencimiento` date DEFAULT NULL,
  `combinado_contado` tinyint(1) DEFAULT NULL,
  `combinado_tarjeta` tinyint(1) DEFAULT NULL,
  `combinado_credito` tinyint(1) DEFAULT NULL,
  `combinado_contado_tipo` varchar(1) DEFAULT NULL,
  `estado` varchar(1) NOT NULL DEFAULT 'E',
  PRIMARY KEY (`id_nota_debito`),
  KEY `id_empresa` (`id_empresa`),
  KEY `id_tarjeta_credito` (`id_tarjeta_credito`),
  KEY `fk_cnt_nota_debito_1_idx` (`id_usuario_creador`),
  KEY `cnt_nota_debito_ibfk_2` (`id_cliente`),
  KEY `cnt_nota_debito_ibfk_3` (`id_counter`),
  CONSTRAINT `cnt_nota_debito_ibfk_1` FOREIGN KEY (`id_empresa`) REFERENCES `tb_empresa` (`id_empresa`) ON DELETE NO ACTION,
  CONSTRAINT `cnt_nota_debito_ibfk_2` FOREIGN KEY (`id_cliente`) REFERENCES `cnt_cliente` (`id_cliente`) ON DELETE NO ACTION,
  CONSTRAINT `cnt_nota_debito_ibfk_3` FOREIGN KEY (`id_counter`) REFERENCES `cnt_promotor` (`id_promotor`) ON DELETE NO ACTION,
  CONSTRAINT `cnt_nota_debito_ibfk_4` FOREIGN KEY (`id_tarjeta_credito`) REFERENCES `cnt_tarjetas_credito` (`id_tarjeta_credito`) ON DELETE NO ACTION
) ENGINE=InnoDB AUTO_INCREMENT=10000008 DEFAULT CHARSET=latin1;
/*!40101 SET character_set_client = @saved_cs_client */;

--
-- Dumping data for table `cnt_nota_debito`
--

LOCK TABLES `cnt_nota_debito` WRITE;
/*!40000 ALTER TABLE `cnt_nota_debito` DISABLE KEYS */;
INSERT INTO `cnt_nota_debito` VALUES (10000000,1,12718,11,'2019-06-05','2019-06-09 00:15:50',300.00,NULL,0.00,0.00,6.96,201906,'E',NULL,NULL,NULL,NULL,NULL,NULL,NULL,'admin',NULL,NULL,NULL,NULL,NULL,NULL,'D'),(10000001,1,12718,11,'2019-06-05','2019-06-09 00:16:36',370.00,0.00,NULL,NULL,6.96,201906,'C',NULL,NULL,NULL,NULL,NULL,NULL,NULL,'admin',10,'2019-06-15',NULL,NULL,NULL,NULL,'D'),(10000002,1,12718,11,'2019-06-07','2019-06-10 05:43:04',350.00,0.00,250.00,NULL,6.96,201906,'C',NULL,NULL,NULL,NULL,NULL,NULL,NULL,'admin',10,'2019-06-17',NULL,NULL,NULL,NULL,'E'),(10000003,1,12718,11,'2019-06-08','2019-06-09 00:15:50',350.00,NULL,0.00,0.00,6.96,201906,'H',NULL,16,'11445522114',NULL,NULL,NULL,NULL,'admin',NULL,NULL,NULL,NULL,NULL,NULL,'D'),(10000004,1,12718,11,'2019-06-08','2019-06-09 00:15:50',225.00,NULL,0.00,0.00,6.96,201906,'D',NULL,NULL,NULL,NULL,NULL,'212122112',2398,'admin',NULL,NULL,NULL,NULL,NULL,NULL,'D'),(10000005,1,12718,11,'2019-06-08','2019-06-09 00:15:50',NULL,110.00,0.00,0.00,6.96,201906,'T',NULL,NULL,NULL,1,'12112221212',NULL,NULL,'admin',NULL,NULL,NULL,NULL,NULL,NULL,'D'),(10000006,1,12718,11,'2019-06-08','2019-06-08 15:36:07',115.00,NULL,115.00,NULL,6.96,201906,'E',NULL,NULL,NULL,NULL,NULL,NULL,NULL,'admin',NULL,NULL,NULL,NULL,NULL,NULL,'P'),(10000007,1,12718,11,'2019-06-08','2019-06-08 15:44:01',325.00,NULL,325.00,NULL,6.96,201906,'E',NULL,NULL,NULL,NULL,NULL,NULL,NULL,'admin',NULL,NULL,NULL,NULL,NULL,NULL,'P');
/*!40000 ALTER TABLE `cnt_nota_debito` ENABLE KEYS */;
UNLOCK TABLES;
/*!50003 SET @saved_cs_client      = @@character_set_client */ ;
/*!50003 SET @saved_cs_results     = @@character_set_results */ ;
/*!50003 SET @saved_col_connection = @@collation_connection */ ;
/*!50003 SET character_set_client  = utf8 */ ;
/*!50003 SET character_set_results = utf8 */ ;
/*!50003 SET collation_connection  = utf8_general_ci */ ;
/*!50003 SET @saved_sql_mode       = @@sql_mode */ ;
/*!50003 SET sql_mode              = 'ONLY_FULL_GROUP_BY,STRICT_TRANS_TABLES,NO_ZERO_IN_DATE,NO_ZERO_DATE,ERROR_FOR_DIVISION_BY_ZERO,NO_ENGINE_SUBSTITUTION' */ ;
DELIMITER ;;
/*!50003 CREATE*/ /*!50017 DEFINER=`web_contabilidad`@`localhost`*/ /*!50003 TRIGGER `db_travel`.`cnt_nota_debito_BEFORE_UPDATE` BEFORE UPDATE ON `cnt_nota_debito` FOR EACH ROW
BEGIN
	IF new.estado = 'A' THEN
		UPDATE cnt_nota_debito_transaccion
        SET estado = 'A'	
        WHERE id_nota_debito = new.id_nota_debito;
	elseif new.estado = 'D' THEN 
		UPDATE cnt_nota_debito_transaccion
        SET estado = 'D'
        WHERE id_nota_debito = new.id_nota_debito;
	END IF ;
END */;;
DELIMITER ;
/*!50003 SET sql_mode              = @saved_sql_mode */ ;
/*!50003 SET character_set_client  = @saved_cs_client */ ;
/*!50003 SET character_set_results = @saved_cs_results */ ;
/*!50003 SET collation_connection  = @saved_col_connection */ ;

--
-- Table structure for table `cnt_nota_debito_transaccion`
--

DROP TABLE IF EXISTS `cnt_nota_debito_transaccion`;
/*!40101 SET @saved_cs_client     = @@character_set_client */;
/*!40101 SET character_set_client = utf8 */;
CREATE TABLE `cnt_nota_debito_transaccion` (
  `id_nota_debito_transaccion` int(11) NOT NULL AUTO_INCREMENT,
  `id_nota_debito` int(11) DEFAULT NULL,
  `descripcion` varchar(128) DEFAULT NULL,
  `monto_bs` decimal(12,2) DEFAULT NULL,
  `monto_usd` decimal(12,2) DEFAULT NULL,
  `monto_adeudado_bs` decimal(12,2) DEFAULT NULL,
  `monto_adeudado_usd` decimal(12,2) DEFAULT NULL,
  `fecha_insert` timestamp NULL DEFAULT NULL,
  `gestion` int(6) NOT NULL,
  `id_boleto` int(11) DEFAULT NULL,
  `id_cargo` int(11) DEFAULT NULL,
  `estado` varchar(1) NOT NULL DEFAULT 'E',
  `tipo` varchar(1) DEFAULT 'B',
  `moneda` varchar(1) DEFAULT NULL,
  `id_usuario` varchar(16) DEFAULT NULL,
  PRIMARY KEY (`id_nota_debito_transaccion`),
  KEY `fk_cnt_nota_debito_transaccion_1_idx` (`id_boleto`),
  KEY `fk_cnt_nota_debito_transaccion_2_idx` (`id_cargo`),
  KEY `cnt_nota_debito_transaccion_ibfk_1` (`id_nota_debito`),
  CONSTRAINT `cnt_nota_debito_transaccion_ibfk_1` FOREIGN KEY (`id_nota_debito`) REFERENCES `cnt_nota_debito` (`id_nota_debito`) ON DELETE CASCADE ON UPDATE CASCADE,
  CONSTRAINT `fk_cnt_nota_debito_transaccion_1` FOREIGN KEY (`id_boleto`) REFERENCES `cnt_boleto` (`id_boleto`) ON DELETE CASCADE ON UPDATE NO ACTION,
  CONSTRAINT `fk_cnt_nota_debito_transaccion_2` FOREIGN KEY (`id_cargo`) REFERENCES `cnt_cargo_boleto` (`id_cargo`) ON DELETE SET NULL ON UPDATE NO ACTION
) ENGINE=InnoDB AUTO_INCREMENT=138 DEFAULT CHARSET=latin1;
/*!40101 SET character_set_client = @saved_cs_client */;

--
-- Dumping data for table `cnt_nota_debito_transaccion`
--

LOCK TABLES `cnt_nota_debito_transaccion` WRITE;
/*!40000 ALTER TABLE `cnt_nota_debito_transaccion` DISABLE KEYS */;
INSERT INTO `cnt_nota_debito_transaccion` VALUES (130,10000000,'PAQUETE',300.00,NULL,300.00,NULL,'2019-06-06 03:17:15',201906,NULL,12,'D','P','B',NULL),(131,10000001,'OB/#2342342342/JOSE MIGUEL LANZA/VVI/CBB///',370.00,NULL,0.00,NULL,'2019-06-06 03:18:15',201906,122,NULL,'D','B','B','admin'),(132,10000002,'ASDFASDFASDFADS',350.00,NULL,250.00,NULL,'2019-06-07 05:57:07',201906,NULL,13,'E','P','B',NULL),(133,10000003,'ESTEA ESTA UNA PRUEBA',350.00,NULL,350.00,NULL,'2019-06-08 15:34:09',201906,NULL,14,'D','S','B',NULL),(134,10000004,'PRUBA',225.00,NULL,225.00,NULL,'2019-06-08 15:34:40',201906,NULL,15,'D','P','B',NULL),(135,10000005,'ESTA ES UNA PRUEBA',NULL,110.00,NULL,110.00,'2019-06-08 15:35:32',201906,NULL,16,'D','A','U',NULL),(136,10000006,'OTRA PRUEABA',115.00,NULL,115.00,NULL,'2019-06-08 15:36:08',201906,NULL,17,'P','P','B',NULL),(137,10000007,'ASDFASDFASDFASDFASDFASDF',325.00,NULL,325.00,NULL,'2019-06-08 15:44:01',201906,NULL,18,'P','P','B',NULL);
/*!40000 ALTER TABLE `cnt_nota_debito_transaccion` ENABLE KEYS */;
UNLOCK TABLES;

--
-- Table structure for table `cnt_pago_anticipado`
--

DROP TABLE IF EXISTS `cnt_pago_anticipado`;
/*!40101 SET @saved_cs_client     = @@character_set_client */;
/*!40101 SET character_set_client = utf8 */;
CREATE TABLE `cnt_pago_anticipado` (
  `id_pago_anticipado` int(11) NOT NULL AUTO_INCREMENT,
  `id_cliente` int(11) DEFAULT NULL,
  `factor_cambiario` decimal(12,2) DEFAULT NULL,
  `moneda` varchar(1) DEFAULT NULL,
  `monto_anticipado` decimal(12,2) DEFAULT NULL,
  `monto_total_acreditado` decimal(12,2) DEFAULT NULL,
  `concepto` varchar(256) DEFAULT NULL,
  `forma_pago` varchar(45) DEFAULT NULL,
  `nro_cheque` varchar(45) DEFAULT NULL,
  `id_banco` int(10) DEFAULT NULL,
  `id_cuenta_deposito` int(11) DEFAULT NULL,
  `nro_deposito` varchar(45) DEFAULT NULL,
  `id_tarjeta_credito` int(11) DEFAULT NULL,
  `nro_tarjeta` varchar(16) DEFAULT NULL,
  `id_usuario_creador` varchar(16) NOT NULL,
  `fecha_insert` timestamp NOT NULL DEFAULT CURRENT_TIMESTAMP ON UPDATE CURRENT_TIMESTAMP,
  `estado` varchar(1) NOT NULL,
  `id_empresa` int(11) NOT NULL,
  `fecha_emision` date DEFAULT NULL,
  PRIMARY KEY (`id_pago_anticipado`),
  KEY `fk_cnt_pago_anticipado_1_idx` (`id_cliente`),
  KEY `fk_cnt_pago_anticipado_2_idx` (`id_cuenta_deposito`),
  KEY `fk_cnt_pago_anticipado_3_idx` (`id_tarjeta_credito`),
  KEY `fk_cnt_pago_anticipado_4_idx` (`id_empresa`),
  CONSTRAINT `fk_cnt_pago_anticipado_1` FOREIGN KEY (`id_cliente`) REFERENCES `cnt_cliente` (`id_cliente`) ON DELETE SET NULL ON UPDATE NO ACTION,
  CONSTRAINT `fk_cnt_pago_anticipado_2` FOREIGN KEY (`id_cuenta_deposito`) REFERENCES `cnt_plan_cuentas` (`id_plan_cuentas`) ON DELETE NO ACTION ON UPDATE NO ACTION,
  CONSTRAINT `fk_cnt_pago_anticipado_3` FOREIGN KEY (`id_tarjeta_credito`) REFERENCES `cnt_tarjetas_credito` (`id_tarjeta_credito`) ON DELETE NO ACTION ON UPDATE NO ACTION,
  CONSTRAINT `fk_cnt_pago_anticipado_4` FOREIGN KEY (`id_empresa`) REFERENCES `tb_empresa` (`id_empresa`) ON DELETE NO ACTION ON UPDATE NO ACTION
) ENGINE=InnoDB AUTO_INCREMENT=6 DEFAULT CHARSET=latin1;
/*!40101 SET character_set_client = @saved_cs_client */;

--
-- Dumping data for table `cnt_pago_anticipado`
--

LOCK TABLES `cnt_pago_anticipado` WRITE;
/*!40000 ALTER TABLE `cnt_pago_anticipado` DISABLE KEYS */;
INSERT INTO `cnt_pago_anticipado` VALUES (1,12718,6.96,'B',100.00,92.00,'PRUEBA 100 BOLIVIANOS CHEQUET','H','32423423',12,NULL,NULL,NULL,NULL,'admin','2019-06-09 02:39:55','D',1,'2019-06-08'),(2,12718,6.96,'B',200.00,NULL,'PRUEBA TARJETA','T',NULL,NULL,NULL,NULL,1,'999998888777777','admin','2019-06-08 18:07:12','D',1,'2019-06-08'),(3,12718,6.96,'B',300.00,NULL,'ACREDITACION CON DEPOSITO','D',NULL,NULL,2398,'12234234234234',NULL,NULL,'admin','2019-06-08 18:13:04','D',1,'2019-06-08'),(4,12718,6.96,'B',100.00,NULL,'ASDFSADFSD','E',NULL,NULL,NULL,NULL,NULL,NULL,'admin','2019-06-10 00:54:51','D',1,'2019-06-09'),(5,12718,6.96,'B',100.00,12.00,'PAGO PUEBA 100 BS','E',NULL,NULL,NULL,NULL,NULL,NULL,'admin','2019-06-10 04:50:13','D',1,'2019-06-09');
/*!40000 ALTER TABLE `cnt_pago_anticipado` ENABLE KEYS */;
UNLOCK TABLES;

--
-- Table structure for table `cnt_pago_anticipado_transaccion`
--

DROP TABLE IF EXISTS `cnt_pago_anticipado_transaccion`;
/*!40101 SET @saved_cs_client     = @@character_set_client */;
/*!40101 SET character_set_client = utf8 */;
CREATE TABLE `cnt_pago_anticipado_transaccion` (
  `id_pago_anticipado_transaccion` int(11) NOT NULL AUTO_INCREMENT,
  `id_pago_anticipado` int(11) DEFAULT NULL,
  `id_nota_debito_transaccion` int(11) DEFAULT NULL,
  `descripcion` varchar(128) DEFAULT NULL,
  `monto` decimal(12,2) DEFAULT NULL,
  `fecha_insert` timestamp NULL DEFAULT NULL,
  `id_usuario_creador` varchar(16) DEFAULT NULL,
  `estado` varchar(1) DEFAULT NULL,
  `moneda` varchar(1) DEFAULT NULL COMMENT '	',
  `tipo` varchar(2) NOT NULL COMMENT 'los tipos pueden ser ACREDITACION AC : DEVOLUCION DE',
  `id_devolucion` int(11) DEFAULT NULL,
  PRIMARY KEY (`id_pago_anticipado_transaccion`),
  KEY `fk_cnt_pago_anticipado_transaccion_1_idx` (`id_pago_anticipado`),
  KEY `fk_cnt_pago_anticipado_transaccion_2_idx` (`id_nota_debito_transaccion`),
  KEY `fk_cnt_pago_anticipado_transaccion_3_idx` (`id_devolucion`),
  CONSTRAINT `fk_cnt_pago_anticipado_transaccion_1` FOREIGN KEY (`id_pago_anticipado`) REFERENCES `cnt_pago_anticipado` (`id_pago_anticipado`) ON DELETE CASCADE ON UPDATE NO ACTION,
  CONSTRAINT `fk_cnt_pago_anticipado_transaccion_2` FOREIGN KEY (`id_nota_debito_transaccion`) REFERENCES `cnt_nota_debito_transaccion` (`id_nota_debito_transaccion`) ON DELETE NO ACTION ON UPDATE NO ACTION,
  CONSTRAINT `fk_cnt_pago_anticipado_transaccion_3` FOREIGN KEY (`id_devolucion`) REFERENCES `cnt_devolucion` (`id_devolucion`) ON DELETE NO ACTION ON UPDATE NO ACTION
) ENGINE=InnoDB AUTO_INCREMENT=40000005 DEFAULT CHARSET=latin1;
/*!40101 SET character_set_client = @saved_cs_client */;

--
-- Dumping data for table `cnt_pago_anticipado_transaccion`
--

LOCK TABLES `cnt_pago_anticipado_transaccion` WRITE;
/*!40000 ALTER TABLE `cnt_pago_anticipado_transaccion` DISABLE KEYS */;
INSERT INTO `cnt_pago_anticipado_transaccion` VALUES (1,1,131,'OB/#2342342342/JOSE MIGUEL LANZA/VVI/CBB///',50.00,'2019-06-08 17:52:04','admin','E','B','AC',NULL),(2,1,131,'OB/#2342342342/JOSE MIGUEL LANZA/VVI/CBB///',10.00,'2019-06-08 18:03:26','admin','E','B','AC',NULL),(3,1,NULL,'PRUEBA DE DEVOLUCION',10.00,'2019-06-08 18:09:50','admin','E','B','DE',NULL),(4,1,NULL,'DEVOLUCION CHEQUE',10.00,'2019-06-08 18:20:21','admin','E','B','DE',NULL),(5,1,NULL,'DEVOLUCION CHEQUE 2DA',10.00,'2019-06-08 18:27:03','admin','E','B','DE',NULL),(40000000,1,132,'ASDFASDFASDFADS',1.00,'2019-06-09 01:41:46','admin','E','B','AC',NULL),(40000001,1,NULL,'DEV',1.00,'2019-06-09 02:39:55','admin','E','B','DE',60000000),(40000002,5,132,'ASDFASDFASDFADS',10.00,'2019-06-10 02:52:22','admin','E','B','AC',NULL),(40000003,5,NULL,'DEVOLUCION PRUEBA',1.00,'2019-06-10 04:17:45','admin','E','B','DE',60000001),(40000004,5,NULL,'PRUEBA DEVOLUCION 1 BS',1.00,'2019-06-10 04:50:13','admin','E','B','DE',60000002);
/*!40000 ALTER TABLE `cnt_pago_anticipado_transaccion` ENABLE KEYS */;
UNLOCK TABLES;

--
-- Table structure for table `cnt_parametros`
--

DROP TABLE IF EXISTS `cnt_parametros`;
/*!40101 SET @saved_cs_client     = @@character_set_client */;
/*!40101 SET character_set_client = utf8 */;
CREATE TABLE `cnt_parametros` (
  `id_parametro` varchar(64) NOT NULL,
  `valor` varchar(128) NOT NULL,
  `descripcion` varchar(256) DEFAULT NULL,
  PRIMARY KEY (`id_parametro`)
) ENGINE=InnoDB DEFAULT CHARSET=latin1;
/*!40101 SET character_set_client = @saved_cs_client */;

--
-- Dumping data for table `cnt_parametros`
--

LOCK TABLES `cnt_parametros` WRITE;
/*!40000 ALTER TABLE `cnt_parametros` DISABLE KEYS */;
INSERT INTO `cnt_parametros` VALUES ('COMBO_CUENTA_COMISIONES_AEROLINEA','combo-plan/3010101','Filtro del WS de PLan de Cuentas para obtener solamente el Nivel 5 de acuerdo al NIvel 4 para las Cuentas de Comisiones AErolinea'),('COMBO_CUENTA_COMISION_AGENCIA','combo-plan/3010102','URL para obtener las cuentas de Comision Agencia Ingresos por Operador Mayorista'),('COMBO_CUENTA_COMISION_PROMOTOR','combo-plan/2010112','URL para obtener las cuentas de Promotores para el formulario de Otros Cargos en los boletos'),('COMBO_CUENTA_DEVOLUCIONES_AEROLINEA','combo-plan/2010109','Filtro del WS de PLan de Cuentas para obtener solamente el Nivel 5 de acuerdo al NIvel 4 para las Cuentas de DEvoluciones AErolinea'),('COMBO_CUENTA_PASIVO_MAYORISTAS','combo-plan/2010103','URL para obtener los pasivos mayoristas para el formuladio de Otros Cargos en los boletos'),('COMBO_CUENTA_VENTAS_AEROLINEA','combo-plan/2010102','Filtro del WS de PLan de Cuentas para obtener solamente el Nivel 5 de acuerdo al NIvel 4 para las Cuentas de Ventas AErolinea'),('CUENTA_AITB','0',NULL),('DIFERENCIA_CAMBIO_EGRESOS','0',NULL),('DIFERENCIA_CAMBIO_INGRESOS','0',NULL),('EMAIL_ACCOUNT','web.setricon@gmail.com','cuenta de Email para envio de correos'),('FACTOR_CAMBIARO_MAX_MIN','0.15','Valor para aplicar en los factores de Cambio'),('FOLDER_FILES_AMADEUS','files/amadeus','Folder de Archivos Amadeus que estan en el Servidor'),('FOLDER_FILES_SABRE','files/sabre','Folder de Archivos Sabre que estan en el Servidor'),('PORCENTAJE_COMISION','14.94','Porcentaje de comision aplicada en el formulario de boletajes/boletos-otros'),('SYSTEM_DESCRIPTION','Sistema Contable para Agencias de Viajes y Turismo','Descripcion del Ssitema'),('SYSTEM_FULL_URL','http://192.168.1.215:8080/ContableEnterprise-web/','URL completa del sSistema'),('SYSTEM_NAME','Setricon','Nombre del Sistema'),('SYSTEM_RECOVER_PASSWORD_URL','http://192.168.1.215:8080/ContableEnterprise-ws/ws-api/usuario/recover-pwd',NULL),('SYSTEM_VERSION','0.0.1','Numero de Version del Sistema'),('SYSTEM_WEBSERVICES_URL','http://192.168.1.215:8080/ContableEnterprise-ws',NULL),('URL_CAMBIO_DOLAR','https://www.bcb.gob.bo/librerias/indicadores/dolar/bolsin.php','URL donde sacamos el valor del Cambio del Dolar'),('URL_CAMBIO_UFV','https://www.bcb.gob.bo/librerias/indicadores/ufv/ultimo.php','URL donde sacamos el valor de las UFV para alimentar al sistema'),('URL_RECOVER_PASSWORD','http://192.168.1.215:8080/ContableEnterprise-web/RecoverPassword?p_id=[id]','URL utilizada para enviar a los usuarios que pierden su contrasenha.');
/*!40000 ALTER TABLE `cnt_parametros` ENABLE KEYS */;
UNLOCK TABLES;

--
-- Table structure for table `cnt_plan_cuentas`
--

DROP TABLE IF EXISTS `cnt_plan_cuentas`;
/*!40101 SET @saved_cs_client     = @@character_set_client */;
/*!40101 SET character_set_client = utf8 */;
CREATE TABLE `cnt_plan_cuentas` (
  `id_plan_cuentas` int(11) NOT NULL AUTO_INCREMENT,
  `id_empresa` int(11) NOT NULL,
  `nro_plan_cuenta` bigint(20) DEFAULT NULL,
  `nro_plan_cuenta_padre` bigint(20) DEFAULT NULL,
  `cuenta` varchar(40) DEFAULT NULL,
  `aplica_movimiento` varchar(3) DEFAULT NULL,
  `moneda` varchar(2) DEFAULT NULL,
  `marco` varchar(2) DEFAULT NULL,
  `cta_itb` int(11) unsigned DEFAULT NULL,
  `nivel` int(2) DEFAULT NULL,
  `mantenimiento_valor` varchar(3) DEFAULT NULL,
  `saldo` decimal(16,2) DEFAULT NULL,
  `comodin` varchar(1) DEFAULT NULL COMMENT 'Esta columna sirve para el Comprobante para editar la fila cuando existan inconsistencias',
  PRIMARY KEY (`id_plan_cuentas`),
  KEY `id_empresa` (`id_empresa`),
  CONSTRAINT `cnt_plan_cuentas_ibfk_1` FOREIGN KEY (`id_empresa`) REFERENCES `tb_empresa` (`id_empresa`) ON DELETE NO ACTION ON UPDATE NO ACTION
) ENGINE=InnoDB AUTO_INCREMENT=2902 DEFAULT CHARSET=latin1;
/*!40101 SET character_set_client = @saved_cs_client */;

--
-- Dumping data for table `cnt_plan_cuentas`
--



--
-- Table structure for table `cnt_promotor`
--

DROP TABLE IF EXISTS `cnt_promotor`;
/*!40101 SET @saved_cs_client     = @@character_set_client */;
/*!40101 SET character_set_client = utf8 */;
CREATE TABLE `cnt_promotor` (
  `id_promotor` int(11) NOT NULL AUTO_INCREMENT,
  `id_empresa` int(11) NOT NULL,
  `nombre` varchar(64) NOT NULL,
  `apellido` varchar(64) DEFAULT NULL,
  `ci` varchar(12) NOT NULL,
  `direccion` varchar(128) DEFAULT NULL,
  `telefono` varchar(16) DEFAULT NULL,
  `celular` varchar(16) DEFAULT NULL,
  `comision_nac` decimal(6,2) DEFAULT NULL,
  `comision_int` decimal(6,2) DEFAULT NULL,
  `comision_nac_tipo` varchar(1) DEFAULT NULL,
  `comision_int_tipo` varchar(1) DEFAULT NULL,
  `reporta_total_ventas` tinyint(1) DEFAULT NULL,
  `observaciones` varchar(45) DEFAULT NULL,
  `email` varchar(128) DEFAULT NULL,
  `tipo` varchar(1) NOT NULL DEFAULT 'P',
  `estado` varchar(1) NOT NULL DEFAULT 'A',
  PRIMARY KEY (`id_promotor`),
  KEY `id_empresa` (`id_empresa`),
  CONSTRAINT `cnt_promotor_ibfk_1` FOREIGN KEY (`id_empresa`) REFERENCES `tb_empresa` (`id_empresa`)
) ENGINE=InnoDB AUTO_INCREMENT=19 DEFAULT CHARSET=latin1;
/*!40101 SET character_set_client = @saved_cs_client */;

--
-- Dumping data for table `cnt_promotor`
--


--
-- Table structure for table `cnt_relacion`
--

DROP TABLE IF EXISTS `cnt_relacion`;
/*!40101 SET @saved_cs_client     = @@character_set_client */;
/*!40101 SET character_set_client = utf8 */;
CREATE TABLE `cnt_relacion` (
  `id_empresa` bigint(20) DEFAULT NULL,
  `marco` bigint(20) DEFAULT NULL,
  `nivel` int(11) DEFAULT NULL,
  `cuenta` int(11) DEFAULT NULL,
  `cuenta_relacion` bigint(20) DEFAULT NULL
) ENGINE=InnoDB DEFAULT CHARSET=latin1;
/*!40101 SET character_set_client = @saved_cs_client */;

--
-- Dumping data for table `cnt_relacion`
--

LOCK TABLES `cnt_relacion` WRITE;
/*!40000 ALTER TABLE `cnt_relacion` DISABLE KEYS */;
INSERT INTO `cnt_relacion` VALUES (1,1,2,101,1),(1,1,3,10101,101),(1,1,3,10102,101),(1,1,4,1010201,10102),(1,1,5,1010201001,1010201),(1,1,5,1010201002,1010201),(1,1,4,1010202,10102),(1,1,3,10103,101),(1,1,4,1010301,10103),(1,1,4,1010303,10103),(1,1,4,1010304,10103),(1,1,2,102,1),(1,1,3,10201,102),(1,1,4,1020101,10201),(1,1,5,1020101001,1020101),(1,1,5,1020101002,1020101),(1,1,5,1020103001,1020103),(1,1,5,1020103002,1020103),(1,1,4,1020104,10201),(1,1,5,1020104001,1020104),(1,1,5,1020104002,1020104),(1,1,4,1020105,10201),(1,1,5,1020105002,1020105),(1,1,3,10202,102),(1,1,4,1020201,10202),(1,1,3,10203,102),(1,1,4,1020301,10203),(1,1,3,10204,102),(1,1,4,1020401,10204),(1,2,2,201,2),(1,2,3,20101,201),(1,2,4,2010104,20101),(1,2,4,2010105,20101),(1,2,5,2010105003,2010105),(1,2,4,2010106,20101),(1,2,4,2010107,20101),(1,2,3,20102,201),(1,2,3,20201,202),(1,2,3,20202,202),(1,2,5,2020201001,2020201),(1,2,3,20203,202),(1,2,4,2020301,20203),(1,2,5,2020301001,2020301),(1,2,3,20204,202),(1,2,4,2020401,20204),(1,2,5,2020401001,2020401),(1,2,4,2020402,20204),(1,2,5,2020402001,2020402),(1,3,3,30101,301),(1,3,3,30201,302),(1,3,4,3020102,30201),(1,4,3,40101,401),(1,4,4,4010101,40101),(1,4,4,4010102,40101),(1,4,4,4010103,40101),(1,4,4,4010104,40101),(1,4,4,4010105,40101),(1,4,4,4010106,40101),(1,4,4,4010201,40102),(1,4,4,4010203,40102),(1,4,3,40103,401),(1,1,4,1010101,10101),(1,1,4,1010103,10101),(1,1,4,1010203,10102),(1,1,4,1010305,10103),(1,1,5,1010305001,1010305),(1,1,5,1010305002,1010305),(1,1,4,1020102,10201),(1,1,5,1020102001,1020102),(1,1,5,1020102002,1020102),(1,1,4,1020103,10201),(1,1,5,1020301001,1020301),(1,1,5,1020301002,1020301),(1,1,5,1020301003,1020301),(1,1,5,1020401001,1020401),(1,1,3,10205,102),(1,1,4,1020501,10205),(1,1,5,1020301004,1020301),(1,1,5,1020501001,1020501),(1,2,4,2010103,20101),(1,2,5,2010105001,2010105),(1,2,5,2010105002,2010105),(1,2,5,2010105004,2010105),(1,2,5,2010105005,2010105),(1,2,5,2010106002,2010106),(1,2,5,2010106004,2010106),(1,2,5,2010106005,2010106),(1,2,5,2010107001,2010107),(1,2,5,2010107002,2010107),(1,2,5,2010107004,2010107),(1,2,5,2010107003,2010107),(1,2,5,2010104001,2010104),(1,2,4,2010108,20101),(1,2,4,2010109,20101),(1,2,5,2010109001,2010109),(1,2,4,2010111,20101),(1,2,4,2010113,20101),(1,2,4,2010114,20101),(1,2,5,2010114001,2010114),(1,2,5,2010114002,2010114),(1,2,5,2010114003,2010114),(1,2,5,2010114004,2010114),(1,2,5,2010114005,2010114),(1,2,5,2010114006,2010114),(1,2,4,2010201,20102),(1,2,4,2010202,20102),(1,2,2,202,2),(1,2,4,2020101,20201),(1,2,4,2020201,20202),(1,2,5,2020201002,2020201),(1,3,2,301,3),(1,3,2,302,3),(1,3,4,3020101,30201),(1,3,3,30202,302),(1,3,4,3020201,30202),(1,4,2,401,4),(1,4,3,40102,401),(1,4,4,4010302,40103),(1,1,5,1020201001,1020201),(1,2,5,2010107007,2010107),(1,4,4,4010301,40103),(1,1,5,1010202003,1010202),(1,1,4,1010306,10103),(1,1,4,1020202,10202),(1,1,5,1010203002,1010203),(1,1,5,1010102001,1010102),(1,1,4,1010102,10101),(1,1,5,1020202001,1020202),(1,1,5,1010101001,1010101),(1,1,5,1020105001,1020105),(1,2,4,2010101,20101),(1,2,4,2010102,20101),(1,2,5,2010101002,2010101),(1,2,5,2010101003,2010101),(1,2,5,2010101004,2010101),(1,2,5,2010101005,2010101),(1,2,5,2010101006,2010101),(1,2,5,2010102001,2010102),(1,2,5,2010102002,2010102),(1,2,5,2010102003,2010102),(1,2,5,2010103001,2010103),(1,3,4,3010101,30101),(1,2,5,2010101007,2010101),(1,2,5,2010108002,2010108),(1,3,4,3010102,30101),(1,2,5,2010111001,2010111),(1,2,5,2010111002,2010111),(1,2,5,2010111003,2010111),(1,1,5,1020301005,1020301),(1,1,5,1010103003,1010103),(1,1,5,1010103004,1010103),(1,2,5,2010102004,2010102),(1,2,5,2010108003,2010108),(1,2,5,2010103002,2010103),(1,2,5,2010113001,2010113),(1,2,5,2010113002,2010113),(1,2,4,2010112,20101),(1,2,5,2010114007,2010114),(1,2,5,2010101008,2010101),(1,2,5,2010101001,2010101);
/*!40000 ALTER TABLE `cnt_relacion` ENABLE KEYS */;
UNLOCK TABLES;

--
-- Table structure for table `cnt_tarjetas_credito`
--

DROP TABLE IF EXISTS `cnt_tarjetas_credito`;
/*!40101 SET @saved_cs_client     = @@character_set_client */;
/*!40101 SET character_set_client = utf8 */;
CREATE TABLE `cnt_tarjetas_credito` (
  `id_tarjeta_credito` int(11) NOT NULL AUTO_INCREMENT,
  `sigla` varchar(4) NOT NULL,
  `denominacion` varchar(45) NOT NULL,
  `plan_cuenta_mon_ext` bigint(20) DEFAULT NULL,
  `plan_cuenta_mon_nac` bigint(20) DEFAULT NULL,
  PRIMARY KEY (`id_tarjeta_credito`),
  KEY `fk_cnt_tarjetas_credito_cnt_plan_cuentas1_idx` (`plan_cuenta_mon_ext`),
  KEY `fk_cnt_tarjetas_credito_cnt_plan_cuentas2_idx` (`plan_cuenta_mon_nac`),
  CONSTRAINT `fk_cnt_tarjetas_credito_cnt_plan_cuentas1` FOREIGN KEY (`plan_cuenta_mon_ext`) REFERENCES `cnt_plan_cuentas_bk` (`id_plan_cuentas`) ON DELETE NO ACTION ON UPDATE NO ACTION,
  CONSTRAINT `fk_cnt_tarjetas_credito_cnt_plan_cuentas2` FOREIGN KEY (`plan_cuenta_mon_nac`) REFERENCES `cnt_plan_cuentas_bk` (`id_plan_cuentas`) ON DELETE NO ACTION ON UPDATE NO ACTION
) ENGINE=InnoDB AUTO_INCREMENT=4 DEFAULT CHARSET=latin1;
/*!40101 SET character_set_client = @saved_cs_client */;

--
-- Dumping data for table `cnt_tarjetas_credito`
--

LOCK TABLES `cnt_tarjetas_credito` WRITE;
/*!40000 ALTER TABLE `cnt_tarjetas_credito` DISABLE KEYS */;
INSERT INTO `cnt_tarjetas_credito` VALUES (1,'VI','VISA',NULL,NULL),(2,'ax','american express',NULL,NULL),(3,'mc','master card',NULL,NULL);
/*!40000 ALTER TABLE `cnt_tarjetas_credito` ENABLE KEYS */;
UNLOCK TABLES;

--
-- Table structure for table `cnt_tipo_comprobante`
--

DROP TABLE IF EXISTS `cnt_tipo_comprobante`;
/*!40101 SET @saved_cs_client     = @@character_set_client */;
/*!40101 SET character_set_client = utf8 */;
CREATE TABLE `cnt_tipo_comprobante` (
  `id_tipo_comprobante` varchar(2) NOT NULL,
  `valor` varchar(32) DEFAULT NULL,
  PRIMARY KEY (`id_tipo_comprobante`)
) ENGINE=InnoDB DEFAULT CHARSET=latin1;
/*!40101 SET character_set_client = @saved_cs_client */;

--
-- Dumping data for table `cnt_tipo_comprobante`
--

LOCK TABLES `cnt_tipo_comprobante` WRITE;
/*!40000 ALTER TABLE `cnt_tipo_comprobante` DISABLE KEYS */;
INSERT INTO `cnt_tipo_comprobante` VALUES ('AD','Asiento Diario'),('AJ','Asiento de Ajuste'),('CE','Comprobante de Egreso'),('CI','Comprobante de Ingreso'),('CT','Comprobante de Traspaso');
/*!40000 ALTER TABLE `cnt_tipo_comprobante` ENABLE KEYS */;
UNLOCK TABLES;

--
-- Table structure for table `tb_contabilidad_boletaje`
--

DROP TABLE IF EXISTS `tb_contabilidad_boletaje`;
/*!40101 SET @saved_cs_client     = @@character_set_client */;
/*!40101 SET character_set_client = utf8 */;
CREATE TABLE `tb_contabilidad_boletaje` (
  `id_empresa` int(11) NOT NULL,
  `id_total_boleto_bs` int(11) DEFAULT NULL,
  `id_total_boleto_us` int(11) DEFAULT NULL,
  `id_cuenta_fee` int(11) DEFAULT NULL,
  `id_descuentos` int(11) DEFAULT NULL COMMENT 'en esta tabla se registran las cuentas a las que estan vinculadas \nen los montos totales de los boletos',
  `emision_bolivianos` varchar(1) DEFAULT NULL,
  `emision_dolares` varchar(1) DEFAULT NULL,
  `cuenta_efectivo_debe_bs` int(11) DEFAULT NULL,
  `cuenta_efectivo_haber_bs` int(11) DEFAULT NULL,
  `cuenta_efectivo_debe_usd` int(11) DEFAULT NULL,
  `cuenta_efectivo_haber_usd` int(11) DEFAULT NULL,
  `cuenta_efectivo_no_bsp_debe_bs` int(11) DEFAULT NULL,
  `cuenta_efectivo_no_bsp_debe_usd` int(11) DEFAULT NULL,
  `tarjeta_credito_bsp_debe_bs` int(11) DEFAULT NULL,
  `tarjeta_credito_bsp_debe_usd` int(11) DEFAULT NULL,
  `cuenta_efectivo_no_bsp_haber_bs` int(11) DEFAULT NULL,
  `cuenta_efectivo_no_bsp_haber_usd` int(11) DEFAULT NULL,
  `tarjeta_credito_bsp_haber_bs` int(11) DEFAULT NULL,
  `tarjeta_credito_bsp_haber_usd` int(11) DEFAULT NULL,
  `deposito_banco_haber_bs` int(11) DEFAULT NULL,
  `deposito_banco_debe_bs` int(11) DEFAULT NULL,
  `deposito_banco_debe_usd` int(11) DEFAULT NULL,
  `deposito_banco_haber_usd` int(11) DEFAULT NULL,
  `otros_cargos_cliente_cobrar_debe_bs` int(11) DEFAULT NULL,
  `otros_cargos_cliente_cobrar_debe_usd` int(11) DEFAULT NULL,
  `nota_credito_haber_bs` int(11) DEFAULT NULL COMMENT '	',
  `nota_credito_haber_usd` int(11) DEFAULT NULL,
  `deposito_cliente_anticipado_bs` int(11) DEFAULT NULL,
  `deposito_cliente_anticipado_usd` int(11) DEFAULT NULL,
  `acreditacion_deposito_anticipado_debe_bs` int(11) DEFAULT NULL,
  `acreditacion_deposito_anticipado_haber_bs` int(11) DEFAULT NULL,
  `acreditacion_deposito_anticipado_debe_usd` int(11) DEFAULT NULL,
  `acreditacion_deposito_anticipado_haber_usd` int(11) DEFAULT NULL,
  `devolucion_deposito_anticipado_haber_bs` int(11) DEFAULT NULL,
  `devolucion_deposito_anticipado_debe_bs` int(11) DEFAULT NULL,
  `devolucion_deposito_anticipado_haber_usd` int(11) DEFAULT NULL,
  `devolucion_deposito_anticipado_debe_usd` int(11) DEFAULT NULL,
  PRIMARY KEY (`id_empresa`),
  UNIQUE KEY `id_empresa` (`id_empresa`)
) ENGINE=InnoDB DEFAULT CHARSET=latin1;
/*!40101 SET character_set_client = @saved_cs_client */;

--
-- Dumping data for table `tb_contabilidad_boletaje`
--



--
-- Table structure for table `tb_empleado`
--

DROP TABLE IF EXISTS `tb_empleado`;
/*!40101 SET @saved_cs_client     = @@character_set_client */;
/*!40101 SET character_set_client = utf8 */;
CREATE TABLE `tb_empleado` (
  `id_empleado` int(11) NOT NULL AUTO_INCREMENT,
  `nombre` varchar(64) NOT NULL,
  `apellido` varchar(64) NOT NULL,
  `email` varchar(128) DEFAULT NULL,
  `telefono` varchar(10) DEFAULT NULL,
  `fecha_alta` timestamp NULL DEFAULT NULL,
  `fecha_baja` timestamp NULL DEFAULT NULL,
  `status` varchar(32) DEFAULT NULL,
  `id_empresa` int(11) NOT NULL,
  `cargo` varchar(45) DEFAULT NULL,
  `sexo` varchar(1) DEFAULT NULL,
  PRIMARY KEY (`id_empleado`),
  KEY `fk_tb_empleado_tb_datos_empresa1_idx` (`id_empresa`),
  CONSTRAINT `fk_tb_empleado_tb_datos_empresa1` FOREIGN KEY (`id_empresa`) REFERENCES `tb_empresa` (`id_empresa`)
) ENGINE=InnoDB AUTO_INCREMENT=20 DEFAULT CHARSET=utf8;
/*!40101 SET character_set_client = @saved_cs_client */;

--
-- Dumping data for table `tb_empleado`
--

LOCK TABLES `tb_empleado` WRITE;
/*!40000 ALTER TABLE `tb_empleado` DISABLE KEYS */;
INSERT INTO `tb_empleado` VALUES (1,'ADMIN','SySTEM','administrador@admin.com','7022583','2018-05-31 00:03:06',NULL,'ACTIVO',1,'Administrador','H');
/*!40000 ALTER TABLE `tb_empleado` ENABLE KEYS */;
UNLOCK TABLES;

--
-- Table structure for table `tb_empresa`
--

DROP TABLE IF EXISTS `tb_empresa`;
/*!40101 SET @saved_cs_client     = @@character_set_client */;
/*!40101 SET character_set_client = utf8 */;
CREATE TABLE `tb_empresa` (
  `id_empresa` int(11) NOT NULL AUTO_INCREMENT,
  `razon_social` varchar(128) NOT NULL,
  `direccion` varchar(255) DEFAULT NULL,
  `nit` varchar(15) DEFAULT NULL,
  `telefono_fijo` varchar(10) DEFAULT NULL,
  `telefono_celular` varchar(8) DEFAULT NULL,
  `email` varchar(255) DEFAULT NULL,
  `pagina_web` varchar(128) DEFAULT NULL,
  `nro_iata` varchar(12) DEFAULT NULL,
  `tipo` varchar(45) DEFAULT NULL COMMENT 'principal solo deberia permitir una\nsucursal',
  `logo` mediumblob,
  PRIMARY KEY (`id_empresa`)
) ENGINE=InnoDB AUTO_INCREMENT=4 DEFAULT CHARSET=utf8;
/*!40101 SET character_set_client = @saved_cs_client */;

--
-- Dumping data for table `tb_empresa`
--

LOCK TABLES `tb_empresa` WRITE;
/*!40000 ALTER TABLE `tb_empresa` DISABLE KEYS */;
INSERT INTO `tb_empresa` VALUES (1,'Golondrina Tours S.R.L.','Calle Bolivar. 50','1012915020','3333828','76327800','golondrinatours@cotas.com.bo','www.golondrinatours.com.bo','56693523','CENTRAL',_binary 'PNG\r\n\Z\n\0\0\0\rIHDR\0\0\0\0I\0\0\0n\0\01AzTXtRaw profile type exif\0\0xk7rc\0\r|}IQ;,Jd\0dG\"Q\]+\RR<z\?\\\\~i\_\\uW\\7}]\\/\\\\,~^_v\s#0\>sL\\\\9y-\XO\rJ~$\?wn;e\\uy*/_o(\Qa~|M\\_\\_\\\\\\=T\m(\w${+}}:\ZC\\\f5\'=Dfv\~\OqE{5\%\W\Ycf\Kx\\\\\xg\\,\\\\Woy\",\6r?\bA\\\r?aa\o~~.1s+\\u])\37%\Zc\ryl\\8Ys\]\8-\L\r\1\\\@RUtaR\\OM\Z\rr9\kn\QK)Fj\\jYK-\jk\c7 ,\>_:\w1fe\\fc>+\6\n\8\J\'|~\%\t-\v\W-|\O~Y^jZ\WZ5^\%\$k\X+^tRZ9UYVL\'\|\k\q\\\Nu[9X9Z_Y=\[ e\\\\x\i#!N+y=K>4H,\r\j3\~s\\$\je\f\u\{\/ar\=\0\{\|+T\5\\r\'{7xq\\*FP[f9S\N\(\v\\\.X|>12\-\\\:0T\\ZkV2\H\\r&\\\\\\%\8{\r\\07@L:/WG\{\:[8V\*9l?\\cB,g\\>@\{\\Y=\\=\\Jm\0].\\\F\i\\\jwFx$4\\fD\4q\d]\Zjn&?+\-\yKc\kBFV\\\"w\n9\b\\E4H<4O\\'\v8@2aYTW*X\1|W\\xn9\\l S\\\\$\Zh\\#Nvdn\B\c;/O(7xh8M[05,\+sSd\/\n*m\\Z\0!\+Az1ns$XrO6A\V\\	7\[<\.C\0$l?s87Vueu#Q>ZyOa[L\J\,\Jc\//{\"3\J ~5Z \L\\m;=\W\0\!zaB[-=+\\'zo\\6sE\rqD#f\\\\~\\\U\ |{>3xi\?VuX-\x^\kGcU\s\sH|l9\\\\'\\\'\'\!eNC\0=#O|m_\bLr[\\\d\\'G\3\A\\\u\02XF:2\j\0J\'v\\\n\&=C\\\NJ\,,6\4\\Q\vyU3_\t3=	t=(s\\s\ah\f}<KH\0\t-\\!\0XC/aU!G\\<P0\\Xfr2\p\@Cps\\\^	\64\0k\h{E\Zm\dj]ke6*\>5X\$Fg~\v\I@2\~\PJj2\U;l;\+\=;\r%lGA\]lY\\\\\<P,2\gk|`{]\\\,f\#A:20+\= uOr\;\:^-`-c\Y\\B\\AR\Oh\D$\>\\"X4\Z\$\LH@3\\%\}(D\\ N\Z\\ID\`\ e@kO`\u\\dH\0	\'\0\3|`X\B\JF\nFQ*:SI\-}CZY;\\ZL\)XZ@w]\rMTF\n/d#AZK\\rV\^\\az\Y~a\tI\CQH\M\4%\rGJ\w+\)\0\7zBv_\5^\'tNqPx\	f\'\ V\/7\.YGn\X\L\ZJIYA9#f\\IB\01\s\\'X0VGovD	\P5\Q\ri\p\c v(\ep\$\\\Z\S42S\nR\\"P,\\"t6\.)t9\HY\>/lX/\Z\Z\0M\A\\k$se=\ N\v-\0wxp\<\\#GJdKEH\"\\-Y\1Us\Z\8\rZydn\\f\%\n\Z\;b\\\\e\\\Sh;\'aP6&#\'x\Gn4#q?*crPOb<a|=^L\60\\'\\r\n\/R6\;^]HFV|YI\\M\Zw\ZA9aFxL>r%Jk$o H\\n\\dv.\!6@\\{\$,\!!\"d:\Hp\\\\Ctd\"\k;Yh%\m\\\D--+\0\>\\tBl~1s\f%q\e\\ew_h$%\\R\\\02t+\{tX@\ke2U.e\n\\}8\0x(\\7\\"\DQ~LOr,r82\\Kl\\8<kO\`Jk9F	OpnHKpu\"C.RiE\|{VQfq\\2\\\@K\x\\B&\0mA\,;9Bucxx~:\\\'FHo\;rXgyt\B4E\\>qCd|%imiP\-,\^\-OHb \z\^A[\w\"<D4	RkW\.\"6C\P<1r\2<\qw7\.@\HY\\rx]<\V}\\>\|PuJ\Zh:}\S[!|\\\8TJ|mqDs\q{\1f]\}\P1\\tF	%o;bA)Q`\\\0#4D:9\\ w\0IJYsZ\roi-\\Z\J\e&E#4Y\P\\Z%ed1U@\6\\@.E\\+x5oJcDHOO\ \\X\\r\+<\Z5\\(t\0\(h %jyM>q\5D!\Ovn2.\rG\9\\2j\n)AJ8i4sLx,W6sc1D\|qK*\&\S\\"f\Tdo{JG\00GOE\A\ZnT\\A0L)2bB\\"!kz\Z\meN* [	X2/j\(1:oFb_\:\\85V/BW\1z\\(Tolhv`%\\&b\\zK\\z+\BJ\'j	a}\\ml\\"1$m\3N\f\vpxWt	`8\!%A.5YH\e\\r\e\":$\3#1L\[\\0xT2\vI\Z\Aj\\n\2(q5*c/Db#0\\\Hx7._\'S\\!Az\kX\zF\f\\O.+@\l\rj\\"2d\Dq\D4)\[\Z\Hr4V\19$50ME\6rbQ|<\#v@\")^F5_\JM\0(&\\\\g\Zi\z\JH\B\S\\\r\~6\m5\\N^U0MdKIRXHX\JjnsoWb\\\\"\\u\'t.r{A\1\\H$ \Z\+\"q1\0\\\"z0K@XxDoh\\\\Z-6\(sPGw\0\r*d&\r1W;CbQl|Qh\!\\\"*Bu<\k:w	16)\9\\RY|\E%7l;\a~FE[\r\T\R~\nE\\\BX/|xNz\$\/\]N@m\D\\\\I#\^b(r[$S40u\it*@\\U\W\0\n?<\>\\+\5\\\wRM2\\d\!/03\r1ixAM29[V\j\6c\0\r!%mo[\[SYbkm6\vUp0\399D\\6\\:8<BD\\T*\"D\,Pz\\;YNDJ\\'\9\+D\Z\<\Fo18\36=:Q(.5x\9z%\Q\\\\|ToT1x\jd?\Q1[*r\k_\t@8L;R\\0c!kK:X\'_\\6\2PP7.\EUU6+Bp{E:&\c?\\r8\\0mbU\0\n@\^\h\cp\wW9\^\\D\nZ\\T\;0W;\\"UC\\\\\ZRF0Yb,\Yz\\UK\~=~:txR]P\\py!T.&\0\/D\*\/3T}vHD-\wj\!3qJM_\\t#VI*FmI%[0QTyjf\"\\\\\dt\h,,iQl\\Z\</)_\v\\Xy93	k3TrI\\\\"!\WTN\w8\+Q6I3tH|!xAD|ds#@d\A2:\nT]/{{4,\A\0- \v)\\\\bhT\	\U\KX\X\'\R\`\KS\s\\U\V\\1r<LH{U%\>\KdE Y\)2l#SV6\\\0*\WTS^\>v\nI\n\0a\E2\dV{tO\$k=\K]mj*\\> $%`[\\\\<J,	t\\2]7B~\d(SG/xW7a*\\A\\\%Fmx7k\"3s!\Zc\8\\\:9\0B\\PE+#96vA@\\P\lI\8\V+Vls/I\L\\NTfad\a\\A\s=jeK\0H\ZnMD8\\r<o\Z\ZA\L[I;v$@5\\(\&\wrr;dh?\\7sTXbRQ\5\?g\SL3yH\_nd[{\\C\!I~\'W\EM\\\\7P{U4\\\$\r\\\.i+ph\G\r?xNa(j\C\'U\yPA!!T\\rMR&\rito%;qU%u\2V[&^!|P$\*\\Y\&#|Y!yQ}\"g\\\4y[q(\l\c\\	W}	mG\\<;;t\8\MMG\v 2[17_,vQLB\[;\C\r{\r;	XBU5\t\\\g_I+-1\JUjn$>I\ZLmDHKyg\\\*\)k\)P!/\%MDCig}a>0\\Wx\\8\'\\^>\\1qw5\(yM\\\Uv[>=|;o*YRUym\a\\i\5`0G$/C=PH\!901\7\,\N*o\>ja9a(;}Eh4EY\"EB\'/\EQW5\Q|#lMQHM.\\4\riH\\0jD\z\\\qo\R]j;\\d<f\T\J+^#$d\n\0Lx\#\=e\v*8\\\6q\huG2|!\6\(\\\\xw{\0\+\\aj!Xd <5$\\]\\o&tYfU&\b\1(>g\\KV>8\j\\0dE\ZXj\\\	\\^\)Tj\\\\@\$wOA\\Yk\\Df\*na\k$\'%\\]U*\\:^D;18\5<6C\M!}:f)_K%Bjw\m_{!#9\|\"xm\^\\3\m\:A\/\00C\\\\_7^waWGc-hc!\G\t_\8D\njK\s\\\B1H\\\*d[`#^&~[\\my\\0\\S\B\hIaI\\\jj\ qLU}Aw\1@\-\\yiJ#\0	xE\W\;\|;GN\^ZF\"2y\^\]P\\KxM87\1A\t~aF*\x|.\Z0\W#B buz\\\\\.L\A\ym:}6nd=oT\O\\\\FJ[\n\M?BF$,HBZ~Q.\\X\:\"\\\\\8aF0\PM\t\'b:\Jd\\J^\.CC&#>>:!>\\~Ub\rg\U{\na	\mh Y\Z\*M\k)!OGQ.nc(_\rQ#\\MX\T0t\\9\dj8^\\ #K2`]=\c4{\f\kA\r^\\\\Jx ^\Pq\\`n(\WSq\\ZQ\?\;BB>\4\aU\VWTA\[68\<\\\rhYL&\HX!1\\ T]8\8,cQwe\_h\#K^tM6\2\\W[\\3`8PL<C\'ZDm6<\P\Gl%(l?\\(/ 6\Z9FVz|S\a]z{Qz\ ~\^\	\\[\=2G\\X\\V3UmS	\\\a\(AV!p\C`\*\cIp6UVee_\`\q_SnGw\X\n,rjl\"4\'L-\iun\rBx}N\!\\\xXS\Po\\\	2G{u_\n)^1F(TZ\r\X<-\\\\y`\;Gm\.N_ZTj1[\hU|B-X\\!UqA\R!\Ntm#\t\;0n\hB!Qm	vdQ	\Qs\\\s\\Z\Y\\\\\Yq\Z*\Z\\w\\)\3R\\\4u\$#%1\rS-dAbI{JNjNp\lA)W\PZ66\\+ n\\sE\qG=\/6R\zm\R\\\\\33\2\5?\Q\$!1+&\P\r^X$6(qM\\\n:\rlITK\\^Aj7Rm	usU\\"</,qh:2X\JAXUt;\TBX+j\*c;`{0*jM\7\\\4\1\\5\aL\\YY! ;p&!s0j\\"\k6i}-tC;>*n\a+vF\!z\"\y\\K\uD\P\NVunp^\6D\'^&f*\N_i.b\Lx\\tU{(\Tg}u\"j/\"8D4.q\XY\gJ&\bj\1mA:XO3Z1:2\jj\DI7E\C?My	Fj\KE(lTvD\bbP\-nt=`z\'1FRK\>\7HN,\"Y\(itwhH`q\'Z1\r:\\\/=`\:\w6mfV_\|\r\'\\\eEZ-X:6@\RJGx	L*)ROa\:}5y!y\\\wZ	E\Z;\\"\"\A\Ox\\#aYJ\*\r#:I{WW\;\Z\\3	z,\}v^NF1\J(0Nl\XU\H\\w\=\r2~#p-\FHIB&SlT()\Z\?TPo\"%Gm\\,\\wB\rD%v\8\\n\\)\\\w\ZC	\zT\2A\\1$ZU<*8.XBGM42mH\r:8t\(\A7m\\\\):v6p\'\Z[9I\)*\~\aiQ;,\\0\aUr\tU\\nwTU\rGKF\\\\A\Zvu:1\\/vaSU\B=$\\K\,W\$\C	e\B\\\\<iU\_p1x&Z\\lA>\\dS\;\'>\NP\@ JB\NXm\\!4\0fa\jY8L\J\\+\"\DO!5B\ZQ\ SST.zqN.ID(u\bx.\\\t-d\]5d@f\tT\"\\\\W3#b\ZwLR\qL\5X\\\0Coh\"K)1\Mz_s\+\\jr\\F\\Dq\\C\P$\Z UO\=P.\si:\	\\J\r-\}RK\N\'	\\=Hc5\J\\\\^qKQk\N*1\A.l\\rLgB=4\^u:\0eIDV|\A*\\XA6sA\\ud\"\Ex\HE{Y\R\ o\ug1%\R\rY\g0t4!\`zfq\ZQ(\o\w|\EZ0  w\3\;\Kj\(w~U+MiIA\(40Fq\Z`=n\1\\%\\Fa\\Ekb\T\C\Nc)v\NrZ\\\u^Z\\"\\rx#l?5<)\ZuK\\TA\PY\\\\@)\ZSi\c rFO8p#{\"\&;8B8\'t:\Qz-~b\\qd#{\+)\r\\0OAfn\\{\\rGd\`:bT\\F!HOE\}8DsG*\^\\(e\P`\xQ\X\(YY\\Q\\0Fr\\0Q@f\r\FY\D\U8\\w\4$W.!z\}\\YAF	Y1\D\Ty\g\NWbZtk. [;J\\\D,x\i5`A\C\}g\ \P]\:\\0dF\MyM#:gi\QMuT\r\M&Qu&+U\3QU\DNa~.4\\0pg#\\ F\!,\	Id\$\j*HF*@1Uo.\X\-5\Tf\\3Rb4W`WU\`Tb\`\\>B <u\\n\\v{!\EOOd2fo}M\GI-R\;\Nd6RE6?^\|/v2jK\U{\"X\N@;m; \EV\\\4@^\\\m\\p2,\+7\8}iG	DTA`	\@2\\-\[^J)2\n\\K\bn\\0=\kAelZ\r3]k~\\"\_`*\\J\H*\\\\\D[4\+<MhT\n%+: \PBysNm;^Q]-E\\A\ZE\"^g`\5E\XI\HFh\\TwQgP$\Jmc_3\QX\\\nO\T/2\"Pgx3gb.Ia\\gY\&\:\y\?=r\\_#?riYM4,1dzdtrv*]\\X(\dS\jgD}<jf\u\\6s0JLH\\\0:H\AoD\\\F^p~{8H\id)G=`4E3\\}}a\H\\B3\:L0G\\u@_LkPhQ-m=%\\,\ \2M\M{V\rcLT*):Ap\\\M}N\!F\\\r2Kp,s*\#uwjEG\Za\\\'_#*z-|k\\A)o\H|sO\.6DUA\\k38\\;\\nKMG4IS\\\&_M0\!\\\Y<,:tR6PuPHOs\\ }c\B\gFU\{\.MuB\n0Ca;FO[\<>\d\\}\9t\\'r@z	Z\\\r\Dk\\\o\\`\K\\O\a^\ZuEV\ucG-\UO,AT\J\\\,GTs\\R\m\XBRb\7=2\\UE1P=w\mg\(\_l\Y-\VzB~\Z\9O\A\rwP\Z`D;\\En\0z\G*:,t\(45E\<#\q!*6\9B\2$M0A\\\EFp\:\!j\\'\	x2\0)\*\,/^.\\Vh\Y\FBU\%o\\1\:\+}vjX4e\ZJamt\\5\$+\RQrT\\d\:/\c\0\dN\T\\(\6X\\l\pZD\\\=\f@\]\'_ \$6\\opt\>\\\kT\%\n\:=\\tq\n\Z#T\\;3Y*)\j1J|_X({\%\Te/i\}d=&cl\U\]Ozh:\\8EJi:s\C}BHXbV6\0I5CP:D\\W\\Y\$<.TS\:\\>\\,U~\7%\hXLDO.\\n7\S\*\CzBQa&K-\GP]\\')d91BtG\Fbn:5+qI\O=L{{W8bh\3\vE<\B\002 hzD\\4\\\\\\$\N/,M:nJ]\PVN\8IW\_	\a?L\\!	n\l\'\\3\r\nZ\Tka+^9\q\\K8i$g\\\TjI\u\\\=.j(!\WU~5\]\x&\\\d	\m\m\\\s\3vlE+F-.P+\.\H\\lB	Au6=\"/(\;Tqx\\pG\s\%FA6\0Ss\\GO!\7w?\r;\\"u\\\x	W\v\z\\\S%\\S{d+\S>Gb5R\\:?|v\@^jg\U\#\\U\\-eq@::\"McioZ\07*\iP\\MA\n\I\';C@\	\bT\N\nyoAYur@X\#\$\%\\\Sa\\zcELX!\6mJn7\')u\i\{T\W\\t 2R1\)M\^qW%j\3mS#\/I\c>\eYg6\=z(STvu\L\iHIt,*7\3te)\\\#VA\m\2:\0GD\\_H\cn\c(\\tv\ZM3N[>\{Z@%xn\\KUk\?\_\\W?9\\0\0\0bKGD\0\0\0\0\0\0	pHYs\0\0.#\0\0.#x?v\0\0\0tIME\5.$I\0\0 \0IDATx\\y\\u&\[Uj6,D[=Qb;~\,H\od&@7xxY\?dq\"\\n&\8HhKDIe%7HMvs\\n\\\h\rD\\\\U\\\|\;\Ql\-oWK\-T\-oy\-oy\oy\[\@\[\*\<P\-T\-oy\-oy\f[~\\\KQ\\\'x\[\@\[PzKu)\\"qB_pS\z>r=Q\n\\z\\\\[\\\\dh\.X|\0?i\>\\^*`ff\\"\0\y.\0,MEQ|\s\\}H\ib\N\vz/@\[6\\g(J5;;\limm\4Mt]\\0`YL\\E\\\rU\a\\\\>@\0~H~X6}\0\&0\7\0M\@\[0?~J\0\n\\VU\\0MB\4~X\0\:Ea\0\,AD\"\4\r\p!\n\j\D\\Y\\Z\\^im(\\E\>.^\4*\0\"\\0 \04M\\N\011	\aNVrrF-\\v\t:0\"@ @~\pD\d\p\H\q\0-@ds\ttvL$\z\o{\K3g\`aa\\\PU\"\n!!p*DD044	\r\r1\sP\jPVQ\P\x\\6\.\\t:} #oeqdL&1441\">V(\0@\;cT\\"T\$-\4|\\\\q\\;wZ\rF \nq*\@4\ZE\"`\IRH\F&A0D0d r6\'t]G\E\BVCRAVC^G\fP!\F8e,\\`eYs9>>###8\R)\N+\(\$IX{\\\r\\\Ug.]T+8<N:%t:N;!H$#Jall\l\bPUmCQ	\00\jkkk\\\\\\K\ep(F\n6\\p8p8@ \\a\"\bxxN\0tD\ZeI,\o]\'\"\\0zebXlF^ceex\Q(8-j\0\F\166T*T*311wctt\nP\\\EQk\nbzR\\u7EGt|\,FH\0\8~#SSS_q@m+\%[\0\-\Z\\x\jTn\'PQ\k/..B$n\F\F\D^\:\\"\\@Q\rE\'#s\D\\no\>LLL`||\hK\\\i\0@ZE\\F\BRARa.8\0(\nmX\\\\#04^(FHR>bxx+++sE\\\Z\\$\+y{r;J\0?\\[\&\Z:\\\&\\2J*\n\*ol`n6)UB4MC$A4\Z\\\\;\\\\\"oc\6Wl\fZ`cc\\\hZ0M#J\`\R\'r\H\\\KXUU\b1\b1p\wb}e\[L&E#ND\`x \\\\n*Bi5\Z\r4MFvNvFz\$+ \0@ \*R0D8F,\\\&\'\'q\w`=\b\\X\\t:J%sE\"HrTdjD\0V{P\v\d\q\=`ss333\E	\!\\{.\g\.(}\(\n aiUm6~\\\)*k\\\l6\nQs\\a=@:\r$\;A\nsT*1\+#=lHG\\v9\\\\\\^:VWWq\\\\w\\P\R\/RU#\fgg<\\t8\Z\nE/\f:#4r&^\:$n\n\\\W\\4\,\,R-qST(h98z\\\:|>__C)\(\\`ccZ\r`r\l\s>\ N\0tP4\&\wzr\n|i>L`Azf\\,q.z\\"\N\w]lll`ssFc[xM\022!\\qdY\u\]\=_@\(>V\\Qk-R|>-z\E\u&re\A\bp5\Pnll\j\\0c~\'<@R\0me^s+A6\0\jF?k\ T\m\jZ\r\8\\.+\u\0,//css\\\(\(?\\]\=@q\\AQU\\nP8P(1N\t\\Z2xJ@\(K\"\.~J8qZ\rJ\:\d\0!EQ4\\n\0\A\xH\n@]\\\\\h49\0P\n,(j! \r	}Mi\d2@0DXD\\\Nn6Lh-\Z\"Lb||ccck\\\S\"Y\F?Q\G#$IV\u,--X,buum\\\T*meY\\=0\0\\q\u\]x\fSeo&MQE-p5;z\9\r\n\_>>LLs@$\t]T*Si73gBAQ\PVN\H\.\w\\\\\08!c\\C\\2.^\\e\\\t#n\)UUN\?\x\L&\\\\\I2\Y\Z/b@\V^|?F\u=eF?A:8\\\JS,\\\=R)\\qZ-&t+\no\\\a`tt{7\\\d\R\bh1R	o\\\Q*\j4\kn6\\Zzq\w\w\^\\u\7_8[SQ\\\~\|>@ @ E\nE.FPS\ZMH$SYUUJ%ahh{\E:\*\n#\\\l6T\0\\u\yH$\oLrBTm:0j&zo\\\gW\r\rK\T6-!mllT*ahht9\\\t:\u\m<PEO\rv&\0_6\0\\\\\\e S\'\@m4\ZhZBBh\\\\A\\\*FGGH$X}DJr\tz%]\\BR|>1\R\\\\H7I:_+R	,#PM\t3R\\\u\e\\0\n\\f2fN\K<P\"333\\0|\\\X,h\E0D\\Zh#J^\\\"\VWWQ.\nF$\#P\\H&0\r	S\j5B!v\i\Z\ht	\i\\q.\>4;;{\U\[5\-^`;*\\\\\gggg\\ki0h\W\h4\\0#	\\r%r4\Z\lAH(\\4z\8e\;}~AR6\C`fzQ\6\M\n)CLpC\5C\q\f\2H\\vUV\\\l)N\\rD\"ip8\V\E-D\v:\aZ-\4\Di\0\mN\.\Z\t]g\p|>;TtG\4R)$Iv\\eAz*7D\\\Z\"c|\\\\\;%<PywX\*\sSSS_S1i4M\\E\ P\&4M\Z\\6HZK\md\ZC&PD\\\\'\T\WZEATDm($\\\c\Z\\ih6\\h6D\"mH\^\\Z0j,<*K\\\\\\\\D\\?@0\p%U]\u\j5p(z\\=	 \r\@\"T\y\R\f+\Mi0B\\t\j!\\l\\!J\AO\be!\\yr\D:^\\A\I>=;;{g6|8~T\EP\HVZOP\0\0\>p$n\o=[7@\0iZ\\o4mbq6\/\(^\S.\,4\Z\r\b1DQ,L\0\8\^C*\'\t\9& gff\\0jPx*>D:	*$k4\Z\\'t\\t:\=\=\ZD\J\\N\m79\04R!2U\J\Zi\Z\\;@:E\zeD\\xg*+\'c`\hJ&\\\1l,{\"\nT\o%\Z^cqq\fu \\Hr,v*f]\Qy\/,\\r^3HyK]\0::Vt:\\\\NOO?@m](\"Bd\U<P\\K\\\\0\\\=<L\\UqJ.^\\Gi\Z;\J\E(*qW\U*\\\WZX,\I${\IX\\d[C\\\V(\\,^\\m@F??D~pa?~gTq\$IjF@@7\ZzaY\T3\\\r\hu\\)}sm%UC>bff3gKi\\\ol\\\K\\7(E\\\~gcc\\. \n|\X,\#PPj\[&u\j`l\SQ,>_)A~kqH\G=pY\D\\Z5\r\\n|g\\`t_\\T<Pe1\z\p96;\\Z:\KB\\o4\Z\\0\iS\'I\rgO\{\k-]mT\Ky&\T*\s\.\\2[XAV\F\4\\uvr6E<V\b\=\\rOMM%!W\Gd_O\xG42\`_qpn.Sk3\ wR^(J\c\\(\n\\\K\\Dim\3\s\\\\N\\/\ZbddT\n``ddN677a\e55u:\<\\G^\[oZJ\"8\4M\>1;Ex\_~X\\\q\Bnz	}(/X~\g`Yw*\T\'#\Zyu@;q&\u-&\5\\'\F144\|>\\\\(X[[\6\\Q5\'\j5\^3ubWUZ-C|\fS\"Rq\-x>\L\[_l\\$)\\\')EQ;\\6\q\iB\8x~\'p\v\\k\"\'j\t:\\D\"\\\&VVVb\m*Q%.8|0~\\~\b=\\g\\IY+x!\lC\\~\\-O[ol\,$`(\\\??m;\0\b\b\JBg>/  \Z\-\\Qh\iM*\0,\`0\C9g3\$\`(\Rz>;86TU\h:EAZe\aB\u\r9\W^\\(\\\\_6}f(nG@P\\\9\I%L\\\\VzP94 \\O\a]?p/m\rd\\\@^gH\\\n\4i\Z\\\\m\\\B\j\f@I\Iu\"\2y\"1a,gQC]\\Z\r\b\\\]&N$X__~#$	LNN\~k\.\\qz0\N:d\n-AT\? \\\R:~u]G^\k2\4M\fNW]\"Ci:\\\P!m\9\0B]\47H(	$	 \j/\rvVP\)\\~-\\?Pj\h4PVy59\QJE-t-iX__\0q3\rl\\\\H\\bX+J(J\\K\'8qTMI86\\\vSj\H\jeYL\zw(2\t:D&A*ZP(X,r\\"}7\"D&\ro4z!\C\E\V(J\\\\\\\bD\"\{\UV\u\]\_Egg\#t\_zoh\WJrSsAm\\v\T\0\/Q,Q.6\\\\,&&&L&\}^F)`7{D|@\&$P*\X__\fi9\kBE:F\"\UI:\\\"\*nA{\<\V\`Ra\\%\"\q&I\Zf/\7\r\	\\\.UO}\n\?\$@\\_~=~\\\Tn3 \"\C0\$\\\BBJ\'\b1\\q$Is9\F^Y\\"%p\@2H\=[\>{\ZZ\rzIJ\\%p\6b\nja.\n\U(hS\*DuX\notr\\v\\]~,qK\\\\\=J?q\P\\q7[F\|q\\L<};XR`Tn\TFt2P\K\,--\0\\0R\\\066\\QB>!\zS\Xn\"!wJ-D(1G\m6%U\\F@\'I[\0\^LO]\a\Z6sHrn\Z}QF\\FHo]:\nomq;\\\\"\J4\Z\\\w\}\\'?;i\\tz\\\\Z\\ZT\?37\*S	scEQg:u\n|\00<<X,P(	\s\=}Lk(L\\r\\rRgS*\"OlRcF@]\H\\\%\KHj\o\'PC\ vPZ\'\6>\5\#U\}.\,GJ1\H\0Od8\04\Z\rM\\3>\WW~2K\ :\\\0\C>\Z	|bnn\\\F1::x<\\I\\\B\\\0bttDnX\a+\sR7mn	h2b\\\kIp!j\n\{&aT\uL\vJ(74j\e2e\F\T*gdw@%x6wr\\gwZIPdQ*\8i]v\@(B6ME\DTn/Pd@\sWrI\f$cbb\\0t\"\j\:?\:\j_:BQ	\msF2R+\\MMWS|H4{3\\\4l\'\{\0J_$#\"5**X2\\\0PZX.QV%\K\0I\M?2V\H0&%	v\4\r\t\Z\pxcccXL\Wt\&#U=\V>dUQ>\\><\P( `llx333l\v\\X]]+Wp\EXQ\A\\6\ey\d\C*;\\/*T\=\mK$\\ \ElGf&VUtn\i\0JQ	\"\\\ZFF\\UUe\0\M\:GuV\\\\K;\[C:P,B/2\\\\yxxCCC\\\\\\I&-iw:cyy.]B.cK\C*^I*y\Z;_\i\\,\%$\>Ozd{@.jDJS.\{zQ\;0PB\\\mJ%T*^eFU*Eg1D\"\b\Q \U$7\Z\raR;?eY\j\5>> E\F\+[$ 5p\\r\G~i={##NY&111\U:\\6<?\\E,//css!t9L\[]\NwY}O \\t\0\0 \0IDATPT`mj5MS\\vM\S}\hfh<Ql\l\\Z\Oz*`\0J[hz\\`@V\\\Ftm\P|*L\@\Qz #L2\'D\ay\rwICl\I.5?R?##I\\8\To\h\&I}sK.5_{\5<\\E4\ZE&a\{\\\0Z~?._g\baa#\"I\rj\g!\J\(ry*QI8	$CCC|uMG\nSiii\Z\\6*\nWO\,K2\nHEQ`\\\\l\-	\$cM\Wt]G\CB\h4\nEz2ci\EhX\[__\U5\0\\gy!\\Xx\LQ\Z}\7\|_\x<\\ac\\\4\rw\w\\IN!H\z.]K-*!8\-\I\:q\)+%m\\w\\S\`sx<\\\	x\0+c:\ZwA@VT\\xoT~Ji*\VRy\r78_D\"`B\rq\&I\ B\IF@G-Ib\M ]\;S	E\'\1\\\w#\lbhhxX\Gw\^N\|>\\Y\\pKKK\\\*`XO0d\$@)\MHD<R	%O*677111\\I\\\\n.\;-dd\ks_\M<\\KG\ET\\f\@RX,\RD\F\>94\nf\\?y#d0m\\s[\0o\$JXg3E\}GEeY1w/Y~=22\<yOF.\\\\Z_Q)4\4z\\4R\\R x	(;n[\\.W-#\/$vW\"\r6\Gr(eK-E\Dz*\n\\il\1\p\\\\rQ@M2\\C `&VWW{\rvxd>\HO\\6\\'\\"\Ss*x\\3g\<ggr\\noL&\RL&\\i\\dO\r\\|g<VVVXM\G\\!P\ZWR]e/\r&I?nq?w%D*x)}@\n\\UJ>n\y\\;isS\ZT\Q\<x:c\X\Wbcc`BT\\\n8B\M	U\B@GtwpzzeQN\K<\f}O\%sssm;v\vs\L&L&\e\\M0??y8qB\n\H`\*\QHE`!&cpuWs%wVpW\\\\\(\rXf\;\<H7\QnqB\DU*\"l6x2\\rj\B[&F\j\i;\>\0$e\h4\Q\n\nE*2\\\L&\"J\\\\E*7xg?C\\\\.O\4b\G&022\V8{,N<B\\U\j5N9&PhZ\\\@\\\.\MRN\'TbDn`\HE\n\\\"S\Z\A\Z^E70\0(V	\"\'0&@ N\\0v\\}\\\F77OdaLNN>O+:\9:\\0P:\O<Mh$={066\\i\w\}1\0p\\={\\\Q.Qi\Z8\r6tNS\\#7]]\\G;mjwg\ra(*R4x\\v\\'..wBq\E\j\Z\\\\sV\n<\0|\\-<n0*K\U9[^^.!@\\o ?\"`:a_{\\SO=y.\a$	\i\\{7\\0l\FRg177+W`iiNY*^INTd\MF<Td%\}\us*\r7Ia\jP\fDh\6mtY.:\\ DT*\t:\u]\\G(\1~Kb\667{g\H]\\q,\\\MOO-Z\VFnzPNa\ec	%@\\o<\\\A\$B&<Q\0,//cvvo\\Rf`0\\'3E\RVQ.YWAW<bV^E@EF(\\iI\\h4\n\0V\X]]\\Ugl$xQCvk,i\l\6\\\|d2\6R*`\f\\\lO@\.Ru\\r*WV}R\0OM^\ q\'\"\T(y()b!\/\Koamm5\Z Lb||\C6\\\FFF\\n\x\\\U}hhK\0\+;\\U\\\\\W2eG=;>@Ev&9\"jxnQo	\\8P%\\ J8\\7+e~ +L\'(m\f@\jC\(U=\	8n\z0N&l\rE\'\nn3T(\"bm|\[\J\+}DMMMa]H\\g>X,\aocaaa\bR_(l\');\\}2/6P\@\ ;,wc#i^\v\\K*`\n\0\\\\;R\^M\Se=m%\n3 \b1>},G]jU\Y\&mT\i}\rdT*or\\t(`@C2d0!@{\r\\ho\\\\\\V$\u]$\|[-E.o+0\8U\}\\r\\@>|I\\i\U*Lbrre\\v8t\^{\5\r9\z\rB\Z\Z\S\C\\Z\WRQxLiH$\4\r2R)]-l6O\]WA\[\\_\\4Cevvv_*\?\l[*\\FS\bPO\BQI\\2\uAL\Z\reU\K\)\fKPbv\W\x<x<\B9zD\\8\`\|b]ehMiv\O\\\f\$A\\\c\+\j\\7\d\fq\w\\\\\q\Q?~B5te5JqN\(z^\H$6	`\\^V|\04\\*h8aNZ\\Zmff\m\0\\0\D7\\l?t\\%,//s\C>)Nm\HKS$G\\8i4&NCx2D\"$A\0k\lE)(E2J!N\m SKA-\\B\\\\E{\[\nY?7A\*Nx\	,,,\hpx\:R2&\'\'~\L@^r/~\cee	VuF\\deekkk<\F\n%\/jp[V-\\W\VuxjjJ.wK\.-;\X\{6333\xb\\\!\(\"%K\)\0R\\j\v<_\P(\\r\\Z\Z\Ew07\*\\\PVYH\[<\H.M\+\\,{\\^<$g\\l\r\>\\\\?i[}q$\\&\'\'q\w$\\gysss\\l)\r\\ZBR\'<K\\F7\"\ 9\0L\\D7\\\\"}d\GY,HW\\z\\\ZN4fZj5\\\\Z<\LIo\@5`=7\ull\\\j \\3Jm<0,\K \!\t\w\@\\\\0>x\_2;]\{l\*E\]v\c~\\'~Oy<x\7^JcL\D.\i~\(e(2q\0F9g\{\\\ hl\E)\\G	\0XQJ\-UCeY}\0RLQ\ \\"x(G6!\\uamm\rZK\T\'J~\\j\\\NC_g{\7EMf/>8[Qm\-\0\\\\\v=\CA\I?55\\\\\\|>?\\<i\"R\\RY7\\.\$(]V\\LM	4]W\O\U\06\D\'\\sss\'x\\b(j< fS;U{	 *D0L\\CH\lbcg\t:\P\\r(X\0\6,&n2Po@	\\\\vq8qLe!\\{nLMM\&&&`\3\\7\@R\\:\nTB1T-(8r\Z#\\0qs&\\'H%\rq);r\\\\\\\t:|H\Z\\~%;![\\0\.Pd\\\Z-\v\\X.{}U\^KY,,\0<\^\nNzS\'Q(\o?Ox\W>cbb\l\\0>>\0XXX\\o`}}\%d\\\9B!=$r<eYGML,W#\V2w[E,o}\[p\\\6~\2\f5(5`ccm d;TH`Bev\\\\\'CkjT*X/mpsR\CE2D*\8\\2\[uB!\'>>;;gyR$%Pg\\|\#\\p\\?~R	\08_JB\T*nbR\![\F\NClzeY\\`q\{.\\\\n,N*8!\\\\m\\3\l=66M\JSJ\`#-	2F\-\6mcOib\\\\J\\*\J\nO\?\<l\\\n\aEQ\\>\\^x\n*\b1@\{G$=zo\n\QX=c\K\C\"+\n,f;\\G> :|U5\'j!V;}t\\\A\c>\\\`&&&H$x(\uF(\:,\\c$#\\\5w,M\\F@/;/+#Jm\h4~\r[A\5\ZnHE<Eu\"r\\\WUllllU\\\l\{/\0j\Z9\'O\\\LaeYH$}\\e\nR;\20J=\\\,\nB\F\\\\Lu\\uk=\l\0Q;7E<y\OcaaO\G\\\(\*N-YPC&\\%\}\\\hcTTd,92	&(T\))>|A\6\0UE	;w.]j|\K_\=HD0>>\\toA\NYV\\.\\\\\H\5\\\u5\F\^\z;\1\Ztk\ym5\\\ShZ\\ZNnR7\Z\rmT\q{\\\g\jn\\Z\\\{c1\\a;\C`\"\\c\17P\Z\E#@r\\\M\|>O?4\~m\\+*|>cxxv\B&a8w\N>\\ev\"\\x9 \"(+TeJ\\\nU7| \'B\r\h\<<08)\Z\i\ZNV|n!;I[J-\T\\l6\W}\\\\\\\Z\t@P\\G\GH\2>E2Bi\\\0**P=~-=Di|E(\<~\l\H!7-\vX]\"QBWH$\\n\\e\$\D\^:\\:&qk#*FFFL&;};\F3[\"Pt\K\|au\\Z*%P\\\\*M}6\w\0EnH\fR\?\\\E+71\\G\oP\(\\\\.s3\dH$~\+8y$ptMQP\Q\<]j\\W\.{u>\u\0\.1E\CaiiAQYl\\\ld2\UR\R$\\V\Z\\UtZE\\>bB!	(}Q\\\Z\0j>\<\$=I0\ddd{\}s\\q2I5O>N\\k:y):UH$B\\P\Ek\\\ZZ//G\\RG\4I,Yt:V	\\\(\\H$\\"!iLkkk,~mJ\ZS)%\}\"\XuA(w.^O\\*\\\Z2??s\=\:PH$022D\";\\\\gqe.oRiF3\<Bz}Lw(}\*\O^L1\U\W(<77[ori\rIi\@\\\^\'.h\0\0\"\P:\u\Ze4\=+\Z\"\Z\N\"0~t:\gc@3\\\"+(KKK\/\LR\'B1\dL&qe\\x+++T*\\\0\g\';i\]\\\#\0e5\\C(3\\`\!\~EQt\+W\'N3gP\D`\6P%\k6&\\166\46YpB\w\\%%JCV2]\"\%	\HFX&=l\\\"?`\'/Ot5\'W0\\\L\\\\\*7n\@\\P(pC\"\\\\0\w8\b\5Cy9\T?\:\\'N`nnG\^UUTU\8h :mz:\XCCCHR=<\d?i)5\'T\\\\]_\+\^O`Oj[J=\"uB\\\6\\\\\^KZ(\\\M*T\q%/m\\\\0\\F|kg\id&&p\\	,--P(`cmF<i\\P\5L\u,--\n3HG\D\\"Gu\lD\\0UJ^EQ/_\_y\?\bg\\\\QU8/\\f4\HV$-7|Js(-\Gr\\OdK,!I\\\4\L\,\\\u\B\'SPDGu~\W\\\>\Z\tB\\#_z<,ti$Mrp\Z\\%AE<tu\\\\N\\]DdBZ \0\w;w#]\T^\sGD\\m\t\S\\o\`0\\=%\%>KFrml6bw\\m\\\\E\\"\r\\"Y=\\\\Mlnn\j#DZm\ri\vyY\	\t:PL>Wq\\\\3go~t\$\\cAsx\\\\FFF044\\Z\n\\\\\V&2oA$a\\#D\\=o\#L\q\\r{\L@e\*K\\n\@\,(/}	|\\*F\?\	\Zo9NfzJF|[)\T\;g=\0PA\8gJz\\\WUE\j5\\55N\75`tt###}V`iy\{\K\\GrF\	e{\\\\3R\SN\\O\\"\(-\Q\]J\\U3\\EWf\4Y\\im4\\(bg_(\;|p+_\n\Z\\<1)V)EBF6\0\Q\8z\\"\H\;%\9\\=6,$\$@\y\\Z\\(\A&+\\n\uEQz\n|R.i\Z(si\"0R,Q.y\X\\j\\'=>\!\\t\:\\O\\0<\\\K/\O>$\\8:*\0\0 \0IDATy\\\s]\\t\ZxV=g5\xL\\m$Ut>R\#C~/\\c`)\a\\\\@N+W|B!NBJV\\\(k 9YNRNnJuB|>\\"R\N~\W%p*3$n6<n*jT&\\FFFP,Q,\,\\\D+;2qA>K\+\\&\'\'\ @4\'9S//s\\\\\0<Xo^o\a5,]%Ii<!\YIc1uIwHM\\\|\0/Bk_\Zj\Zl\\rR||\*\"R\\lRM|:\@SB\r@iM\\"\\0\\\\^\\q*|8\w/R\n#L\`xx\0\\t\\r3\**\F\-t> NG3\q~k\0O/RBV\\f\\DFi<\lr\0\0>N1HSIv`H\DF$r\rg\\'Zg\\,U03g\<Z,d%\6ETvw\\!E$t%\ Q\\\\nRNh\0\\/\\7U\F\1D\jq\@\#HdiX;\\{2\2\U\\\^\\[ZZ\_\2**|\n\b7],j&\\"+)hc\jNg7EQ\\\rsR;J\\_\\_9~\\l||Lx\\\f\dd\"\0\$2\"U\Z9d^v+K+\\@\\\"-Vz\z\6@9y\}\nO6J@\0J\rgX\?^PU	Y4(=\\s#t*=zG`A41add]]L}l5 \\r$eem&}lMA\AE\0(g\\\f8M\	JCFGG\xn.]\IV\R\\f?\0\\*>\OC\u&-8$a_P\"F6\\n	7\*7W\"W\\"}\4j\*\*P!s\|>\\\rg\0*\H$\\\E$2\'mi,\\'~\HrV\4RL\\\n\_\\\\\k\l>\\t8\Z\`Js`\EvK\uPD\"\@Q\\o\5yI}\\\r_pauNp<\\#\-q	x\"HLYPE9\\\oSG(\0\0kOU\Gdg\"V\Z3I\WM\F8\qs\'#Q\/-+D&\@\=_*\0eqq\b4CH30^\0bA7\g\t:\\2BWb\;B7\h(6P -\\\j8-QH$6_Y\rE\}\n !p&0\u\3/\\D2d`6/\;v_c\;\9*\Mm\\r\\?S6\p\\r#C&\\k5t\r\#\n\n,\\\[6:zO\:hZv*>\x#\r7x?\|r\q\\A\,\+E\6\\k\"[\+W0Bi\)\ZRZD\'|RaW29A:g\H,}J P17\RR\^0NQI\\\*99\Le=\j\\d\'X\.]z\gvLQ\n\.*T46\Pd]l:MN\ean\_4\2\\q\\\n\80MVo\\[H\\.W\W\ +\\I\BFfAR\n^\\r50r|9\Z~\\r&t:\=\\\$b E$/_#\"N>H\.t\\J\M!\\PF`\\\0`r@K?J\ElG\0\|>=,#r&y$m\\\\\\Dd[D\4!@\\\+|~kFSeYlx\Q*Xo!g\HP|\nB\0E^E\\\kB\`e\?(\n{5M{\mFEEl,\@4?z\FT\0\g\rG,9\.\.\"0\BT.%\*P*\KP\uMuo\ZYE&\\.4M@ px&\0\u\bHvV\b\\0\r\\\\0\\\\\*&zW(B\%P#U2\ws)~\lp\\I:sJ\\0333v\Fw\h8o}94\n\0\\\b\s\\\\x\\"&@ }(b>#-D4\"P!w}MsnWuE2@9\n\\"\y\r\"I*\. \\=\\\>-R\0\\7QCZs1\(c\0jb4eYGp5!\\\m;\,@ \U\5o\y\\=xCjN\\\r|!i\2)^IB.\; p\"A\\#BnRt\\\x\\\\\m(:}N \"\\	\oNE\\r}\h)9S\ZD>*q:#A\F\`QC|LR~?D\\l\z(\}\\G\,..\\\K<>\(~Nz\yy{{!\*(\7|J\u\H\\'KD\'R\0\z:\^Zs{G\'\"	(;*\nVVV\15J/#\\Z^\D\\^][[cG\S\D	[\\\G\/\qW/7\4G <SnN`\E&\1(]!Wt:-b\K8v\VWW\s\W\F\`\'E\nhF7=\\$}\b\MJ-A\-\:>\%~d\'U,e\>[\\cP\\E+7\z\7\nt:=0\\\%\((JT*VhZ<\~\'s4\Z\a\jR7D\\'\\.E\a\2j\N\MIF}B~Cr$^C{\8v\r>Oabbb\\^u\XYYA>GT\ar\\{\\Z\Z\\\Q\n$\h_?D*\\Q2LBb~\\20cntx~\r9B(7AU&Zpu\D\rN:g}\\\\f\\\h4\K/\\\\\\\2d2	6Q1d\Z\Y$\}IEQr\\>\S\\"XejD\waz>Ya\" \\D\~\L\\r+Cx\gQ\-t\~\caaBKKKh4\Z\o\>LOOchh/[X__\S\z\N`Qm\~\BX\\\\Q-;	\"?2$-<n\"\\%@.\G1770\\=~8</cuuR	\f\0011x\\\EjD\\\"\\\x36\r\A=	\!U\\'9P\m 	(\u\Qy\\-\"Heaa\\\\nEq\w\\\e\\\\\_\\\\.\\\"\\{\\\\.\*Ws\J{\0]nn=\q\\\J\R@_\ I\0VF&R*VWW_\\du\G)\\7\\\O?p8UUNS?S}e\y9rO\]\O|\\\\&	i\\B\:*H\yi~q*<2*\voY\L\ f\h\A-\\\w\yP\'\\\(\\^@4\ZE\\\\|>@p\^}U>}\Z.\\\\&TUE\"\wq\"i\*\}#-O\\n\\*	\"ReK`C\n\;PvS\\(\=\\,\\G&\=\o\\g\\\.\\FEQ022}!c}}9KbA!#\\\F\\\sP\a*e>({d\\"DF*\g\\"<(\n\4\?!\\\\0M\\}\\\8t\N:W\h  JaPUJ\\4\Zz#H\29#9mA\\9[\ni\(\eg2Snb\\3,=h)\\ss+\=?Rt\@c\E\7\r|>\,>\\cr:\_R\>44L&f\7\=<BM\'\\0G*dK\\W\|_8\0\-\\d\7H\2(\)Z~$\\\r\H r\U|\D\D$A<\0~\g~P(\W^\\666\l6\\x9]\uQ\n\\],HP\\T\,%q?M\ a\y\n^e\KuD+\\\\o~\\LCCCBw/&\'\'\GMQR)\b1~EUW\I\"U,C4\ZE4\ZE,c_#\\\U\0\\L\GE>d[n\'|7_\"Ah\'nE\;RLu\0\?!v\p8D\"	\q\|9rDX\20\(,\\@IB!DQ$	\b1	,\,]\f\}a_+sG\Z\0Jb\\rT\	]\\\\\0&m\\?c\\xazz\ZLmc~~\\wv\r\4H$044f]I*B\"@\"\P%3\\SQSH$w\N?\ 7\\\Z@\-o}[\cuu\pyL&{s\\1,,,Z\0\8\$\.\ZF_P\qtKR\Z\Z\\\8EA&.@q\C\7PQ\\&\0#?\N$0\$v\L\w8qX($\\\x\Yv\n044UUQVq4K\"	\"tK0D:\\\~\\y\r!\R#\M_\WdJ#GT$J<n\\\x\\'cttxccc?\\\QT\j\1m4MtZ\$IJ}\(\\6\7*y_\WSD\"}\6\\wMX&n\\\`&7\\{	]	4.+\\0fK(@\\\\\u^\:~\\lvG-\0{\d\\\\$N2@\G\\Lb[A_8@\v\G\c\VL-QZ$\n~W3?Nj6)\"%P \]:\\kvaM\#?i\\;>}x\^C4>]\=}n\x3\\\\x=\\\\\&\"P(\0\Z\l6Q\\B6Vy$\f,\PN\q\M\0\Z=Q)[\\T\,\]\y7;ubnYVwuu/Z\<yo\3?\{q\<\o\7nW.\\\}WF_xBK{@s\kZiqq\\<q\D;\ux	\i\Z\|M\\\nt\0DQ\	.NQ,\jTD#OC\l,SB0	B\t:{J\6y\\\@w6]P	99j\H\i\ML\i\|\fn\dg\KO_\)#?\\0<\0\\\%/XA\x\g\7\L&;\j&-FM5\b9z\DBax^:tM#T*\l\"7VK\CbB`\\t\~4:l\0Pj=@V\h\\\Z\yp=\bY#\\^?B8{,~`+[FK]9l{\0x\Hw8Je4M^p@,\b\l_\k\Y\'@^\=0pR^p?\Oi0fff:\~<Q\3\=]E(\Oee[\  ZpZ^0DXh\\L*\P\E<l=\\u\\\X4M3\0xN<\}}~t:J%<\sI|o\d\xl6\\\+\oEa\\r\\G?\\\5\BTFv=Rt\r$LT-\\Z\\=\{\QI$Q%\~\\\\\'@&\\&\ZrK\=_9\	*\|>\?4~[#&\0r`t\i=\Z8TT)C-R\:e5^~e5G%Pgs\P(P*\h4\O&\\y+=Mo\%\'9H0GKKK\B*Uh6X__G:\\.t6\\\\Q j#?\D~*~)\0\\q\\i|\\mbwwRIQV\\\j\\n9`0@ \\n(\*\\8\$0\u]8H\~h\n^\V\\4M3rH$M\\h40::\n]\QTp\Yd2\J%\\B6-\\\\mo\\})Pa?/\~AP \\r\@T\\\\0<XZRl6?E*\kz-c=8X,P(\0\;ey\\4.S\'0b	7Df_\qS5\0KYayaK\0\"q+@$x%-\s	_}Ux^Z-x<M\\16655\\.T*\zrrk\\&2\Y\\f\\Z\ZXXzcee\rJEh\\\\u\t\Zg\y5h8Vkddz+++\\\U\:\\Q2\\^ZYZ\0M\%\"=.Hc~\0NBcY\0F\2u~x\'0:F\\-zt\o\z^}!ka(d\"@(B6\\\.*\nJj\Z\0\s\\A\`,7\\$qY~\\\\r,N\A\F&\[o32\"F}z%lnnVR(Gy\0\fSL\%:\g(m\\\\\=\0={V\r,^z}OTY@@|\]6?ly<B8v\\\S\:{\\\"\\QS\r\0\@\$|ee)2P\4_.\XYY\\\t^CCCJzRr\\q\S`#xlm!*\'Van0\o.FUcd9V\4>\\S\\\4-\kmYVkaaz\/	\"mP-NBAm\rTzR]5\fd\O\liB\\\\\rZrHYV~d\(\\\sk\\>}\Z?H$\z\\M8\47pi<C;\\4uF)\"Ry;&s}{w4M\\\&VVVg(_\*\0x<N!<x\\Yd\\{o&L\\\X1|\fj\\\rXudYt]\\\@:iX[Mm\\\\\?\0hZ8\0a\I[Y?s\\\3Jro|\\t:\d2XYYAVG(T\X9i\8{\\roY\t:{SSS+\pr\HPy\\'#`0/^\\\Kr\(I!^/\7\D\"H9\0=\\d\n\j\ly;H\"\t\[hx\\'[%5p|\\D\"(\8w\\XXXP\\H?Qn`\0(\h\h4\Z*B}6\\e\(\'F:\vg\K}\(\iJ\vdd\^799!?}|\n\n[[[(\\}xZ~\\0\\JNS2>?\~**\'x<TU\_.Q\7/Y\ZHG{V[%\\\2z}>(\\0\0 \0IDAT\\\\\0#NJ^@ <6I6\=;G\\\MdnY\?\\\0h/r_\\\F5\?a!\^<\x\\\\9\\0#C) }6x}8\E:z`\fi\ZF\{\;\Z\\i{N\r\D\A\@\P\ EP\'p\w\\z/i\\(\x<\j\j\vV\\\U\\C,\Q{%Z7go~}@\xTu,T*$	\\\*99\AQ\-p\\\\\KKKD\"(r\&AQ%0ZahO\]>HL\5\\Y\\\0\~+QYR\n,\D\"\O|Bl4\ZB\4\nT;7>\4M4\Z\rT*\\\P(Z\UU\:\\e\tU(\\j#*v\\\q\\U*}|JcT*!\bkk\jU5\=zGgDe\Z\ZR\{hhH}z\\MB!\\vX\\\\/?\\+i\Z^z=k\a*=U>y^o\zr)\3Q\'`||\\\E3Cm&.\Z@VK^\\C\QFX\\\01:!IN\\g>u\0B\4\rjU\	CCC\G>X,\b19rH$\z:\"\|{i%L&U%X,\"N#\a}}\b\r\=y=e}\\*\\\$&\'\'\yi=Lua3\o\\\\?eOc0\\r1::\HZEP\\\bZ\"=*\\m{RR5\EX\0\\F~\\\h+S\e\\\?`\122@ \r*NZ3-E^pn@\"5O0n\<xH}W\k`~\_V\\<\~?\.677\XN\\.\\\\\i\V,LOO#)eS3\b\nD ,DD\}\{Q*\d\r\j5%\Z\\\V\\vU\Z\\vq\w\{\\\(,^xKkvL?k\2RNq\w\\=jiBZ\rD\jKKK\	{/3FJ\h\\ct%\Cg9s\l8K4\Z\\YF.]C.\H`\\\TB\\0\n333_|Q\\\\?s\2Qo6\h5\lH4@Bv/xz]\\n\)!/,^\(^Z\0*B\\\\\Zp\I\\uu*ss\\.R%FU...\"H #\\slrR4%KLE\B?44H$\i(\j\Z&~?*Oaxx\'8-eYx)\'\\2-(*m\H]\0\gq\I#Jaddcmm\r\t\Z\Anx\E\\j\gO\du\=B.)K\0Y[[SQ)L/4jDi\F\>	>2,V}oJ\t$/\Z\O>\'\nIDxJ\\\8\C}]o\u\\|\7kDn\l6z:\}>_\Q,\	f.f#[V6N\\8SG\"+C\\au{sgk[.iP*\zZ\0E\\%\C\\Z\\\vi+#[aN*N}\0=C\x$\-^\l+ia\\\\\5P\zn0;\p\*UAy{\eZ\"i)L8)qn6JI!u]LLL|s%\'\5*[o&\\\"\t>{%\&hpz#fLZ*J_\C>bBW|VT$).\\\(>b\\5g\V\A=nFJb\\]lmma{{[&=U%7\.K4*\g7I$A\\\\\t[x\\\\O\JY\U\'	;+7\r,;AF\nMRx<LNE)k7778t\\$\V\\\[U$Ke5gsO~?\Z^\&;y\\v?nN\dr+\0|\Wi@ \0=)\i}}JOB7\n*	Hi8^,\\:9Y\^r\n\p\=(A\0\\t`xpF.\\\\\\FZ\\\v&\+#iA\t$p\\'%i%QT\\\A\MI\0V}$<l18!m?R\h\<&,=2U)\\'	,2};Sq!?kkk8t\:5\\sv\Kf1<)2Bhuz?\Z\\\\\\oQ YJ\r\_\_c0\\t:\tT*\nD,+R\l\a1O\/d-\\V\\g/lBh68}4\\2>bdtfWFzPB=Q.UweYh}:\##\k\(\\c AC#Y!\rx|]R\\r\\J\w:tm` \*:#YF\%Ae\4\aPP+/`\\#0\a\N^\\n\\"Z-\eB\\\7{WU\BA.\d\/Ek\O\\u%gD\k?kG\\\\n\*>\\c0]\B\\x\\'\\\"*}EZS\0\\Z\^/b%!mF	\c,|\rr&\0e\\R\_\jxQ\\\T\\J)fK]GT\[nT)z%\\0a@ H&\\\\W!\\CQ\WV\\jc\l6V,K\b\\"0L\\S\{K\\\r9\y\vQ\b>=l$\'!\R\\r\PF4e\\5V\\\F~gW)<;`88n\\\\\b\ndu\KCL\-\\b\n\\vDP\Tt\"+\/\$diDpy\\!xw]\1g]Y\\\\\\u}C27\)\\\ccc\nHIg8)\)\\\	L~_<ZT*m4.@ \\0y\;J\\4\\m4\Z\ra%\\\\<\G\Ti-<u]tm\\9k\|>^	PR\\LC~?\\\(^\\B,CP\>\'O\\{\QUn`\wOy\A\\\Lw\~\@\?N2z[\\4MDa0H\\T\'z^`H\Uz\\h^R ){\jU\4\,?44j@ \2/}\"\0\\JI\$\+J>}	\ry\pnPF\0e4\K\\hXq\"x=\\a\\\\\p\B**.^|>\!J%\\p\2\\'J+\XL.UU\\9_XIl6\\\Bb$\$Y-,-\#\(Vv~K`+y#\:\0=\\\nD\"L&\"\\K]\2Z\m\\`\B\*EdJ\\8bZ\LtQ1x=Nrj!\}>_9u,\\\v\fw!\X\n\M\:dv9yy\\0\vvv!y\\\vT\r\\DF.@ F\l(2\Z,KOb<qMV,N\\i\l6?M\n\Zn\\f\i\\0\qAM\>|L`\rYd\%\R\FU/7H\*\'T!Qh3v\u5x/^X\\M|\"	\v;;;\\/\g`.5)Y% hO\)\'\'gb\\>wnzFW\\|_Xt$IixS	#u\"_\4.9E\\ft\+\\n|\Zi0\tQ(\|@eVEF\\\\}\'+Em\W*g\JU(\F\W%a\l\\.\\.\(knnnIJgii\\?\!O^ntF-d2h\\tNf\Gl\t\\[z\(\\M\TW\FGo)^,\\si\\\8\\\-j`67JbVz]\\\1b\n6Yc\\J\@\\8SE)/x\'\nOg\j^\}6]*T,Y1 \@nT\'xollA\\|>\M\r}k\=\SJ\\\5t\]x=>W*lll	\rO@\j\\`\aOnn\`$\hVq2\\\\TY\\\0h|28=u\Z\7c-9wnv k\"NW\\9\9\7A\\\V\fj\"\\\\m `ttW	X Ij6\Z\rj\b1\3\B}2\l6\\Q\|.zb$\\\\r\\|\3j#\fX\\Q,ed9B\'Ex\Jn%m9:\\\eh\\"I0R\V\R\\=NJy\%$\rK$\\l]x\$E u9\\\\\Ww\\\0b\bl\* 4M]S\\\"\hE=\\\`\Z\\\b}}B<\#tiVTyTKmX\bp4\y#\&\.\\\\0\S\W3=\\Yf#l,y%mFI\\M4h<\\'{Q]\ZLAdS\\>NI\0+ldjCP!N+U]\1\s\6*\\\\#v\ZB\-\\\Z~\r+eA\\&p@\T[\V\\rI\mmmakkccc\np\"\0j\\V	\7\|S2\LW,Gi<&\LG\9A\0$\qK\Lk\Fwr0r>Dq)D\)5)s\8M$\PG\\-Jm\5d\>\\DU\$FL\H\r\\l\\\Z4\\d6T/\\>N\pdf\Z\\rt\.VLJ\D @\FYP]\rYE+tk\h5h\Zi)QW$ATR9r\hz]U\\\OMM=$\Upy\\\W\0V{\^h|>\0%a\r\!(n\\\o\\H\nFV\\1\	}\tO%\O4X\Z0\\\\W\0\JoUn(\dK4G!#RBDxO\hp\Z~?{Q*\z\jD\p|^]_\Z:64{\>yj}\\\x\W\\p8q\l\67c\e\n\O\T:,S!P(\\\.\r\rV!^#\Z~=t*]\f{6V\\\\U`0|>;\PRIm$\L\mI\7\\,\Z\hXDKvR\M\\\\.-\,d\'6\gP@*\3b\Uu:LOOceeE9\4W\"(\'\rd*H\w$\fd2\\\B(\\*K,e1*\j>3!|4\ZU\Z*Rk\Z111\l6?_WFZ6(kC\\yL;\\Ra\<\/\\S\r.rFP-\\\'FD7\n\X	9i+[\\ \"Igi@@&lA,.H@ ]\.^\V\\<\^uaT*0MHo<S%\ \l\' 7#>\-\r0\JT	\"\jU0\\0JR_==H	eYhu\J\f\o`dd\jU\D\\\\0\\Sv\NLv|>E\\}\C P \k\r	8\\y;u&R\\.r\\F\eIs(\l\58\NP\\s\\\-Z\(\C\HI\3Y\\vO`\\B\r\$\(\W\"\X&%E?\\E#\[\>e\w\0FFFP.\\\\4TT:\nB!\\'p8<(/ozb9@<3N`jj\\B]kifU`?{`ssfG6\\'U\r+0<	(x\hTNE\"=\'\0`\W\{Y\vVk\|G-\\\\\T\^\J\0\0\\\H\\rT4V\V\3Xi=$\S\\\(~f)AE:Hs\:Dp?\Ut;<r\/,2+A4\ZEXT)Eq\\\N9p\\\5\0\nV\\\ykO\EMn\uls\\\\\\F*Z)\8}4>OBc\D*a\0\t:\~\\\\nPv\u]N\\q5\'b\Sz\\\\'m\\Te\\\Ei-\xdY\Y\r\\\\])dYZZ\\\\\R$[\\\\/\p^Op\n\\.J\#B\"_\:\\,_\\\nR\nQ*0>>\\JR4\r8T\\rTY5\V\G\wMEe\Nmk,\b\Q VV\^{7\J0\\7&&&~\~\Ji[P|SSSJAONj=e\\x<d2/\\\-\0Jfqj.\!M.>\"Wv;*`Z\?e\)rKY=#\\\\ry\N\0=uNd2\\J\fyssSL%emMzY]2?FIp\\~_H	\)\jV3Jz\8{Sj\\aloo+\Zv\"\aL\LBN4\n/\7\*\n,\rJpT\\s\!L*~\N\1\'\\n{\K!9K4phhHM\FF\^>eocE$rA\r+y3$8I_5RC\\\\H\NMv,LNN~\V\"\s@#Jd~~\\\\~\A\`\\\\\Z\Z\#%W^v\u`QD022R~\'\`K\	]<2\;5j\\\\\\l6\F>G P\D\KJt]Ws \*OQH\\\3\`||\0~%JC\&\U+\\\\\\\\\\eE\\%+r6H\%\\\\\\\r\&bs$^O}ql\cT\(E:)731,\#\fF88@n]\n*J\\s\\A\%0Ji\0,s}\\9)\r9\L\\rhD\"\"(\V0\\Z+PX$]\0\4\r,K,Y2Z!s\R\\Q,\M\\=!\n\\\.qe\C\}]\9B\FbEs&oF(OH\T\Zp?\DZ4\mS\r\0^5\\\nRdqf\U?v\_|\\hTq5$G\U\\\$\"*q36mU5MC4\ZE\"jKTR:-Y-\t:\F*(\0\\rE\8\8J\\\P.%Ld)~+\r>X(_\rFN(\\M\[[[\<\\0:Bl6[H\u\\qd9\'>=S	Bjq3\\`@\\\\ YVNr`\"\v\\.@l\\0\\-\J\t\\)N\J\T*ucjj\nKKKD\"}\k\:Q0]*\\4K7<(\n}sdK\Q~\'Vwm@\nK\0\0 \0IDAT\\T*B8|0Q.Ui(\nNOQ\\\H$jsr\Qvtu]G\\'\n\*zI\\@PX\}\277Z\ni]1qIzd\9`h\\DjAs\rJHu9\0t{}0#\\nW\mZ\;J\\J%\F122\m\ZPVe \\Ptjj\^^P(\\a1)R\\`hh[ Q(\\2\lb)F8V\r:^x\\k*\n\ve\Wgs)\\\\E\0HP\K;2\|LLL|\Ny\\r\uvQ\\\q[=Dwz\x\3b\\\\jX\THz\\r)\\\(>:\c\B\Y(0tdd*\t:\\\\3\U\n\9#e\\\\b\;*\\\\{$l\E\\%\'\\,o.uW*\x\U\\t\[\\\\UX<\\\v\<\I=S\\d2q;\i4\z8N,D\]V\e\7\0Z6mk\\\\2\/\yOx_0\U\0VW<W\\\4r\\\\\J\\090\|\NMM\\/P122:t\pX\\twZ\r;;;\\fFt|>U\\)\\N<.!\`\\n\?y\\<ePl@i|\\\\n*oll`gggP=JMX\jktl`\X\d\"d$\mP)T\O\:cjjJ\\\z\_hdd7\E5\\ cll###)qii	BAYI\Tv\\pV\\h6122\\M$	%\v\}fZ-JK\\6\\]$Q\'$\zo@Y7G(\\\_T/CCC\_SG\|Uv\^w^\q5OR4P0M\d\\Jz_cK\=\0<X]]\c,\ FGGP\jf\8*:<N8$\\cT\\sdZ~Qp\\o9 \e9r+++zC>WUZ\7W;\Y__\\\\\\T/+@\\X%whSSS\\~\'7M\'xkr\J\\\\"B,mF>\C\b\li\\\0\\\\\\\u\p\\\:~{{6:\&\0iM\0\Zi\\/X\ZO\?8e\-`M\f\cxb&~e[j\N\\P,\0\L&\_\F\\\\\nl)g02<\\X\t\\.\0\\\kZKBa\\\Lq\q\t\O\Y C\]\q8u\ &\N\r	\\@\\\\\\\\	6\Hu\\\9\\\\}>;BiZ`W\\Q<\r4a\\\\\-\Z-\\\\2-;d\\YYA\\'?IP\x.[N&m`\/-/\\\r\<piG\r,T]Tm[so\X8}\Y\t7\"gPi\K/*<e!`D\&\\\\-?7\;\?\cd7\P3\\\\+\\QR)looj(\0Y\x\\>\u\b\G*B\\V\"X\+o_q3\0_~%N#>\\t\0\RD\\\.,MC>@\\\hggz]1\\\\J8\a(\\CfO\:\}c^x<!\0\6\rp\"md4Mv\dn\Ua$,..>*G2\u#\\q\\1e<*]-!h\`\5\\\}R\J\UA\0\z>|Ba JA\4\\\(\\.+2XL&s\\\\?*Y_N0w%1\f@\\LMM}%\N0<nv}\IN@!7\rF,N\Z(oZ\^	\\\8q\t\\Y:oZ\\Y.\6\`rq\w*>;#MRoIv,_)\diZ\s\>\--DGFF0>>\\.\ZKjrt0\\4\\\4\r\lgC\n?N.C2\su\\\6\\L&Ou[!i(\{a\nh\G9\!\_~xJ%T*ELv:\\\\O|\dJ\&T\\\\0\Xi\\~\7\\\\+|>>x<\u]\=\eY{\Z\\eM&\\4:$li\:>\.E\"z\j5\n\\\\H$R~\kJJ&\L&T*u\hL*[\d2_\nB3\r\eeYB=\}\}\n<g\02MS]l:\\aciT*X[[Z\\8\\\0]\r,\kU\'[C6E\Vp0>]\6NM\A\\0,- SVUK\n+X__WbI)\0\VNQ`)R\\m={V,e\ iL\:\Z*\t:\n)4;+Jl\\'ba\\jattH$Y<^/<vM(\U{\\0Z\r/\#\Ep7pIi|\+W^y\v\^!e~\\\d]*\Pq,7Kr=\\\\,\\\6\Z\)>wvv\\'q\4\rX\\\\\\\\\\ZkO\A|o	P\"\r\NMM}u}}A\0[wwwLk3\natt`\\\\6As\n]V\\1C|\zQP\'\dkk\;\\\r+\dt@eI\WZx\P*\n!)R\0Bf3\r+cYoF@yLH$\59b\j\Z:\1VE\PLf\h\[u\"7+#T\hl6[!\Z:\\2J,\n\\\Q\+>+\n\$\:\\\\8J6o1J\<B0\\\\|Mlmm\4=\d2JNLVZ\=\FBA\D1\c.\\\v\%yJ^Tbx\\S3\"\nZ<oQ\R{Oq,\f\4r\=\\=\-..axx\\q\\)H(~d&AV\0\0s\n.^\g:(b\#\\r\j\Ue\N\\L\\\\|>\\t:H$*\'\\(\nj\;[\)V8v\\\\\nJP@P\?}\C\\>v&\vf)i4-_\\t,B\|7\"\l	\r\\\?_\\j\r\\9XL`\\\\\l\9#\\\o\\\\Yd2eJU62\r\bzX__\\\*L0!g\\w\l6JF]EqK.7\3.-\\K`~UUe\.U\q\w NcwwW\:9T*iPA\bQ\,SF\\h4b\{L\Kw!{S\I\\YIP.\\l0\kSN\;\VWWauMDl24FxT\\q\7\'4\\ATz;\#J!\\r\r#\*|\\\P\\rl\BXX,6Pm;\grYBJ,\i	\\	\0W-zcR\'\'\'1;;\Z\b\\0@ \"^z,S~L8\n+\\\-\elll\\\\\\"?s\\\\x!LN\l4-\rHw&y~\\jL/\^]+]\\1\\QD\"\\\j|sF&\_z\\yVrF4FY\\\Z\&\n\\z7FRIQ\dXLz\n8A\l%\\\\.eY\ufN\b>|X\eY%RY)\\J MKb\\\U\xB!B=2x{{[iZ666\o\\\N\\x<\\\\r.Ni\HP\C6{b\:T*\d2\\eTUh\\\\\\FwTB\l\7\LfMM-\O/e),..(YNdG|>\0e*\\\)L\z\fYUNn2\&\Rn.f2h.[,+Bn?/\TS\z]]y2uVS<\\\X,\'B\n\\\&\ZVWW166\'|P~\\\\PTAD\46\\\{<\\x\\\eYW\3OB\0\\t\B\	\o\n?\U\)4&C\G\^\\\\evv\\HD}\n\H\\L\sRQ$8S&<\u[*\:&\'\'UQ\~jPV\!\D:\N&3\\n@W.lllVaffFy\j>.r\ar\0l6C\\vww\mw`uM4julon^a=Fs~\ZA\\8{,t]\\:1\\\n\\4KKK7M]=>\cr\"&\y\	?j|^/Uo\\eq,\}U\09\?\$r\B^_JpFap8\b2Ux\|\n\n7Ne\\\f*\8LKK*CPT*8s\&\'\'L&\\:|\s\X\\"c $sYr=Zxd\ZAF\@{\R\`.\em\\L&\7)\6M/^\R\4\rRI\'i_|C\J\\F]U*AW\n#J)^\]F~\\\\p8U,U\vH$\t:\\\\e\\ q_`|B;995\0\5\\Znx\2j\ZV\\\8r\q#dmPP.C}\\Z\\\Pn`\xLHGwIWyi\6\B);~!d\\\c/2[\;\\\\2677\\UFA-:m\VG\CZA\k0A:%\V9s\Agg\\w-qK\n=iM\D,\b+1>>rTt\\\\\cuugm\9sE\V\0p\\-\0\n\z\9\\OLL\\YoCT*awwW\X\nR\VU\\\x`\\N:=z\{\i2 R\!IPreon]\ax\\\/^D&\e\n\\Z*2c\n\E\zkF\\I\l\\\r,DgW\m\"\\\nZqm1\j+|Hr{S\"]^^H$//\\DL&9d2_x\\{\\deG+\0i\\Y~>J\t\ZJ\LCK)T4\ZEXD,\\q\-P\\U={/Rfgg111t3\-r:\3Jqd^B\\Jb\qMVn\\\3%\sH\r\~\\wcrP`!xR\z\x\Z\\]hs\R$\I\\\\"(OgH\Lz?VuKD*:F)(\\\s\S\K\|^U{\n677Q(D0sd\Z\n4\Z\y\JI\1\ky\U\\\\\\0q\"O\[\\\"9.Y-WT\P\NX\\"X\\`t\\Fo,oAn\\\\DV&R.%\\\\r-]w5*Y\3,h:h4T\\"\)\dD0==cattT-4$Op8@$990TVa(yZU\8*\vG\	D\\34M\8M%)\j}]\\-5T\\\qF*8@\v\@&Z\Zt:<<\\M\TF\\\"dUP\u61*b\C	n555\t:p8$8) \\j\\\\38w\VWW1::	\H$z\\\\\r\j*\jNVSN2`!u4<u\\99tI~oqrU_%\e@r\\'#&#=<\G&_	h8Sw+r\'LMMa~~^\MJ0a=S\L:x(\\ SS\\\\O\[T	<;55\'&\'\'\u=A\^(<>=\:EF/)\\\\\\\%\\qcff\\g8\$_ai7(9i\\\ \7\N\\\\'3\jaggT\j553Nd<\\H3\\9}\\\\%.=g\lg\*\jjN4\c#\+#R25nue\\0c\\0\\\t:\y\r\\y\j5\ep3X\Zg\r9\Jy;99\\\(L\\J\<Gs[q0\Q2\\ah,r10\')\.\\\R\@\:r<p}\Eg&4h\"t[@&Q&Zr+\wf\\"Sh<xAr7Hw([\]\'h\d2L\\"\o\$I)\I6\Z\r!*X\ta*J\\9\ZO>\\\9\X~H`\\++ss\kl\	`P-@\\2\\q\\\r9\~\\2JTe \\h4I\p6\S$#\'\k.cJ?\f\}xA\j5\\/:X,\\$r\0\Z\Z\\\\9\\y:ORnH]*\\GFr\Z\\i\Q\\`q6UqNy\\]\\\W>$NKhZL\0\NLL|&N_H\N\'(NpaZ$/\pK{R\\'\&$,\\$\I\|=\	\d\\H`<`hCbL\dTCdc\r,7>Z\I\\\@.e\eZ\\l1yGDSB&zsW\\\\\eQ\'H[y\\\%7r\\i0\\x<7nzqd\ZS5L{LQ	,2,>Ho\rDWf$q	.L\Z-U3daAjY\\Zp\;5R8j\T\\{JZ\'\"Dx^|\!\H)Yvs0Q\~r\0\\D~-+P$O0uJ^Fl\VNT]8N~_q|~J9(\2%\N\?M\\"3kW~k~~\\\\\2\\|fF)r$`3n93u?H\]t\M\B$Lm$\\(4\x\\Q,\1s\n\0rN\Z\rWW\Zt\\\\\ED\"=tNLpr{\He\0+D\r.e\B4gxH-I.\\y3\In\\tLk\"GLU\\@\0 ?u2NN\*A\o?\Z\%!VF\nO\\Zv\Y\\\n9=\\MA\E.eT\"\R4)&\H\)g\4m)rCi\\d$!C>%\JT \\(p\0\0y=P.U\o\\G.	0\tZ\y\<[1x]l\\k`7	z#M\\.T0<.CDg.\2Jb\'}\\\0\0 \0IDAT8\*E+\"1J$HB9C\n59.$Yf7C\V\\6Vg\r%_dz0\rvO\{-A7\\m8j9\3	{@_z\\)\ml\3$j%\_\I\n>OG\Z\?\\\*)[ o.e7Z(NNEeW4\!jzhN*h\\"\\\\cA\`75`N{\6x\+My\\?\U\\"\1,^z\\SSS\0\\\0\\q\4;\\Z5T7@t8v*oCzpe\+e\0)9]\\l-7S&\\.(\\y\\F\\0M&\\8nT@\zT\%\hv?\0\w$P(9M\> 1@`\\8(\59P\0b\SzB<77H\\N1!\\#7\\+))Ke\$,^n[\2\Z\r\Z\\\\\\_Z#E\"jqvC\\\\0\\|G}>i3\'!+\Xp\0\39j\\\\l6\\!\'7R%E	\fi\Z\D\"x<T\\\y\ZP^m\\W_\55\0r`c9L	0\'\\0\fgg$A\\\D\"1S(\\;j!3{ov\s$>\Y\0N$\ HT\J)~Ox\\7Q{M\\\zaa\\\8}zI0\j}\6j~\pX\Z8v\\eIF\\:U%\\\V8\\9Hx\c:\8\\sT;\\\I\S\{gD29V$?=n\ B_p?\OT*X,\\4\"Rv:\elmmagg\\\}]/\o\sW\G^i\"\{\C=\{R	`6\\i\2\st_d:\u#]\O@wrg\\1\\ukx\os\\nW_ZZO>gyj\\\$\\\166\e\j\H$\\Ie\Ht:\\Z\#\\\GUii\Z\,\0(\\\\'\!9\r\nrAy[H\I6y\\2\r)!eg2gY2\J\\r\">??|\v\I\\\cyy[[[\\\,\"|>j`\#9Nt\\*\e\#.\#\W%\\\Z&Mo6Z%\'\V\v1\	\t:N}	\'N\3XXX@ `bbB<F\'\K\5l\8r\&&&\\m\|\\\s\={\\x\g\o HV)u-\"\\\E\r*7\+]PXH\p)og\3bfY\Kx\\q\\\+(J\]w\-\\\P\`\\(\\cccD\"(XZZ\\\.N<\}i8q\^{\5;vF&A*n\V(R\)A\\-M\\"TvKa\*1i\Z\n\N{G}iO>\\E\133\0\hY]o\I;\\zj\\\677b{\l6y,LNN\"\!L\]m#96p{\\\-]n \\f\;K_\\"\\>@y\\.\\\\:VVV\\U%\rNW)=\x\\w\a&VVV\'NT\nw\}7\.~#Va}}\t\\3O\r\?\n]\&p\4\r<<=\\Ii^~elmm\\^\\\\n\"l6V\\&tB>\w`tt\v[[[x\\\\E\\.\x\\\E\\j\\1\r*.\r\\!H\\H3g0??\}}?\\vqi\i4\Z\r=zJE9\y5g\`0p8H$H$x<x<=\x<@ q=N\bx<HRh4\ZX__\c=W_}U)\"\8}J\\0rJ\@m\\\d7\y+WB^\'\eY\*&+++x\G\\.\=\0\\m5{6\a\&(a,\\\\R3\G~\Q~LLL\\0~\ZDB#SSSx\ga&\\\H$\z`v!_At:\\\XSGqy*G:Q+\_;\r8=2|	.@_\0\>,p8\\a\nU::G8VQI4\Z\D\(b:E>\(144!\"H  \\\8w\^y\R\Nx=\z\I.VV*`]\"O\\jrqe\[	t?Sq!.\i\\j8t\\\.{O=N>u\e\\RF]~8\"g4\ZU{~8YF\nH$0<<h4\\it:\\\^\g\g\{p\\!|>\n:u\n|\j\j@X5~{\W\')71\r\\\	\N\l\"\\\g\\\\\r\\\\8B\\\^\\+{\j\\\}Nj\5\VIW\\i,,,`uu/J;\7Zt:\/\GEVnr?k\;b\\\\\nUn4\=\'0~\XYYQD:u\n(\nh\8|0[8[6L_u~cvv\d\\N\r\>?3\o)i\"e9~x8\&Qsu\rK\\-A\'\P A}h`9M\]+{\ki%P(Q!9\L\\!)i%\F~\0!J\\&&&\/~Q%}s\zyw\\h4\Z*\u]lmmH\nf*\f\pQ3\\9a\Z\\\_]\\pl\0_\\\\\1==\r\0\8*d\<; \T\C\\\XWF\/_bZO>D-\\_R	Z\r.JP,z\\' h;6k	c\"N=\S\\\P.\\J\\qs\5\0wX\\..<Gj(<D\"|>\n(az\nd.|\hT#|\0T{\0\0LTJ\t:|\h4\Zh6hZ*\\AE\x=eXF\^O\W\zL\!P(\x\\\x\vvv\h4011R\9\4MF2999\0(ai\]\P( \Z*wzz\Z\>,r\A\\\&\0 #\(v\.\\q^t\\\\\Sp\EP*P\fa\#(\\\D\B\"P\\yr}&&&TB#7\d\dx|$V>\\J3|\tZZ\\\PH\QmND\DZE^q;\px\\\iP\6&l ,H\Q!h7\2N\Y9~!*\G\mi\HY\n\S\\.s\qR\277R\'\'\'1==VJbccCMd\'?\0h\x\b,t\~giP\vd-e\Z\\#{vXaX]]U\\\\0\\T#g\(QH$*\{\ZY\a8\cUfff\\\G\\F\\F^`\\\RZha\ZT=\\?t\'\(\>c\Tj\Ul\FK\\FNQ(`\ZuT*e\0\jJS!Sq]wl5m\'C\br\qECHR	>\yH$\H-\Z\"\r\0I<2$	\\|e\n\lbooJEb};\Sl\V\\qGpQ5h;M\lh\&\\"mJEUw:X\\]%\%\Yq,-A@=mf0\lX\0\8rm8[\e:\q5<\AEwqF1\'\\\e\RzZzJl\z<\ \b1D\"\\\-#[qG\r}j	\7cO]\uCk4h;Ez\\@9\6H\\eYJ[\t:\\jW\4A\n<\`6\}Pwy\z\8*L\	d_B\r=`\k	\ZT)#	29\I2\\m#9\A^G\\\n\+XHD\l6\DC9WVaY\(\\)\X\$\r*w\xf0\Za\\?Pt.\\<>T\D.`\Nc\\\b@>j\ZjZT,`\t{\\\\`I}V6\H\'S\D,v\r\Q\^_q%S4\ZjP\66`X2Q\\\O{!\Z\8\V\.\&\\6<\S\\\B,\$8\\\\QO^?9FU\\\4S\6\~\Z\Z\4z\0@9j\Q!\qZ\)?l@K\\m55\IP!J;s\^\}6(Sy}\\\Z\ymWq~u\\CeFsn\B\2r\\\jFd%k|,+\M8a\n\q\0@\&\6\@+\l[~\h/ZlHzQi n\\"c(\\tf*\\gQ\vpc\\l\y\Q\\\\Sh~p(_Z[v\\K\\qH\FA7$\\LE1f\n+Ls\M\L\ JgN6\\\K\\/\n+E2L\1\\\|\v\&ML\cu2\SF\\\ 5hf7\S\\=`,#@aG\\bw\M\0333*\\\01\l\tz@\r\\kpc\\\C\n+-V!S?!#\1l\\q@_6\ZA0\Z;LscX\\iLOOR	[\mnNawQ\(=Em\\FDj)ArmrGg/W\4\?\\\\"x|`.p*R\H\bG1IxTtn~\.]\quN\ cvvLFEX\,\',:*d-Gc\\\"5}\AE[\\Z\@7H\\\i\"\\"J;<ki=F(\n\zI^W3\t\Z\\\dX\P\(;?o\0M\YAAVVE\\ZT\r>oY\n{\0F1;;\\PW!\&<O%}\)\\E\.\\\\.\,\D\ny\\M;U+d\\\P\l4\ZE\A\Tm#%+\\B?\FQhyTeTD\2W#H nTJ\\Zqy6E$A\R\\'B6\p+N97A\\\^yS--lmm\r7m\h\n+H\l[ag\m\\0\o\E$h)\2mFzJ:`%\\YE\fD\"\4Q\TJ\T\\c@\"s:8YY^WMV\Q\U\}\9,K9\yhP\6l\'3Le\`e.${JQ|BvK9s1\\\"LbiiIu9}_uJk4\Z\n@\N>\f<J\\\\\R\:jj-Ak9G2|\\HJ`\\M\q@E<\\6\\0\5\'\\\n]\4Wd\\,W\\APP\\\4\P`\]	=\"\\{!\S[\T\'7Y\X\\\ZT\E0(J@|\X[[\j\6&qOY=KKK}T\n\\7DT\2\EFv\\h;\N\%\6\7\wT\7!\ \2M34[Xo7fL\\'\\<\\eOV6\&\5\Tvpg-\UQk\\*C\v[\\pe@\i\\Z<Max<\h=\CQiV\nhEa*A\u.ia\\Ou\\Z?Qwnfx<3ba7Qo6\\\XHM\=h\&\\p \F\\\\vi{\v\r\:\T\0+\,\\u4M=\\\'X,\NY\\\\\\\"Sl.511o|\X]]\,\R{\R\0\^$\jm\3\JW	\0\o~\\qLLLb\\"L4bL>?	s\LE3\0a\.\0\\Rh 2L\z=looc{{[\\\\\\$b\0<\;4-\7p\MS\\d?\qP\T0]q\"N\n&yP\u\\~zd2^\\9j$\\aG\9{}\~KQ\0\\\EZ+R$XY\ (rrI\Z-kM(J\\\IF\\.WKKKq\r\\@\R\\fsq\\t:\\GT\;B\a_5F\}\\\#FiNZ\ZT0DL,\0m\0;w\8\@?F?\n\J:\3-yR\*	YJ,\\}m{\0:lM\b-5aU\2\'nm\\\\V\.\\\\-i4\9D.&q, \R\r^.\r*\ZP\"}\\\\Jr4cS+1M\v{wg7\\\t}\5\rY5p\H\\_P\\#60\$!N#\\\_`&\\\s\v\\\UnCR\\\oo+K\\\ft\b1r\bP8q1\ZpT\B\\\	\kZ\o\W\8\QY\\Z\\<\\r@J\r\\w\\\\*\n^ka~~=\0}`aT-u\_XX@\\F$\\$\*_N\\uu\dS	QVJaH|^.\*3#K	\\HR*K%N#Jt:=\0*\ZT\\`v\\\\W_\@\>\|#\yO\\M\>\\\mlmm\\GP[o~:\\\\*cfh4v\\Yz=\\r\`uuU<`\O\\\\#\\2\\\n\y\wp\\-~t{.\cbb_G:F\TU\GQ&r\<\I\f\\h4\\0\}\'aQ\]\0\",%\?{.<x\HX\\0T\nA$!\4g`\]@\'EY~FpTg\"\\b\\\_\W\}\\\5\w\$^W.\l6\\\\\>\\*\:\(2*A\"\._L&r<2ql\)<J\_^^{\5\ZT**O\+\\k_i\"02C8\`jj\n\\\\E6\\\&&&b;~\T.hZ__oV*\e\\*j\@\}	 \hTEd\X,L&\\z\\Z~!g\S\0~)\\\y\\\\\rU\0\0.tA\\\Znnn\\\H&q\pW^\(\\\j,lzz\Zx\n\jUN(\nS.\Q\\\\0>\\o\r{]7n\\!d<|R)\xf*\{}PI5lmmqmD5\\{R\c2Y}L&\\.:	K	wm\MM\x<\\i\r9%\\\%Y8O?,\T\#\0\0JIDAT9\\\\\\\&666\rH$JJi\g\?\\E\\\b,\JX_\\UX,m8J=/\h4`Y^|E,..*\YT\jT\D<G*B.C6\4\,ra`xT\L\X\0PL\\5;\"\n\}p\'\SSSR\7#\r\0\b1*\-\\D\\\]>\\#uCBE>GTR\	333*\DT3m\cj\Cum^x\E\\p\]UWER\\\_z\%,..bss\v{!\T\n\q|}\t>|@t1(2[	oD\"t:\\YU\\3A=j\"\\6B\~\\	\X]vRm\\\\\.CE\a]\.r\\\b99\n\\v\n\\\u\crrXm&\:;w\`ooRI1&$6M\D&\'\'\\\F\nPx\	(lN\d\f1999\0*a(\-\\\\H1\\\{\T\rIWYVM$D&K\fL&\\J?!`>\7j\'\\\Y(\s\\nk\fOEU\F<k\/}	gZ(~\^1\\r:tMKj\\h4\\]\F`_5>b{.biC.C.C\"P1WX\\j\6MLMM\_*\d\`\\}oLMM!\*8N\P\}\_\\@\{n\C\2\'kX\H\e.\$A7.\nwj.\n\\\f\S&\\%8Eo2\Z\8\GRi1\/x\o<\\rk2\\h\\yl\\leYHRp]R	\t\ZFCe\r\\3\jy(RMV|\q\\\r\'\l6U\s\Pb7e\\LMM)\\\\tlp\ZT.S1J\o; \d\n#\Q47om\\\\Wy\} u=2\T8,G@Ja2YL:c\Zl>/B\2\nC\\\\&\\\\\+|8\Y^x4gooOEx\:b\z\\%d2\\\caaSSS\s\\\tKddM|\\}\\aVk*O+D\0Z\\q3B6Ac5\(t\!Y!+\\\	L\\\r\PN\8-%*}oyyKKK\0HaFk`&\rg\x,.\Bdu,Fdr.\`\My|Aa\	Z(rA	|\%HU3\6\Tg\\JwyR\\s\\\1HEd\fS \n4tb-R	^\\=\d^\52\'0\< HfHU=Hw\>F\\\r,i\\R&\~d\Z\\\\Gr|\:\Z0gT%,//P(\\\^W9WGt\\Z\I.\l|lc)\P\]\nN8\c\H@y\\\T7\)\\/>\\1\\r?L\@E\K\"emQL?1|um\a\\@hii	+++jAtK3{\nqaJ[DwI/An2F\>GI-t\\i~G\\r\\h\r	\"2\|d*A6\">t$\"#Ga\o>q\Zi\\(J\n+[b,d^W~&% 38w\Rd\'t#\H$\\Zt]\n34\\`@\u\,\;`\ft7{,Y\a\rCD6c\*(J\\y0\r\\Q,N\90i\R<etH^C	aM\\r\"\]vn#\\\q\I+C\K\'] \\]\\4\"\ry\u\l\wS\H[LIw2$[P{_\\\=\?IQ\eee\tZEd\"~\k*\o\<`l\)_\Ue\a\$9\\b	*b\D\{ab0i\azwg;rXKm\'lH3\m\Udx\"\\.+1\Y-A%l\k\\\T\\\C\\\\T*^cga\ZT\ng\D\0\\\\\n\O\r\x\,q#-7\q\[^o\r\0:.2\ d\0H\q:\bQ	\	&4\\(a\"w0r\\&g%\jP\bb0\~\l6L&_6c\3>\\w\:j@\0\0Um\\-,//#N\\6T\d\n,d<G{\\5\\l\"\t\\0!\\=)i\ao\bQtD\@%Q3Y\&RG8\\5\\\\`1b?\n\\O,\\IAed\\\0\\\nt\AZ=ks\`A\.C\\]$c\\O\<\A\s\n6E|74Ei\\=\r>lD\iY\(@	kd}4f*u\\:/@:f\ym=5g)kM6m\4hM6miPMmiPM6\r*iM6\r*iM6m\ZTiAE6m\ZTiM6m\4hM6miPMmiPMmiM6\r*iM6m\ZTiAE6m\ZTiM6m\\\\M)W\r\0\0\0\0IENDB`'),(2,'Sucursal Av Viedma 3','Av Vieda 123',NULL,'3335555','70825252','viedma@golondrina','',NULL,'sucursal',NULL),(3,'Sucursal Av Los Cusis','AV Los cusis',NULL,'8789564545','5454545','locusis@hotmail.com','www.golondrinatours.com',NULL,'SUCURSAL',NULL);
/*!40000 ALTER TABLE `tb_empresa` ENABLE KEYS */;
UNLOCK TABLES;

--
-- Table structure for table `tb_formularios`
--

DROP TABLE IF EXISTS `tb_formularios`;
/*!40101 SET @saved_cs_client     = @@character_set_client */;
/*!40101 SET character_set_client = utf8 */;
CREATE TABLE `tb_formularios` (
  `id_modulo` int(11) NOT NULL,
  `id_formulario` int(11) NOT NULL AUTO_INCREMENT,
  `nombre` varchar(64) DEFAULT NULL,
  `url_acceso` varchar(128) DEFAULT NULL,
  `restful_url` varchar(128) DEFAULT NULL,
  `status` varchar(32) DEFAULT NULL,
  `fecha_alta` timestamp NULL DEFAULT NULL,
  `fecha_baja` timestamp NULL DEFAULT NULL,
  `full_path` varchar(128) DEFAULT NULL,
  PRIMARY KEY (`id_formulario`),
  KEY `fk_tb_formularios_tb_modulos1_idx` (`id_modulo`),
  CONSTRAINT `fk_tb_formularios_tb_modulos1` FOREIGN KEY (`id_modulo`) REFERENCES `tb_modulos` (`id_modulo`)
) ENGINE=InnoDB AUTO_INCREMENT=35 DEFAULT CHARSET=utf8;
/*!40101 SET character_set_client = @saved_cs_client */;

--
-- Dumping data for table `tb_formularios`
--

LOCK TABLES `tb_formularios` WRITE;
/*!40000 ALTER TABLE `tb_formularios` DISABLE KEYS */;
INSERT INTO `tb_formularios` VALUES (1,1,'Empresa','empresa','http://192.168.3.108:8080/ContableEnterprise-ws/ws-api/empresa/','ACTIVO','2018-05-31 00:03:06',NULL,'/pages/seguridad/empresa.xhtml'),(1,2,'Sucursal','sucursal','http://192.168.3.108:8080/ContableEnterprise-ws/ws-api/empresa/sucursal/','ACTIVO','2018-05-31 13:24:13',NULL,'/pages/seguridad/sucursal.xhtml'),(2,3,'Parametros','parametros','Resful','ACTIVO','2018-05-31 14:14:42',NULL,'/pages/configuracion/parametros.xhtml'),(1,4,'Personal','personal','http://192.168.3.108:8080/ContableEnterprise-ws/ws-api/personal/','ACTIVO','2018-06-05 19:10:04',NULL,'/pages/seguridad/personal.xhtml'),(1,5,'Usuario','usuario','http://192.168.3.108:8080/ContableEnterprise-ws/ws-api/usuario/','ACTIVO','2018-06-08 05:32:20',NULL,'/pages/seguridad/usuario.xhtml'),(1,7,'Roles','roles','http://192.168.3.108:8080/ContableEnterprise-ws/ws-api/roles/','ACTIVO','2018-06-13 16:04:15',NULL,'/pages/seguridad/roles.xhtml'),(3,8,'Aeropuerto','aeropuerto','http://192.168.3.108:8080/ContableEnterprise-ws/ws-api/aeropuerto/','ACTIVO','2018-06-15 19:45:13',NULL,'/pages/agencia/aeropuerto.xhtml'),(4,9,'Plan Cuentas','plan-cuentas','http://192.168.3.108:8080/ContableEnterprise-ws/ws-api/contabilidad/plan-cuentas/','ACTIVO','2018-06-21 17:55:24',NULL,'/pages/contabilidad/plan-cuentas.xhtml'),(3,10,'Tarjetas de Crdito','tarjeta-credito','http://192.168.3.108:8080/ContableEnterprise-ws/ws-api/tarjetas-credito/','ACTIVO','2018-06-26 21:01:44',NULL,'/pages/agencia/tarjeta.xhtml'),(3,11,'Bancos','bancos','http://192.168.3.108:8080/ContableEnterprise-ws/ws-api/bancos/','ACTIVO','2018-06-27 20:50:27',NULL,'/pages/agencia/bancos.xhtml'),(4,12,'Factores','factores','http://192.168.3.108:8080/ContableEnterprise-ws/ws-api/factores/','ACTIVO','2018-07-06 04:37:38',NULL,'/pages/contabilidad/factores.xhtml'),(3,13,'Lineas Areas','aerolinea','http://192.168.3.108:8080/ContableEnterprise-ws/ws-api/aerolinea/','ACTIVO','2018-07-11 18:59:22',NULL,'/pages/agencia/aerolinea.xhtml'),(5,14,'Agencia','reportes-agencia','http://192.168.3.108:8080/ContableEnterprise-ws/ws-api/reportes/agencia','ACTIVO','2018-07-17 19:30:55',NULL,'/pages/reports/agencia.xhtml'),(5,15,'Contabilidad','reportes-contabilidad','http://192.168.3.108:8080/ContableEnterprise-ws/ws-api/reportes/contabilidad','ACTIVO','2018-07-19 17:54:03',NULL,'/pages/reports/contabilidad.xhtml'),(3,16,'Promotor/Counter','promotores','http://192.168.3.108:8080/ContableEnterprise-ws/ws-api/promotores/','ACTIVO','2018-07-23 20:58:48',NULL,'/pages/agencia/promotores.xhtml'),(3,17,'Clientes','clientes','http://192.168.3.108:8080/ContableEnterprise-ws/ws-api/clientes/','ACTIVO','2018-07-31 19:43:05',NULL,'/pages/agencia/cliente.xhtml'),(4,18,'Comprobantes','comprobantes','http://192.168.3.108:8080/ContableEnterprise-ws/ws-api/comprobantes/','ACTIVO','2018-08-27 20:56:53',NULL,'/pages/contabilidad/comprobantes.xhtml'),(2,20,'Boletos','configuracion-boletaje','http://192.168.3.108:8080/ContableEnterprise-ws/ws-api/configuracion/boletaje/','ACTIVO','2018-08-30 13:57:04',NULL,'/pages/configuracion/boletaje.xhtml'),(6,21,'Nota de Dbito','boletaje-otros','http://192.168.3.108:8080/ContableEnterprise-ws/ws-api/notadebito/','ACTIVO','2018-10-18 21:24:15',NULL,'/pages/boletaje/boletos-otros.xhtml'),(6,22,'Ingresos de Caja','ingreso-caja','http://192.168.3.108:8080/ContableEnterprise-ws/ws-api/ingreso-caja/','ACTIVO','2018-11-28 20:05:01',NULL,'/pages/boletaje/ingreso-caja.xhtml'),(6,23,'Planilla BSP','planilla-bsp','http://192.168.3.108:8080/ContableEnterprise-ws/ws-api/planilla-bsp/','ACTIVO','2018-11-30 14:04:22',NULL,'/pages/boletaje/planilla-bsp.xhtml'),(2,24,'Datos Personales','user-personal','http://192.168.3.108:8080/ContableEnterprise-ws/ws-api/user-personal/','ACTIVO','2018-12-03 18:55:26',NULL,'/pages/configuracion/user-personal.xhtml'),(6,25,'Boletos','boletos','http://192.168.3.108:8080/ContableEnterprise-ws/ws-api/boletos/','ACTIVO','2018-12-13 04:14:26',NULL,'/pages/agencia/boletos.xhtml'),(6,26,'Notas de Crdito','notas-credito','http://192.168.3.108:8080/ContableEnterprise-ws/ws-api/notas-credito/','ACTIVO','2018-12-17 21:49:10',NULL,'/pages/boletaje/notas-credito.xhtml'),(6,27,'Pago Anticipado','pago-anticipado','http://192.168.3.108:8080/ContableEnterprise-ws/ws-api/pago-anticipado/','ACTIVO','2019-01-07 18:55:49',NULL,'/pages/boletaje/pago-anticipado.xhtml'),(4,28,'Mayores','mayores','http://192.168.3.108:8080/ContableEnterprise-ws/ws-api/mayores/','ACTIVO','2019-01-20 01:36:07',NULL,'/pages/contabilidad/mayores.xhtml'),(1,29,'Logs','logs','http://192.168.3.108:8080/ContableEnterprise-ws/ws-api/seguridad/logs/','ACTIVO','2019-01-24 17:54:56',NULL,'/pages/seguridad/logs.xhtml'),(5,30,'Ventas-Boletos','reportes-ventas-boletos','http://192.168.3.108:8080/ContableEnterprise-ws/ws-api/reportes/ventas-boletos/','ACTIVO','2019-01-25 21:06:03',NULL,'/pages/reports/ventas-boletos.xhtml'),(5,31,'Comision Cliente','reportes-comision-cliente','http://192.168.3.108:8080/ContableEnterprise-ws/ws-api/reportes/comision-cliente/','ACTIVO','2019-01-30 14:19:01',NULL,'/pages/reports/comision-cliente.xhtml'),(7,32,'Kardex Cliente','kardex-cliente','http://192.168.3.108:8080/ContableEnterprise-ws/ws-api/cobranzas/kardex-cliente/','ACTIVO','2019-01-31 15:47:15',NULL,'/pages/cobranzas/kardex-cliente.xhtml'),(4,33,'Comprobantes-Contador','comprobantes-contador','http://192.168.3.108:8080/ContableEnterprise-ws/ws-api/comprobantes/','ACTIVE','2019-04-05 04:00:00',NULL,'/pages/contabilidad/comprobantes-contador.xhtml'),(4,34,'Sumas y Saldos','sumas-saldos','http://192.168.3.108:8080/ContableEnterprise-ws/ws-api/sumas-saldos/','ACTIVO','2019-06-05 05:00:00',NULL,'/pages/contabilidad/sumas-saldos.xhtml');
/*!40000 ALTER TABLE `tb_formularios` ENABLE KEYS */;
UNLOCK TABLES;

--
-- Table structure for table `tb_log`
--

DROP TABLE IF EXISTS `tb_log`;
/*!40101 SET @saved_cs_client     = @@character_set_client */;
/*!40101 SET character_set_client = utf8 */;
CREATE TABLE `tb_log` (
  `id_log` int(11) NOT NULL AUTO_INCREMENT,
  `fecha_log` timestamp NOT NULL DEFAULT CURRENT_TIMESTAMP,
  `accion` varchar(16) DEFAULT NULL COMMENT 'CREAR\nACCEDER\nELIMINAR\nACTUALIZAR\nBUSCAR',
  `usuario` varchar(16) DEFAULT NULL,
  `formulario` varchar(64) DEFAULT NULL,
  `ip` varchar(32) DEFAULT NULL,
  `comentario` varchar(256) DEFAULT NULL,
  PRIMARY KEY (`id_log`,`fecha_log`)
) ENGINE=InnoDB AUTO_INCREMENT=35731 DEFAULT CHARSET=utf8;
/*!40101 SET character_set_client = @saved_cs_client */;

--
-- Dumping data for table `tb_log`
--

--
-- Table structure for table `tb_mensajes`
--

DROP TABLE IF EXISTS `tb_mensajes`;
/*!40101 SET @saved_cs_client     = @@character_set_client */;
/*!40101 SET character_set_client = utf8 */;
CREATE TABLE `tb_mensajes` (
  `id_mensaje` varchar(32) NOT NULL,
  `idioma` varchar(2) DEFAULT NULL,
  `valor` varchar(255) DEFAULT NULL,
  PRIMARY KEY (`id_mensaje`)
) ENGINE=InnoDB DEFAULT CHARSET=utf8;
/*!40101 SET character_set_client = @saved_cs_client */;

--
-- Dumping data for table `tb_mensajes`
--

LOCK TABLES `tb_mensajes` WRITE;
/*!40000 ALTER TABLE `tb_mensajes` DISABLE KEYS */;
/*!40000 ALTER TABLE `tb_mensajes` ENABLE KEYS */;
UNLOCK TABLES;

--
-- Table structure for table `tb_modulos`
--

DROP TABLE IF EXISTS `tb_modulos`;
/*!40101 SET @saved_cs_client     = @@character_set_client */;
/*!40101 SET character_set_client = utf8 */;
CREATE TABLE `tb_modulos` (
  `id_modulo` int(11) NOT NULL AUTO_INCREMENT,
  `nombre` varchar(64) NOT NULL,
  `status` varchar(32) DEFAULT '0',
  `fecha_alta` timestamp NOT NULL DEFAULT CURRENT_TIMESTAMP ON UPDATE CURRENT_TIMESTAMP,
  `fecha_baja` timestamp NULL DEFAULT NULL,
  `class_menu` varchar(16) DEFAULT NULL,
  `url_acceso` varchar(128) DEFAULT NULL,
  PRIMARY KEY (`id_modulo`)
) ENGINE=InnoDB AUTO_INCREMENT=8 DEFAULT CHARSET=utf8;
/*!40101 SET character_set_client = @saved_cs_client */;

--
-- Dumping data for table `tb_modulos`
--

LOCK TABLES `tb_modulos` WRITE;
/*!40000 ALTER TABLE `tb_modulos` DISABLE KEYS */;
INSERT INTO `tb_modulos` VALUES (1,'Seguridad','ACTIVE','2018-05-31 00:03:06',NULL,'wrench',NULL),(2,'Configuracion','ACTIVE','2018-05-31 14:14:42',NULL,'cog',NULL),(3,'Agencia','ACTIVE','2018-06-15 19:54:58',NULL,'home',NULL),(4,'Contabilidad','ACTIVE','2018-07-05 06:59:29',NULL,'money',NULL),(5,'Reportes','ACTIVE','2018-07-17 19:41:35',NULL,'line-chart',NULL),(6,'Boletaje','ACTIVE','2018-10-10 17:55:50',NULL,'plane',NULL),(7,'Cobranzas','ACTIVE','2019-01-31 15:45:50',NULL,'dollar',NULL);
/*!40000 ALTER TABLE `tb_modulos` ENABLE KEYS */;
UNLOCK TABLES;

--
-- Table structure for table `tb_password_recover`
--

DROP TABLE IF EXISTS `tb_password_recover`;
/*!40101 SET @saved_cs_client     = @@character_set_client */;
/*!40101 SET character_set_client = utf8 */;
CREATE TABLE `tb_password_recover` (
  `id_password_recover` varchar(256) NOT NULL,
  `estado` varchar(255) DEFAULT NULL,
  `fecha` datetime DEFAULT NULL,
  `fecha_acceso` datetime DEFAULT NULL,
  PRIMARY KEY (`id_password_recover`)
) ENGINE=InnoDB DEFAULT CHARSET=latin1;
/*!40101 SET character_set_client = @saved_cs_client */;

--
-- Dumping data for table `tb_password_recover`
--



--
-- Table structure for table `tb_reportes`
--

DROP TABLE IF EXISTS `tb_reportes`;
/*!40101 SET @saved_cs_client     = @@character_set_client */;
/*!40101 SET character_set_client = utf8 */;
CREATE TABLE `tb_reportes` (
  `id_reporte` int(11) NOT NULL AUTO_INCREMENT,
  `id_formulario` int(11) NOT NULL,
  `nombre` varchar(32) NOT NULL,
  `estado` tinyint(1) NOT NULL,
  `icon` varchar(32) NOT NULL,
  `path` varchar(64) NOT NULL,
  `parametros` varchar(512) DEFAULT NULL,
  PRIMARY KEY (`id_reporte`),
  KEY `id_formulario` (`id_formulario`),
  CONSTRAINT `tb_reportes_ibfk_1` FOREIGN KEY (`id_formulario`) REFERENCES `tb_formularios` (`id_formulario`)
) ENGINE=InnoDB AUTO_INCREMENT=5 DEFAULT CHARSET=latin1;
/*!40101 SET character_set_client = @saved_cs_client */;

--
-- Dumping data for table `tb_reportes`
--

LOCK TABLES `tb_reportes` WRITE;
/*!40000 ALTER TABLE `tb_reportes` DISABLE KEYS */;
INSERT INTO `tb_reportes` VALUES (1,14,'Aerolinea',1,'fa-plane','agencia/aerolinea.jasper',''),(2,15,'Plan de Cuentas',1,'fa-clipboard','contabilidad/plan-cuentas.jasper',''),(4,14,'Clientes',1,'fa-users','agencia/clientes.jasper','');
/*!40000 ALTER TABLE `tb_reportes` ENABLE KEYS */;
UNLOCK TABLES;

--
-- Table structure for table `tb_rol`
--

DROP TABLE IF EXISTS `tb_rol`;
/*!40101 SET @saved_cs_client     = @@character_set_client */;
/*!40101 SET character_set_client = utf8 */;
CREATE TABLE `tb_rol` (
  `id_rol` int(11) NOT NULL AUTO_INCREMENT,
  `nombre` varchar(45) NOT NULL,
  `status` varchar(32) DEFAULT NULL,
  `fecha_alta` timestamp NOT NULL DEFAULT CURRENT_TIMESTAMP ON UPDATE CURRENT_TIMESTAMP,
  `fecha_baja` timestamp NULL DEFAULT NULL,
  PRIMARY KEY (`id_rol`)
) ENGINE=InnoDB AUTO_INCREMENT=24 DEFAULT CHARSET=utf8;
/*!40101 SET character_set_client = @saved_cs_client */;

--
-- Dumping data for table `tb_rol`
--

LOCK TABLES `tb_rol` WRITE;
/*!40000 ALTER TABLE `tb_rol` DISABLE KEYS */;
INSERT INTO `tb_rol` VALUES (1,'ADMINISTRADOR','ACTIVO','2018-05-31 00:03:06',NULL),(19,'GERENCIA','ACTIVO','2019-02-08 21:38:31',NULL),(20,'CAJERO','ACTIVO','2019-02-08 21:44:07',NULL),(21,'VENTAS','ACTIVO','2019-02-08 21:44:53',NULL),(22,'CONTABILIDAD','ACTIVO','2019-02-08 21:48:10',NULL),(23,'AUXILIAR','ACTIVO','2019-02-08 21:52:03',NULL);
/*!40000 ALTER TABLE `tb_rol` ENABLE KEYS */;
UNLOCK TABLES;

--
-- Table structure for table `tb_rol_formulario`
--

DROP TABLE IF EXISTS `tb_rol_formulario`;
/*!40101 SET @saved_cs_client     = @@character_set_client */;
/*!40101 SET character_set_client = utf8 */;
CREATE TABLE `tb_rol_formulario` (
  `id_rol` int(11) NOT NULL,
  `id_formularios` int(11) NOT NULL,
  `crear` tinyint(4) DEFAULT NULL,
  `actualizar` tinyint(4) DEFAULT NULL,
  `eliminar` tinyint(4) DEFAULT NULL,
  `acceder` tinyint(4) DEFAULT NULL,
  `buscar` tinyint(4) DEFAULT NULL,
  `editar` tinyint(4) DEFAULT NULL,
  `ejecutar` tinyint(4) DEFAULT NULL,
  `anular` tinyint(4) DEFAULT NULL,
  `ver` tinyint(4) DEFAULT NULL,
  `id_rol_formulario` int(11) NOT NULL AUTO_INCREMENT,
  PRIMARY KEY (`id_rol_formulario`),
  KEY `fk_tb_rol_formulario_tb_rol1_idx` (`id_rol`),
  KEY `fk_tb_rol_formulario_tb_formularios1_idx` (`id_formularios`),
  CONSTRAINT `fk_tb_rol_formulario_tb_formularios1` FOREIGN KEY (`id_formularios`) REFERENCES `tb_formularios` (`id_formulario`) ON DELETE CASCADE,
  CONSTRAINT `fk_tb_rol_formulario_tb_rol1` FOREIGN KEY (`id_rol`) REFERENCES `tb_rol` (`id_rol`) ON DELETE CASCADE
) ENGINE=InnoDB AUTO_INCREMENT=422 DEFAULT CHARSET=utf8;
/*!40101 SET character_set_client = @saved_cs_client */;

--
-- Dumping data for table `tb_rol_formulario`
--

LOCK TABLES `tb_rol_formulario` WRITE;
/*!40000 ALTER TABLE `tb_rol_formulario` DISABLE KEYS */;
INSERT INTO `tb_rol_formulario` VALUES (1,1,1,1,1,1,1,1,NULL,1,1,134),(1,2,1,1,1,1,1,1,NULL,1,1,135),(1,3,1,1,1,1,1,1,NULL,1,1,136),(1,4,1,1,1,1,1,1,NULL,1,1,137),(1,5,1,1,1,1,1,1,NULL,1,1,138),(1,7,1,1,1,1,1,1,NULL,1,1,140),(1,8,1,1,1,1,1,1,NULL,1,1,141),(1,9,1,1,1,1,1,1,NULL,1,1,142),(1,10,1,1,1,1,1,1,NULL,1,1,143),(1,11,1,1,1,1,1,1,NULL,1,1,144),(1,12,1,1,1,1,1,1,NULL,1,1,145),(1,13,1,1,1,1,1,1,NULL,1,1,146),(1,14,1,1,1,1,1,1,NULL,1,1,147),(1,15,1,1,1,1,1,1,NULL,1,1,148),(1,16,1,1,1,1,1,1,NULL,1,1,149),(1,17,1,1,1,1,1,1,NULL,1,1,150),(1,18,1,1,1,1,1,1,NULL,1,1,151),(1,20,1,1,1,1,1,1,1,1,1,152),(1,21,1,1,1,1,1,1,NULL,1,1,153),(1,22,1,1,1,1,1,1,NULL,1,1,154),(1,23,1,1,1,1,1,1,NULL,1,1,155),(1,24,1,1,1,1,1,1,NULL,1,1,156),(1,25,1,1,1,1,1,1,NULL,1,1,157),(1,26,1,1,1,1,1,1,NULL,1,1,158),(1,27,1,1,1,1,1,1,NULL,1,1,263),(1,28,1,1,1,1,1,1,NULL,1,1,264),(1,29,1,1,1,1,1,1,NULL,1,1,265),(1,30,1,1,1,1,1,1,NULL,1,1,266),(1,31,1,1,1,1,1,1,NULL,1,1,267),(1,32,1,1,1,1,1,1,NULL,1,1,268),(19,1,0,0,0,0,0,0,NULL,0,0,269),(19,2,0,0,0,0,0,0,NULL,0,0,270),(19,4,0,0,0,0,0,0,NULL,0,0,271),(19,5,0,0,0,0,0,0,NULL,0,0,272),(19,7,0,0,0,0,0,0,NULL,0,0,273),(19,29,0,1,0,1,1,1,NULL,0,1,274),(19,3,0,0,0,0,0,0,NULL,0,0,275),(19,20,0,0,0,0,0,0,NULL,0,0,276),(19,24,1,1,1,1,1,1,NULL,1,1,277),(19,8,0,0,0,0,0,0,NULL,0,0,278),(19,10,0,0,0,0,0,0,NULL,0,0,279),(19,11,0,0,0,0,0,0,NULL,0,0,280),(19,13,0,0,0,0,0,0,NULL,0,0,281),(19,16,0,0,0,0,0,0,NULL,0,0,282),(19,17,0,0,0,0,0,0,NULL,0,0,283),(19,9,0,0,0,0,0,0,NULL,0,0,284),(19,12,0,0,0,0,0,0,NULL,0,0,285),(19,18,0,0,0,0,0,0,NULL,0,0,286),(19,28,0,1,0,1,1,1,NULL,0,1,287),(19,14,1,1,1,1,1,1,NULL,1,1,288),(19,15,1,1,1,1,1,1,NULL,1,1,289),(19,30,1,1,1,1,1,1,NULL,1,1,290),(19,31,1,1,1,1,1,1,NULL,1,1,291),(19,21,0,0,0,0,0,0,NULL,0,0,292),(19,22,0,0,0,0,0,0,NULL,0,0,293),(19,23,0,1,0,1,0,0,NULL,0,1,294),(19,25,0,0,0,0,0,0,NULL,0,0,295),(19,26,0,0,0,0,0,0,NULL,0,0,296),(19,27,0,0,0,0,0,0,NULL,0,0,297),(19,32,0,1,0,1,1,0,NULL,0,1,298),(20,1,0,0,0,0,0,0,NULL,0,0,299),(20,2,0,0,0,0,0,0,NULL,0,0,300),(20,4,0,0,0,0,0,0,NULL,0,0,301),(20,5,0,0,0,0,0,0,NULL,0,0,302),(20,7,0,0,0,0,0,0,NULL,0,0,303),(20,29,0,0,0,0,0,0,NULL,0,0,304),(20,3,0,0,0,0,0,0,NULL,0,0,305),(20,20,0,0,0,0,0,0,NULL,0,0,306),(20,24,1,1,0,1,1,1,NULL,0,1,307),(20,8,1,1,0,1,1,1,NULL,0,1,308),(20,10,1,1,0,1,1,1,NULL,0,1,309),(20,11,1,1,0,1,1,1,NULL,0,1,310),(20,13,1,1,0,1,1,1,NULL,0,1,311),(20,16,1,1,0,1,1,1,NULL,0,1,312),(20,17,1,1,0,1,1,1,NULL,0,1,313),(20,9,1,1,0,1,1,1,NULL,0,1,314),(20,12,1,1,0,1,1,1,NULL,0,1,315),(20,18,1,1,0,1,1,1,NULL,0,1,316),(20,28,1,1,0,1,1,1,NULL,0,1,317),(20,14,1,1,0,1,1,1,NULL,0,1,318),(20,15,1,1,0,1,1,1,NULL,0,1,319),(20,30,1,1,0,1,1,1,NULL,0,1,320),(20,31,1,1,0,1,1,1,NULL,0,1,321),(20,21,1,1,0,1,1,1,NULL,0,1,322),(20,22,1,1,0,1,1,1,NULL,0,1,323),(20,23,1,1,0,1,1,1,NULL,0,1,324),(20,25,0,0,0,0,0,0,NULL,0,0,325),(20,26,0,0,0,0,0,0,NULL,0,0,326),(20,27,1,1,0,1,1,1,NULL,0,1,327),(20,32,1,1,0,1,1,0,NULL,0,1,328),(21,1,0,0,0,0,0,0,NULL,0,0,329),(21,2,0,0,0,0,0,0,NULL,0,0,330),(21,4,0,0,0,0,0,0,NULL,0,0,331),(21,5,0,0,0,0,0,0,NULL,0,0,332),(21,7,0,0,0,0,0,0,NULL,0,0,333),(21,29,0,0,0,0,0,0,NULL,0,0,334),(21,3,0,0,0,0,0,0,NULL,0,0,335),(21,20,0,0,0,0,0,0,NULL,0,0,336),(21,24,1,1,0,1,1,1,NULL,0,1,337),(21,8,0,0,0,0,0,0,NULL,0,0,338),(21,10,0,0,0,0,0,0,NULL,0,0,339),(21,11,0,0,0,0,0,0,NULL,0,0,340),(21,13,0,0,0,0,0,0,NULL,0,0,341),(21,16,0,0,0,0,0,0,NULL,0,0,342),(21,17,0,0,0,0,0,0,NULL,0,0,343),(21,9,0,0,0,0,0,0,NULL,0,0,344),(21,12,0,0,0,0,0,0,NULL,0,0,345),(21,18,0,0,0,0,0,0,NULL,0,0,346),(21,28,0,0,0,0,0,0,NULL,0,0,347),(21,14,0,0,0,0,0,0,NULL,0,0,348),(21,15,0,0,0,0,0,0,NULL,0,0,349),(21,30,0,0,0,0,0,0,NULL,0,0,350),(21,31,0,0,0,0,0,0,NULL,0,0,351),(21,21,0,0,0,0,0,0,NULL,0,0,352),(21,22,0,0,0,0,0,0,NULL,0,0,353),(21,23,0,0,0,0,0,0,NULL,0,0,354),(21,25,0,0,0,0,0,0,NULL,0,0,355),(21,26,0,0,0,0,0,0,NULL,0,0,356),(21,27,0,0,0,0,0,0,NULL,0,0,357),(21,32,1,1,0,1,1,1,NULL,0,1,358),(22,1,1,1,1,1,1,1,NULL,1,1,359),(22,2,1,1,1,1,1,1,NULL,1,1,360),(22,4,1,1,1,1,1,1,NULL,1,1,361),(22,5,1,1,1,1,1,1,NULL,1,1,362),(22,7,1,1,1,1,1,1,NULL,1,1,363),(22,29,1,1,1,1,1,1,NULL,1,1,364),(22,3,1,1,1,1,1,1,NULL,1,1,365),(22,20,1,1,1,1,1,1,NULL,1,1,366),(22,24,1,1,1,1,1,1,NULL,1,1,367),(22,8,1,1,1,1,1,1,NULL,1,1,368),(22,10,1,1,1,1,1,1,NULL,1,1,369),(22,11,1,1,1,1,1,1,NULL,1,1,370),(22,13,1,1,1,1,1,1,NULL,1,1,371),(22,16,1,1,1,1,1,1,NULL,1,1,372),(22,17,1,1,1,1,1,1,NULL,1,1,373),(22,9,1,1,1,1,1,1,NULL,1,1,374),(22,12,1,1,1,1,1,1,NULL,1,1,375),(22,18,1,1,1,1,1,1,NULL,1,1,376),(22,28,1,1,1,1,1,1,NULL,1,1,377),(22,14,1,1,1,1,1,1,NULL,1,1,378),(22,15,1,1,1,1,1,1,NULL,1,1,379),(22,30,1,1,1,1,1,1,NULL,1,1,380),(22,31,1,1,1,1,1,1,NULL,1,1,381),(22,21,1,1,1,1,1,1,NULL,1,1,382),(22,22,1,1,1,1,1,1,NULL,1,1,383),(22,23,1,1,1,1,1,1,NULL,1,1,384),(22,25,0,0,0,0,0,0,NULL,0,0,385),(22,26,1,1,1,1,1,1,NULL,1,1,386),(22,27,1,1,1,1,1,1,NULL,1,1,387),(22,32,1,1,1,1,1,1,NULL,1,1,388),(23,1,0,0,0,0,0,0,NULL,0,0,389),(23,2,0,0,0,0,0,0,NULL,0,0,390),(23,4,0,0,0,0,0,0,NULL,0,0,391),(23,5,0,0,0,0,0,0,NULL,0,0,392),(23,7,0,0,0,0,0,0,NULL,0,0,393),(23,29,0,0,0,0,0,0,NULL,0,0,394),(23,3,0,0,0,0,0,0,NULL,0,0,395),(23,20,0,0,0,0,0,0,NULL,0,0,396),(23,24,1,1,0,1,1,1,NULL,0,1,397),(23,8,0,0,0,0,0,0,NULL,0,0,398),(23,10,0,0,0,0,0,0,NULL,0,0,399),(23,11,0,0,0,0,0,0,NULL,0,0,400),(23,13,0,0,0,0,0,0,NULL,0,0,401),(23,16,0,0,0,0,0,0,NULL,0,0,402),(23,17,1,1,0,1,1,1,NULL,0,1,403),(23,9,1,1,0,1,1,1,NULL,0,1,404),(23,12,1,1,0,1,1,1,NULL,0,1,405),(23,18,1,1,0,1,1,1,NULL,0,1,406),(23,28,1,1,0,1,1,1,NULL,0,1,407),(23,14,0,1,0,1,0,1,NULL,0,1,408),(23,15,0,1,0,1,0,1,NULL,0,1,409),(23,30,0,1,0,1,0,1,NULL,0,1,410),(23,31,0,1,0,1,0,1,NULL,0,1,411),(23,21,1,1,0,1,1,1,NULL,0,1,412),(23,22,1,1,0,1,1,1,NULL,0,1,413),(23,23,1,1,0,1,1,1,NULL,0,1,414),(23,25,0,0,0,0,0,0,NULL,0,0,415),(23,26,0,0,0,0,0,0,NULL,0,0,416),(23,27,1,1,0,1,1,1,NULL,0,1,417),(23,32,1,1,0,1,1,1,NULL,0,1,418),(1,33,1,1,1,1,1,1,NULL,1,1,419),(1,34,1,1,1,1,1,1,NULL,1,1,420),(1,35,1,1,1,1,1,1,NULL,1,1,421);
/*!40000 ALTER TABLE `tb_rol_formulario` ENABLE KEYS */;
UNLOCK TABLES;

--
-- Table structure for table `tb_status`
--

DROP TABLE IF EXISTS `tb_status`;
/*!40101 SET @saved_cs_client     = @@character_set_client */;
/*!40101 SET character_set_client = utf8 */;
CREATE TABLE `tb_status` (
  `id_status` int(11) NOT NULL,
  `status_name` varchar(45) DEFAULT NULL,
  PRIMARY KEY (`id_status`)
) ENGINE=InnoDB DEFAULT CHARSET=utf8;
/*!40101 SET character_set_client = @saved_cs_client */;

--
-- Dumping data for table `tb_status`
--

LOCK TABLES `tb_status` WRITE;
/*!40000 ALTER TABLE `tb_status` DISABLE KEYS */;
/*!40000 ALTER TABLE `tb_status` ENABLE KEYS */;
UNLOCK TABLES;

--
-- Table structure for table `tb_user`
--

DROP TABLE IF EXISTS `tb_user`;
/*!40101 SET @saved_cs_client     = @@character_set_client */;
/*!40101 SET character_set_client = utf8 */;
CREATE TABLE `tb_user` (
  `user_name` varchar(16) NOT NULL,
  `password` varchar(45) NOT NULL,
  `status` varchar(32) DEFAULT NULL,
  `fecha_alta` timestamp NOT NULL DEFAULT CURRENT_TIMESTAMP ON UPDATE CURRENT_TIMESTAMP,
  `fecha_baja` timestamp NULL DEFAULT NULL,
  `id_rol` int(11) NOT NULL,
  `id_empleado` int(11) NOT NULL,
  PRIMARY KEY (`user_name`),
  KEY `fk_tb_user_tb_rol_idx` (`id_rol`),
  KEY `fk_tb_user_tb_empleado1_idx` (`id_empleado`),
  CONSTRAINT `fk_tb_user_tb_empleado1` FOREIGN KEY (`id_empleado`) REFERENCES `tb_empleado` (`id_empleado`) ON DELETE CASCADE,
  CONSTRAINT `fk_tb_user_tb_rol` FOREIGN KEY (`id_rol`) REFERENCES `tb_rol` (`id_rol`)
) ENGINE=InnoDB DEFAULT CHARSET=utf8;
/*!40101 SET character_set_client = @saved_cs_client */;

--
-- Dumping data for table `tb_user`
--

LOCK TABLES `tb_user` WRITE;
/*!40000 ALTER TABLE `tb_user` DISABLE KEYS */;
INSERT INTO `tb_user` VALUES ('admin','fc1ebc848e31e0a68e868432225e3c82','ACTIVO','2018-12-03 23:56:17',NULL,1,1);
/*!40000 ALTER TABLE `tb_user` ENABLE KEYS */;
UNLOCK TABLES;

--
-- Table structure for table `tb_user_login`
--

DROP TABLE IF EXISTS `tb_user_login`;
/*!40101 SET @saved_cs_client     = @@character_set_client */;
/*!40101 SET character_set_client = utf8 */;
CREATE TABLE `tb_user_login` (
  `id_user_login` int(11) NOT NULL AUTO_INCREMENT,
  `fecha_login` timestamp NOT NULL DEFAULT CURRENT_TIMESTAMP ON UPDATE CURRENT_TIMESTAMP,
  `fecha_logout` timestamp NULL DEFAULT NULL,
  `ip` varchar(16) DEFAULT NULL,
  `nro_intento` int(11) DEFAULT NULL,
  `user_name` varchar(16) NOT NULL,
  PRIMARY KEY (`id_user_login`),
  KEY `fk_tb_user_login_tb_user1_idx` (`user_name`),
  CONSTRAINT `fk_tb_user_login_tb_user1` FOREIGN KEY (`user_name`) REFERENCES `tb_user` (`user_name`) ON DELETE CASCADE
) ENGINE=InnoDB AUTO_INCREMENT=2596 DEFAULT CHARSET=utf8;
/*!40101 SET character_set_client = @saved_cs_client */;

--
-- Dumping data for table `tb_user_login`
--


--
-- Table structure for table `tb_user_token`
--

DROP TABLE IF EXISTS `tb_user_token`;
/*!40101 SET @saved_cs_client     = @@character_set_client */;
/*!40101 SET character_set_client = utf8 */;
CREATE TABLE `tb_user_token` (
  `id_token` varchar(256) NOT NULL,
  `fecha_token` timestamp NOT NULL DEFAULT CURRENT_TIMESTAMP ON UPDATE CURRENT_TIMESTAMP,
  `status` varchar(32) NOT NULL,
  `user_name` varchar(16) NOT NULL,
  PRIMARY KEY (`id_token`),
  KEY `fk_tb_user_token_tb_user1_idx` (`user_name`),
  CONSTRAINT `fk_tb_user_token_tb_user1` FOREIGN KEY (`user_name`) REFERENCES `tb_user` (`user_name`) ON DELETE CASCADE
) ENGINE=InnoDB DEFAULT CHARSET=utf8;
/*!40101 SET character_set_client = @saved_cs_client */;

--
-- Dumping data for table `tb_user_token`
--



--
-- Dumping events for database 'db_travel'
--

--
-- Dumping routines for database 'db_travel'
--
/*!50003 DROP FUNCTION IF EXISTS `number_to_string` */;
/*!50003 SET @saved_cs_client      = @@character_set_client */ ;
/*!50003 SET @saved_cs_results     = @@character_set_results */ ;
/*!50003 SET @saved_col_connection = @@collation_connection */ ;
/*!50003 SET character_set_client  = utf8 */ ;
/*!50003 SET character_set_results = utf8 */ ;
/*!50003 SET collation_connection  = utf8_general_ci */ ;
/*!50003 SET @saved_sql_mode       = @@sql_mode */ ;
/*!50003 SET sql_mode              = 'ONLY_FULL_GROUP_BY,STRICT_TRANS_TABLES,NO_ZERO_IN_DATE,NO_ZERO_DATE,ERROR_FOR_DIVISION_BY_ZERO,NO_ENGINE_SUBSTITUTION' */ ;
DELIMITER ;;
CREATE DEFINER=`web_contabilidad`@`localhost` FUNCTION `number_to_string`(n decimal (12,2)) RETURNS varchar(100) CHARSET latin1
BEGIN
    
    
    
    
    
    
    declare ans varchar(100);
    declare dig1, dig2, dig3, dig4, dig5, dig6, dig7 int; 
	declare actual_value decimal(12,2);
    declare mil bool ;
    
    set mil = false ;
    set ans = '';
    set actual_value = truncate (n,0) ;	
    
    set dig7 = floor(actual_value/1000000);
    set actual_value = mod(actual_value,1000000);
    
    if dig7>0 then 
		case 
			when dig7 = 1 then set ans=concat(ans,' UN MILLON');
            when dig7 = 2 then set ans=concat(ans,' DOS MILLONES');
            when dig7 = 3 then set ans=concat(ans,' TRES MILLONES');
            when dig7 = 4 then set ans=concat(ans,' CUATRO MILLONES');
            when dig7 = 5 then set ans=concat(ans,' CINCO MILLONES');
            when dig7 = 6 then set ans=concat(ans,' SEIS MILLONES');
            when dig7 = 7 then set ans=concat(ans,' SIETE MILLONES');
            when dig7 = 8 then set ans=concat(ans,' OCHO MILLONES');
            when dig7 = 9 then set ans=concat(ans,' NUEVE MILLONES');		
        end case ;
    end if ;
    
    
    set dig6 = floor(actual_value / 100000);
    set actual_value = mod(actual_value,100000);
    
    if dig6 > 0 then
		set mil = true ;
        case
            when dig6=1 then 
				if actual_value >999 then
					set ans=concat(ans, ' CIENTO');
				else 
					set ans=concat(ans, ' CIEN');
				end if;
                
            when dig6=2 then set ans=concat(ans, ' DOSCIENTOS');
            when dig6=3 then set ans=concat(ans, ' TRESCIENTOS');
            when dig6=4 then set ans=concat(ans, ' CUATROCIENTOS');
            when dig6=5 then set ans=concat(ans, ' QUINIENTOS');
            when dig6=6 then set ans=concat(ans, ' SEISCIENTOS');
            when dig6=7 then set ans=concat(ans, ' SETECIENTOS');
            when dig6=8 then set ans=concat(ans, ' OCHOCIENTOS');
            when dig6=9 then set ans=concat(ans, ' NOVECIENTOS');
            else set ans = ans;
        end case;
                
    end if;
    
    set dig5 = floor(actual_value/10000);
    
    set actual_value = mod(actual_value,10000);    
    
    set dig4 = floor(actual_value/1000);

    if dig5 = 1 then
		set mil = true ;
        case
            when dig4 = 0 then set ans=concat(ans,' DIEZ');
            when dig4 = 1 then set ans=concat(ans,' ONCE');
            when dig4 = 2 then set ans=concat(ans,' DOCE');
            when dig4 = 3 then set ans=concat(ans,' TRECE');
            when dig4 = 4 then set ans=concat(ans,' CATORCE');
            when dig4 = 5 then set ans=concat(ans,' QUINCE');
            when dig4 = 6 then set ans=concat(ans,' DIECISEIS');
            when dig4 = 7 then set ans=concat(ans,' DIECISIETE');
            when dig4 = 8 then set ans=concat(ans,' DIECIOCHO');
            when dig4 = 9 then set ans=concat(ans,' DIECINUEVE');
            else set ans=ans;
        end case;
        
    else
        if dig5 > 0 then
			set mil = true ;
            case
                when dig5=2 then 
					if (dig4 > 0 ) then
						set ans=concat(ans, ' VEINTI');
					else 
						set ans=concat(ans, ' VEINTE');
					end if ;
                when dig5=3 then set ans=concat(ans, ' TREINTA');
                when dig5=4 then set ans=concat(ans, ' CUARENTA');
                when dig5=5 then set ans=concat(ans, ' CINCUENTA');
                when dig5=6 then set ans=concat(ans, ' SESENTA');
                when dig5=7 then set ans=concat(ans, ' SETENTA');
                when dig5=8 then set ans=concat(ans, ' OCHENTA');
                when dig5=9 then set ans=concat(ans, ' NOVENTA');
                else set ans=ans;
            end case;
            if dig4 > 0 then
				if dig5 > 2 then
					set ans =concat(ans , ' Y');
                end if ;
			end if ;
        end if;
        if dig4 > 0 then
			set mil = true ;
            case
                when dig4=1 then set ans=concat(ans, ' UN');
                when dig4=2 then set ans=concat(ans, ' DOS');
                when dig4=3 then set ans=concat(ans, ' TRES ');
                when dig4=4 then set ans=concat(ans, ' CUATRO');
                when dig4=5 then set ans=concat(ans, ' CINCO');
                when dig4=6 then set ans=concat(ans, ' SEIS');
                when dig4=7 then set ans=concat(ans, ' SIETE');
                when dig4=8 then set ans=concat(ans, ' OCHO');
                when dig4=9 then set ans=concat(ans, ' NUEVE');
                else set ans=ans;
            end case;
        end if;
        
        
        
    end if;

	if (mil = true) then
		set ans = concat(ans, ' MIL') ;
	end if ;
        
	set actual_value = mod(actual_value,1000);    
	
    set dig3 = floor(actual_value / 100);
    set actual_value = mod(actual_value,100);
    set dig2 = floor(actual_value/10);
    
    if dig3 > 0 then
        case
            when dig3=1 then 
				if actual_value>0  then
					set ans=concat(ans, ' CIENTO');
                else 
					set ans=concat(ans, ' CIEN');
				end if ;
            when dig3=2 then set ans=concat(ans, ' DOSCIENTOS');
            when dig3=3 then set ans=concat(ans, ' TRESCIENTOS');
            when dig3=4 then set ans=concat(ans, ' CUATROCIENTOS');
            when dig3=5 then set ans=concat(ans, ' QUINIENTOS');
            when dig3=6 then set ans=concat(ans, ' SEISCIENTOS');
            when dig3=7 then set ans=concat(ans, ' SETECIENTOS');
            when dig3=8 then set ans=concat(ans, ' OCHOCIENTOS');
            when dig3=9 then set ans=concat(ans, ' NOVECIENTOS');
            else set ans = ans;
        end case;
    end if;
    
    
    
    set actual_value = mod(actual_value,10);    
    set dig1 = actual_value;

    if dig2 = 1 then
        case
            when dig1 = 0 then set ans=concat(ans,' DIEZ');
            when dig1 = 1 then set ans=concat(ans,' ONCE');
            when dig1 = 2 then set ans=concat(ans,' DOCE');
            when dig1 = 3 then set ans=concat(ans,' TRECE');
            when dig1 = 4 then set ans=concat(ans,' CATORCE');
            when dig1 = 5 then set ans=concat(ans,' QUINCE');
            when dig1 = 6 then set ans=concat(ans,' DIECISEIS');
            when dig1 = 7 then set ans=concat(ans,' DIECISIETE');
            when dig1 = 8 then set ans=concat(ans,' DIECIOCHO');
            when dig1 = 9 then set ans=concat(ans,' DIECINUEVE');
            else set ans=ans;
        end case;
        
    else
        if dig2 > 0 then
            case
                when dig2=2 then 
					if (dig1 > 0 ) then
						set ans=concat(ans, ' VEINTI');
					else 
						set ans=concat(ans, ' VEINTE');
					end if ;
                when dig2=3 then set ans=concat(ans, ' TREINTA');
                when dig2=4 then set ans=concat(ans, ' CUARENTA');
                when dig2=5 then set ans=concat(ans, ' CINCUENTA');
                when dig2=6 then set ans=concat(ans, ' SESENTA');
                when dig2=7 then set ans=concat(ans, ' SETENTA');
                when dig2=8 then set ans=concat(ans, ' OCHENTA');
                when dig2=9 then set ans=concat(ans, ' NOVENTA');
                else set ans=ans;
            end case;
            if dig1 > 0 then
				if dig2 > 2 then
					set ans =concat(ans , ' Y');
                end if ;
			end if ;
        end if;
        if dig1 > 0 then
            case
                when dig1=1 then set ans=concat(ans, ' UNO');
                when dig1=2 then set ans=concat(ans, ' DOS');
                when dig1=3 then set ans=concat(ans, ' TRES');
                when dig1=4 then set ans=concat(ans, ' CUATRO');
                when dig1=5 then set ans=concat(ans, ' CINCO');
                when dig1=6 then set ans=concat(ans, ' SEIS');
                when dig1=7 then set ans=concat(ans, ' SIETE');
                when dig1=8 then set ans=concat(ans, ' OCHO');
                when dig1=9 then set ans=concat(ans, ' NUEVE');
                else set ans=ans;
            end case;
        end if;
    end if;

    return trim(ans);
END ;;
DELIMITER ;
/*!50003 SET sql_mode              = @saved_sql_mode */ ;
/*!50003 SET character_set_client  = @saved_cs_client */ ;
/*!50003 SET character_set_results = @saved_cs_results */ ;
/*!50003 SET collation_connection  = @saved_col_connection */ ;
/*!50003 DROP PROCEDURE IF EXISTS `asociarBoletoNotaDebito` */;
/*!50003 SET @saved_cs_client      = @@character_set_client */ ;
/*!50003 SET @saved_cs_results     = @@character_set_results */ ;
/*!50003 SET @saved_col_connection = @@collation_connection */ ;
/*!50003 SET character_set_client  = utf8 */ ;
/*!50003 SET character_set_results = utf8 */ ;
/*!50003 SET collation_connection  = utf8_general_ci */ ;
/*!50003 SET @saved_sql_mode       = @@sql_mode */ ;
/*!50003 SET sql_mode              = 'ONLY_FULL_GROUP_BY,STRICT_TRANS_TABLES,NO_ZERO_IN_DATE,NO_ZERO_DATE,ERROR_FOR_DIVISION_BY_ZERO,NO_ENGINE_SUBSTITUTION' */ ;
DELIMITER ;;
CREATE DEFINER=`web_contabilidad`@`localhost` PROCEDURE `asociarBoletoNotaDebito`(in in_id_nota_debito int 
, in in_id_boleto int, in in_id_cliente int , in in_id_counter int , in in_factor decimal(12,2) ,
in in_usuario_creador varchar(16),
out out_id_transacion int)
BEGIN
DECLARE v_iata VARCHAR(4);
DECLARE v_tipo_cupon VARCHAR(2);
DECLARE v_numero bigint(18);
DECLARE v_tipo_boleto VARCHAR(2);
DECLARE v_ruta_1 VARCHAR(4);
DECLARE v_ruta_2 VARCHAR(4);
DECLARE v_ruta_3 VARCHAR(4);
DECLARE v_ruta_4 VARCHAR(4);
DECLARE v_ruta_5 VARCHAR(4);
DECLARE v_nombre_pasajero VARCHAR(64);
DECLARE v_moneda VARCHAR(2);
DECLARE v_gestion INT;
DECLARE v_total_boleto DECIMAL(12,2);
DECLARE v_id_transaccion INT;

DECLARE cur_boleto CURSOR FOR
	select a.numero, 
    b.tipo_cupon,
    b.numero,
    b.tipo_boleto,
	coalesce(b.id_ruta_1,'') id_ruta_1, 
	coalesce(b.id_ruta_2,'') id_ruta_2,
	coalesce(b.id_ruta_3,'') id_ruta_3,
	coalesce(b.id_ruta_4,'') id_ruta_4,
	coalesce(b.id_ruta_5,'') id_ruta_5,
	coalesce(b.nombre_pasajero,''), 
    b.moneda, 
    b.total_monto_cobrar,
    b.gestion
	from cnt_boleto b
	inner join cnt_aerolinea a on a.id_aerolinea=b.id_aerolinea
	where b.id_boleto = in_id_boleto;

OPEN cur_boleto ;

FETCH cur_boleto into 
	v_iata, 
    v_tipo_cupon, 
    v_numero, 
    v_tipo_boleto,
	v_ruta_1, 
    v_ruta_2, 
    v_ruta_3, 
    v_ruta_4, 
    v_ruta_5,
	v_nombre_pasajero, 
    v_moneda, 
    v_total_boleto, 
    v_gestion;

IF v_tipo_boleto = 'SV' OR v_tipo_boleto = 'AV' OR  v_tipo_boleto = 'MV' THEN
	IF v_moneda = 'U' THEN
		INSERT INTO cnt_nota_debito_transaccion (
			id_nota_debito, 
            descripcion, 
            monto_usd,
            monto_adeudado_usd,
            gestion,
            id_boleto,
            estado,
            tipo,
            moneda,
            fecha_insert,
            id_usuario)
		VALUES (
			in_id_nota_debito,
            concat( coalesce(v_iata,''),'/','#',coalesce(v_numero,''),'/',coalesce(v_nombre_pasajero,'')),
            v_total_boleto,
            v_total_boleto,
            v_gestion,
            in_id_boleto,
            'P',
            'B',
            v_moneda,
            now(),
            in_usuario_creador
        );
		SET v_id_transaccion = LAST_INSERT_ID() ;
	ELSEIF v_moneda = 'B' THEN
		INSERT INTO cnt_nota_debito_transaccion (
			id_nota_debito, 
            descripcion, 
            monto_bs,
            monto_adeudado_bs,
            gestion,
            id_boleto,
            estado,
            tipo,
            moneda,
            fecha_insert,
            id_usuario)
		VALUES (
			in_id_nota_debito,
            concat(coalesce(v_iata,''),'/','#',coalesce(v_numero,''),'/',coalesce(v_nombre_pasajero,'')),
            v_total_boleto,
            v_total_boleto,
            v_gestion,
            in_id_boleto,
            'P',
            'B',
            v_moneda,
            now(),
            in_usuario_creador
        );
		SET v_id_transaccion = LAST_INSERT_ID() ;
    END IF ;
ELSEIF v_tipo_boleto = 'SA' OR v_tipo_boleto = 'AM' OR  v_tipo_boleto = 'MA' THEN
IF v_moneda = 'U' THEN
		INSERT INTO cnt_nota_debito_transaccion (
			id_nota_debito, 
            descripcion, 
            monto_usd,
            monto_adeudado_usd,
            gestion,
            id_boleto,
            estado,
            tipo,
            moneda,
            fecha_insert,
            id_usuario)
		VALUES (
			in_id_nota_debito,
			concat(v_iata,'/','#',v_numero,'/',v_nombre_pasajero,'/',v_ruta_1,'/',v_ruta_2,'/',v_ruta_3,'/',v_ruta_4,'/',v_ruta_5),            
            v_total_boleto,
            v_total_boleto,
            v_gestion,
            in_id_boleto,
            'P',
            'B',
            v_moneda,
            now(),
            in_usuario_creador
        );
		SET v_id_transaccion = LAST_INSERT_ID() ;
	ELSEIF v_moneda = 'B' THEN
		INSERT INTO cnt_nota_debito_transaccion (
			id_nota_debito, 
            descripcion, 
            monto_bs,
            monto_adeudado_bs,
            gestion,
            id_boleto,
            estado,
            tipo,
            moneda,
            fecha_insert,
            id_usuario)
		VALUES (
			in_id_nota_debito,
            concat(v_iata,'/','#',v_numero,'/',v_nombre_pasajero,'/',v_ruta_1,'/',v_ruta_2,'/',v_ruta_3,'/',v_ruta_4,'/',v_ruta_5),
            v_total_boleto,
            v_total_boleto,
            v_gestion,
            in_id_boleto,
            'P',
            'B',
            v_moneda,
            now(),
            in_usuario_creador
        );
		SET v_id_transaccion = LAST_INSERT_ID() ;
    END IF ;
END IF ;

CLOSE cur_boleto ;

UPDATE cnt_boleto 
	SET id_nota_debito_transaccion = v_id_transaccion ,
		estado 					   = 'P' ,
        id_cliente				   = in_id_cliente,
		id_promotor				   = in_id_counter,
        factor_cambiario		   = in_factor,
        id_nota_debito			   = in_id_nota_debito ,
        id_usuario_creador		   = in_usuario_creador
WHERE id_boleto = in_id_boleto ;

END ;;
DELIMITER ;
/*!50003 SET sql_mode              = @saved_sql_mode */ ;
/*!50003 SET character_set_client  = @saved_cs_client */ ;
/*!50003 SET character_set_results = @saved_cs_results */ ;
/*!50003 SET collation_connection  = @saved_col_connection */ ;
/*!50003 DROP PROCEDURE IF EXISTS `estadoResultado` */;
/*!50003 SET @saved_cs_client      = @@character_set_client */ ;
/*!50003 SET @saved_cs_results     = @@character_set_results */ ;
/*!50003 SET @saved_col_connection = @@collation_connection */ ;
/*!50003 SET character_set_client  = utf8 */ ;
/*!50003 SET character_set_results = utf8 */ ;
/*!50003 SET collation_connection  = utf8_general_ci */ ;
/*!50003 SET @saved_sql_mode       = @@sql_mode */ ;
/*!50003 SET sql_mode              = 'ONLY_FULL_GROUP_BY,STRICT_TRANS_TABLES,NO_ZERO_IN_DATE,NO_ZERO_DATE,ERROR_FOR_DIVISION_BY_ZERO,NO_ENGINE_SUBSTITUTION' */ ;
DELIMITER ;;
CREATE DEFINER=`web_contabilidad`@`%` PROCEDURE `estadoResultado`(
 in in_start_date date 
 , in in_end_date date 
 , in in_moneda varchar(1)
 , in in_id_empresa int
)
BEGIN

	DECLARE v_id_plan_cuenta		INT(11) ;
	DECLARE v_cuenta				VARCHAR(40) ;
	DECLARE v_nro_plan_cuenta		BIGINT(20) ;
	DECLARE v_nro_plan_cuenta_padre	BIGINT(20)  ;
	DECLARE v_suma_debe				DECIMAL(16,2) ;
	DECLARE v_suma_haber			DECIMAL(16,2) ;
	DECLARE v_saldo_debe_ingreso	DECIMAL(16,2) ;
    DECLARE v_saldo_haber_egreso	DECIMAL(16,2) ;
	DECLARE v_saldo_haber			DECIMAL(16,2) ;
	DECLARE v_nivel					INT ;
	
	-- call sumasYsaldosNivel (in_start_date, in_end_date, in_moneda, in_id_empresa, 5) ;

	select coalesce(f.v_saldo_haber,0) saldo_haber into @v_saldo_haber_egreso
    from tmp_sumas_saldos f
    where f.v_nro_plan_cuenta = 3 ;

	select coalesce(f.v_saldo_debe,0) saldo_debe into @v_saldo_debe_ingreso
    from tmp_sumas_saldos f
    where f.v_nro_plan_cuenta = 4 ;
    
	insert into tmp_sumas_saldos(
		v_id_plan_cuenta,
		v_cuenta,
		v_nro_plan_cuenta,
		v_nro_plan_cuenta_padre,
		v_suma_debe,
		v_suma_haber,
		v_saldo_haber,
        v_saldo_debe,
		v_nivel
    )values (
		0,
        'UTILIDAD DE LA GESTION',
        4,
        0,        
        0.001,
        0.001,        
        if (@v_saldo_haber_egreso > @v_saldo_debe_ingreso, @v_saldo_haber_egreso - @v_saldo_debe_ingreso, 0 ),        
        if (@v_saldo_debe_ingreso > @v_saldo_haber_egreso, @v_saldo_debe_ingreso - @v_saldo_haber_egreso, 0 ),
        0
    );
    
select * from tmp_sumas_saldos f
where (f.v_nro_plan_cuenta like '3%' or f.v_nro_plan_cuenta like '4%')
 and (f.v_saldo_debe > 0 or f.v_saldo_haber > 0 or f.v_id_plan_cuenta = 0);

END ;;
DELIMITER ;
/*!50003 SET sql_mode              = @saved_sql_mode */ ;
/*!50003 SET character_set_client  = @saved_cs_client */ ;
/*!50003 SET character_set_results = @saved_cs_results */ ;
/*!50003 SET collation_connection  = @saved_col_connection */ ;
/*!50003 DROP PROCEDURE IF EXISTS `generarKardexCliente` */;
/*!50003 SET @saved_cs_client      = @@character_set_client */ ;
/*!50003 SET @saved_cs_results     = @@character_set_results */ ;
/*!50003 SET @saved_col_connection = @@collation_connection */ ;
/*!50003 SET character_set_client  = utf8 */ ;
/*!50003 SET character_set_results = utf8 */ ;
/*!50003 SET collation_connection  = utf8_general_ci */ ;
/*!50003 SET @saved_sql_mode       = @@sql_mode */ ;
/*!50003 SET sql_mode              = 'ONLY_FULL_GROUP_BY,STRICT_TRANS_TABLES,NO_ZERO_IN_DATE,NO_ZERO_DATE,ERROR_FOR_DIVISION_BY_ZERO,NO_ENGINE_SUBSTITUTION' */ ;
DELIMITER ;;
CREATE DEFINER=`web_contabilidad`@`localhost` PROCEDURE `generarKardexCliente`(in in_id_cliente int,
 in in_id_selected int)
BEGIN

DECLARE v_id_documento		INT(11);
DECLARE v_id_transaccion 	INT (11);
DECLARE v_glosa				VARCHAR(128);
DECLARE v_fecha 			VARCHAR(16) ;
DECLARE v_vencimiento 		VARCHAR(16) ;
DECLARE v_forma_pago 		VARCHAR(2);
DECLARE v_monto_debe_nac	DECIMAL(12,2); 
DECLARE v_monto_haber_nac	DECIMAL(12,2);
DECLARE v_saldo_nac    		DECIMAL(12,2);
DECLARE v_monto_debe_ext	DECIMAL(12,2);
DECLARE v_monto_haber_ext	DECIMAL(12,2);
DECLARE v_saldo_ext   	    DECIMAL(12,2);
DECLARE v_tipo_documento	VARCHAR(2);
DECLARE v_estado			VARCHAR(1);
DECLARE v_row				VARCHAR(8);
DECLARE v_selected			VARCHAR(1);

DECLARE finished 			INTEGER DEFAULT 0 ;



DECLARE cur_nota_debito CURSOR FOR
	select 
		nd.id_nota_debito 			id_documento
        , ndtr.id_nota_debito_transaccion 	id_transaccion
        , ndtr.descripcion glosa
        , date_format(nd.fecha_emision, '%d/%m/%Y') 			fecha
        , date_format(nd.credito_vencimiento,'%d/%m/%Y') 	   vencimiento
		, nd.forma_pago 			forma_pago
        , ndtr.monto_bs				monto_debe_nac
        , 0							monto_haber_nac
        , coalesce(ndtr.monto_adeudado_bs,0) saldo_nac
        , ndtr.monto_usd 		monto_debe_ext
        , 0							monto_haber_ext
        , coalesce(ndtr.monto_adeudado_usd,0) saldo_ext
        , 'ND' tipo_documento
        , nd.estado
        , 'debito' v_row
        , case nd.id_nota_debito when in_id_selected then 'S' else 'N' end v_selected
	from cnt_nota_debito nd 
    inner join cnt_nota_debito_transaccion ndtr on ndtr.id_nota_debito = nd.id_nota_debito
    where nd.id_cliente = in_id_cliente and nd.estado in ( 'E' , 'M') ;
	
    


DECLARE cur_pago_anticipado CURSOR FOR
	select 
		pa.id_pago_anticipado 		id_documento 
        , pa.concepto glosa
		, date_format(pa.fecha_emision,'%d/%m/%Y')			fecha
		, null 						fecha_vencimiento	
		, pa.forma_pago				forma_pago
		, 0 						monto_debe_nac
		, case pa.moneda when 'B' then pa.monto_anticipado end monto_haber_nac
		, case pa.moneda when 'B' then ( pa.monto_anticipado - coalesce(pa.monto_total_acreditado,0)) end saldo_nac
		, 0							monto_debe_ext
		, case pa.moneda when 'U' then pa.monto_anticipado end monto_haber_ext
		, case pa.moneda when 'U' then ( pa.monto_anticipado - coalesce(pa.monto_total_acreditado,0)) end saldo_ext
		, 'PA' tipo_documento
		, pa.estado
        , 'deposito' v_row
        , case pa.id_pago_anticipado when in_id_selected then 'S' else 'N' end v_selected
	from cnt_pago_anticipado pa
    where pa.id_cliente = in_id_cliente and pa.estado in ( 'D' )  ;
    

    
declare continue handler for not found set finished = 1 ;


drop temporary table if exists tmp_kardex_cliente ;
create temporary table tmp_kardex_cliente (
	 v_id_documento		INT(11),
     v_glosa			varchar(128),
	 v_fecha 			varchar(16) ,
	 v_vencimiento 		varchar(16) ,
	 v_forma_pago 		VARCHAR(2),
	 v_monto_debe_nac	DECIMAL(12,2),
	 v_monto_haber_nac	DECIMAL(12,2),
	 v_saldo_nac    		DECIMAL(12,2),
	 v_monto_debe_ext	DECIMAL(12,2),
	 v_monto_haber_ext	DECIMAL(12,2),
	 v_saldo_ext   	    DECIMAL(12,2),
     v_tipo_documento	VARCHAR(2),
     v_estado			VARCHAR(1),
     v_row				VARCHAR(8),
     v_selected			VARCHAR(1)
) ;


open cur_nota_debito ;

	loop_cur_nota_debito: LOOP
			fetch cur_nota_debito into
						 v_id_documento ,
                         v_id_transaccion,
                         v_glosa,	
						 v_fecha 		,
						 v_vencimiento 	,
						 v_forma_pago 	,
						 v_monto_debe_nac,
						 v_monto_haber_nac,
						 v_saldo_nac    ,
						 v_monto_debe_ext,
						 v_monto_haber_ext,
						 v_saldo_ext   	  ,
                         v_tipo_documento,
                         v_estado,
                         v_row,
                         v_selected;
			if finished = 1 then 
            leave loop_cur_nota_debito ;
            end if ;
						 
						 
			insert into tmp_kardex_cliente values (
						 v_id_documento,
                         v_glosa		,
						 v_fecha 		,
						 v_vencimiento 	,
						 v_forma_pago 	,
						 v_monto_debe_nac,
						 v_monto_haber_nac,
						 v_saldo_nac    ,
						 v_monto_debe_ext,
						 v_monto_haber_ext,
						 v_saldo_ext   	  ,
                         v_tipo_documento,
                         v_estado,
                         v_row,
                         v_selected
			);
            
            
			 CALL  generarKardexClienteNdIc(v_id_transaccion, in_id_selected);
            
             CALL  generarKardexClienteNdNc(v_id_transaccion, in_id_selected);
            
             CALL  generarKardexClienteNdPa(v_id_transaccion, in_id_selected);
            
	END LOOP loop_cur_nota_debito ;

close cur_nota_debito ;



set finished = 0 ;
open cur_pago_anticipado ;

	loop_cur_pago_anticipado: LOOP
			fetch cur_pago_anticipado into
						 v_id_documento,
                         v_glosa	   ,
						 v_fecha 		,
						 v_vencimiento 	,
						 v_forma_pago 	,
						 v_monto_debe_nac,
						 v_monto_haber_nac,
						 v_saldo_nac    ,
						 v_monto_debe_ext,
						 v_monto_haber_ext,
						 v_saldo_ext   	  ,
                         v_tipo_documento,
                         v_estado,
                         v_row,
                         v_selected;
			if finished = 1 then 
            leave loop_cur_pago_anticipado ;
            end if ;

			insert into tmp_kardex_cliente values (
						 v_id_documento,
                         v_glosa	    ,
						 v_fecha 		,
						 v_vencimiento 	,
						 v_forma_pago 	,
						 v_monto_debe_nac,
						 v_monto_haber_nac,
						 v_saldo_nac    ,
						 v_monto_debe_ext,
						 v_monto_haber_ext,
						 v_saldo_ext   	  ,
                         v_tipo_documento,
                         v_estado,
                         v_row,
                         v_selected
			);
            
            
			 CALL generarKardexClientePaAc (v_id_documento, in_id_selected);
			
            
            
	END LOOP loop_cur_pago_anticipado ;

close cur_pago_anticipado ;






select * from tmp_kardex_cliente ;


END ;;
DELIMITER ;
/*!50003 SET sql_mode              = @saved_sql_mode */ ;
/*!50003 SET character_set_client  = @saved_cs_client */ ;
/*!50003 SET character_set_results = @saved_cs_results */ ;
/*!50003 SET collation_connection  = @saved_col_connection */ ;
/*!50003 DROP PROCEDURE IF EXISTS `generarKardexClienteNdIc` */;
/*!50003 SET @saved_cs_client      = @@character_set_client */ ;
/*!50003 SET @saved_cs_results     = @@character_set_results */ ;
/*!50003 SET @saved_col_connection = @@collation_connection */ ;
/*!50003 SET character_set_client  = utf8 */ ;
/*!50003 SET character_set_results = utf8 */ ;
/*!50003 SET collation_connection  = utf8_general_ci */ ;
/*!50003 SET @saved_sql_mode       = @@sql_mode */ ;
/*!50003 SET sql_mode              = 'ONLY_FULL_GROUP_BY,STRICT_TRANS_TABLES,NO_ZERO_IN_DATE,NO_ZERO_DATE,ERROR_FOR_DIVISION_BY_ZERO,NO_ENGINE_SUBSTITUTION' */ ;
DELIMITER ;;
CREATE DEFINER=`web_contabilidad`@`localhost` PROCEDURE `generarKardexClienteNdIc`(in in_id_nota_debito_transaccion int, 
in in_id_selected int)
BEGIN

DECLARE v_id_documento		INT(11);
DECLARE v_glosa 			VARCHAR(128) ;
DECLARE v_fecha 			VARCHAR(16) ;
DECLARE v_vencimiento 		VARCHAR(16);
DECLARE v_forma_pago 		VARCHAR(2);
DECLARE v_monto_debe_nac	DECIMAL(12,2); 
DECLARE v_monto_haber_nac	DECIMAL(12,2);
DECLARE v_saldo_nac    		DECIMAL(12,2);
DECLARE v_monto_debe_ext	DECIMAL(12,2);
DECLARE v_monto_haber_ext	DECIMAL(12,2);
DECLARE v_saldo_ext   	    DECIMAL(12,2);
DECLARE v_tipo_documento	VARCHAR(2);
DECLARE v_estado			VARCHAR(1);
DECLARE v_row				VARCHAR(8);
DECLARE v_selected			VARCHAR(1);

DECLARE finished 			INTEGER DEFAULT 0 ;

DECLARE cur_nota_ingreso CURSOR FOR
	select 
		   ic.id_ingreso_caja id_documento
           , ictr.descripcion glosa 
           , date_format(ic.fecha_emision ,'%d/%m/%Y') fecha  
           , null vencimiento
           , ic.forma_pago
           , 0 monto_debe_nac
           , ictr.monto_bs monto_haber_nac 
           , 0 saldo_nac
           , 0 monto_debe_ext
           , ictr.monto_usd monto_haber_ext
           , 0 saldo_ext
           , 'IC' tipo_documento
           , ictr.estado 
           , 'debito' v_row
           , case ic.id_ingreso_caja when in_id_selected then 'S' else 'N' end v_selected
		   from cnt_ingreso_transaccion ictr 
	inner join cnt_ingreso_caja ic on ictr.id_ingreso_caja = ic.id_ingreso_caja
	inner join cnt_nota_debito_transaccion ndtr on ndtr.id_nota_debito_transaccion = ictr.id_nota_transaccion
		where ndtr.id_nota_debito_transaccion = in_id_nota_debito_transaccion
        and ic.estado = 'E'
        ;
    
declare continue handler for not found set finished = 1 ;


open cur_nota_ingreso ;

	loop_cur_nota_ingreso: LOOP
			fetch cur_nota_ingreso into
						 v_id_documento,
                         v_glosa ,
						 v_fecha 		,
						 v_vencimiento 	,
						 v_forma_pago 	,
						 v_monto_debe_nac,
						 v_monto_haber_nac,
						 v_saldo_nac    ,
						 v_monto_debe_ext,
						 v_monto_haber_ext,
						 v_saldo_ext   	  ,
                         v_tipo_documento,
                         v_estado,
                         v_row,
                         v_selected;
			if finished = 1 then 
            leave loop_cur_nota_ingreso ;
            end if ;
						 
						 
			insert into tmp_kardex_cliente values (
						 v_id_documento,
                         v_glosa ,
						 v_fecha 		,
						 v_vencimiento 	,
						 v_forma_pago 	,
						 v_monto_debe_nac,
						 v_monto_haber_nac,
						 v_saldo_nac    ,
						 v_monto_debe_ext,
						 v_monto_haber_ext,
						 v_saldo_ext   	  ,
                         v_tipo_documento,
                         v_estado,
                         v_row,
                         v_selected
			);
            
	END LOOP loop_cur_nota_ingreso ;

close cur_nota_ingreso ;


END ;;
DELIMITER ;
/*!50003 SET sql_mode              = @saved_sql_mode */ ;
/*!50003 SET character_set_client  = @saved_cs_client */ ;
/*!50003 SET character_set_results = @saved_cs_results */ ;
/*!50003 SET collation_connection  = @saved_col_connection */ ;
/*!50003 DROP PROCEDURE IF EXISTS `generarKardexClienteNdNc` */;
/*!50003 SET @saved_cs_client      = @@character_set_client */ ;
/*!50003 SET @saved_cs_results     = @@character_set_results */ ;
/*!50003 SET @saved_col_connection = @@collation_connection */ ;
/*!50003 SET character_set_client  = utf8 */ ;
/*!50003 SET character_set_results = utf8 */ ;
/*!50003 SET collation_connection  = utf8_general_ci */ ;
/*!50003 SET @saved_sql_mode       = @@sql_mode */ ;
/*!50003 SET sql_mode              = 'ONLY_FULL_GROUP_BY,STRICT_TRANS_TABLES,NO_ZERO_IN_DATE,NO_ZERO_DATE,ERROR_FOR_DIVISION_BY_ZERO,NO_ENGINE_SUBSTITUTION' */ ;
DELIMITER ;;
CREATE DEFINER=`web_contabilidad`@`localhost` PROCEDURE `generarKardexClienteNdNc`(in in_id_nota_debito_transaccion int,
in in_id_selected int)
BEGIN

DECLARE v_id_documento		INT(11);
DECLARE v_glosa				VARCHAR(128);
DECLARE v_fecha 			VARCHAR(16) ;
DECLARE v_vencimiento 		VARCHAR(16);
DECLARE v_forma_pago 		VARCHAR(2);
DECLARE v_monto_debe_nac	DECIMAL(12,2); 
DECLARE v_monto_haber_nac	DECIMAL(12,2);
DECLARE v_saldo_nac    		DECIMAL(12,2);
DECLARE v_monto_debe_ext	DECIMAL(12,2);
DECLARE v_monto_haber_ext	DECIMAL(12,2);
DECLARE v_saldo_ext   	    DECIMAL(12,2);
DECLARE v_tipo_documento	VARCHAR(2);
DECLARE v_estado			VARCHAR(1);
DECLARE v_row				VARCHAR(8);
DECLARE v_selected			VARCHAR(1);

DECLARE finished 			INTEGER DEFAULT 0 ;

DECLARE cur_nota_ingreso CURSOR FOR
	select  
		   ic.id_nota_credito id_documento
           , ndtr.descripcion glosa
           , date_format(ic.fecha_emision,'%d/%m/%Y') fecha
           , null vencimiento
           , 'C'
           , 0 monto_debe_nac
           , ictr.monto_bs monto_haber_nac 
           , 0 saldo_nac
           , 0 monto_debe_ext
           , ictr.monto_usd monto_haber_ext
           , 0 saldo_ext
           , 'NC' tipo_documento
           , ic.estado
           , 'debito' v_row
           , case ic.id_nota_credito when in_id_selected then 'S' else 'N' end v_selected
		   from cnt_nota_credito_transaccion ictr 
	inner join cnt_nota_credito ic on ictr.id_nota_credito = ic.id_nota_credito
	inner join cnt_nota_debito_transaccion ndtr on ndtr.id_nota_debito_transaccion = ictr.id_nota_transaccion
		where ndtr.id_nota_debito_transaccion = in_id_nota_debito_transaccion 
        and ic.estado = 'E';
    
declare continue handler for not found set finished = 1 ;


open cur_nota_ingreso ;

	loop_cur_nota_ingreso: LOOP
			fetch cur_nota_ingreso into
						 v_id_documento,
                         v_glosa,
						 v_fecha 		,
						 v_vencimiento 	,
						 v_forma_pago 	,
						 v_monto_debe_nac,
						 v_monto_haber_nac,
						 v_saldo_nac    ,
						 v_monto_debe_ext,
						 v_monto_haber_ext,
						 v_saldo_ext   	  ,
                         v_tipo_documento,
                         v_estado,
                         v_row,
                         v_selected;
			if finished = 1 then 
            leave loop_cur_nota_ingreso ;
            end if ;
						 
						 
			insert into tmp_kardex_cliente values (
						 v_id_documento,
                         v_glosa,
						 v_fecha 		,
						 v_vencimiento 	,
						 v_forma_pago 	,
						 v_monto_debe_nac,
						 v_monto_haber_nac,
						 v_saldo_nac    ,
						 v_monto_debe_ext,
						 v_monto_haber_ext,
						 v_saldo_ext   	  ,
                         v_tipo_documento,
                         v_estado,
                         v_row,
                         v_selected
			);
            
	END LOOP loop_cur_nota_ingreso ;

close cur_nota_ingreso ;


END ;;
DELIMITER ;
/*!50003 SET sql_mode              = @saved_sql_mode */ ;
/*!50003 SET character_set_client  = @saved_cs_client */ ;
/*!50003 SET character_set_results = @saved_cs_results */ ;
/*!50003 SET collation_connection  = @saved_col_connection */ ;
/*!50003 DROP PROCEDURE IF EXISTS `generarKardexClienteNdPa` */;
/*!50003 SET @saved_cs_client      = @@character_set_client */ ;
/*!50003 SET @saved_cs_results     = @@character_set_results */ ;
/*!50003 SET @saved_col_connection = @@collation_connection */ ;
/*!50003 SET character_set_client  = utf8 */ ;
/*!50003 SET character_set_results = utf8 */ ;
/*!50003 SET collation_connection  = utf8_general_ci */ ;
/*!50003 SET @saved_sql_mode       = @@sql_mode */ ;
/*!50003 SET sql_mode              = 'ONLY_FULL_GROUP_BY,STRICT_TRANS_TABLES,NO_ZERO_IN_DATE,NO_ZERO_DATE,ERROR_FOR_DIVISION_BY_ZERO,NO_ENGINE_SUBSTITUTION' */ ;
DELIMITER ;;
CREATE DEFINER=`web_contabilidad`@`localhost` PROCEDURE `generarKardexClienteNdPa`(in in_id_nota_debito_transaccion int,
in in_id_selected int)
BEGIN

DECLARE v_id_documento		INT(11);
DECLARE v_glosa 			VARCHAR(128) ;
DECLARE v_fecha 			VARCHAR(16) ;
DECLARE v_vencimiento 		VARCHAR(16);
DECLARE v_forma_pago 		VARCHAR(2);
DECLARE v_monto_debe_nac	DECIMAL(12,2); 
DECLARE v_monto_haber_nac	DECIMAL(12,2);
DECLARE v_saldo_nac    		DECIMAL(12,2);
DECLARE v_monto_debe_ext	DECIMAL(12,2);
DECLARE v_monto_haber_ext	DECIMAL(12,2);
DECLARE v_saldo_ext   	    DECIMAL(12,2);
DECLARE v_tipo_documento	VARCHAR(2);
DECLARE v_estado			VARCHAR(1);
DECLARE v_row				VARCHAR(8);
DECLARE v_selected			VARCHAR(1);

DECLARE finished 			INTEGER DEFAULT 0 ;

DECLARE cur_nota_ingreso CURSOR FOR
	select distinct 
		   ic.id_pago_anticipado id_documento
           , ndtr.descripcion glosa 
           , date_format(ic.fecha_emision, '%d/%m/%Y') fecha
           , null vencimiento
           , 'C'
           , 0 monto_debe_nac
           , case ic.moneda when 'B' then ictr.monto end monto_haber_nac 
           , 0 saldo_nac
           , 0 monto_debe_ext
           , case ic.moneda when 'U' then ictr.monto end monto_haber_ext
           , 0 saldo_ext
           , 'PA' tipo_documento
           , ictr.estado
           , 'debito' v_row
           , case ic.id_pago_anticipado when in_id_selected then 'S' else 'N' end v_selected
		   from cnt_pago_anticipado ic
	inner join cnt_pago_anticipado_transaccion ictr on ictr.id_pago_anticipado = ic.id_pago_anticipado
	inner join cnt_nota_debito_transaccion ndtr on ndtr.id_nota_debito_transaccion = ictr.id_nota_debito_transaccion
		where ndtr.id_nota_debito_transaccion = in_id_nota_debito_transaccion
        and ic.estado = 'E' 
        ;
    
declare continue handler for not found set finished = 1 ;


open cur_nota_ingreso ;

	loop_cur_nota_ingreso: LOOP
			fetch cur_nota_ingreso into
						 v_id_documento,
                         v_glosa,
						 v_fecha 		,
						 v_vencimiento 	,
						 v_forma_pago 	,
						 v_monto_debe_nac,
						 v_monto_haber_nac,
						 v_saldo_nac    ,
						 v_monto_debe_ext,
						 v_monto_haber_ext,
						 v_saldo_ext   	  ,
                         v_tipo_documento,
                         v_estado,
                         v_row,
                         v_selected;
			if finished = 1 then 
            leave loop_cur_nota_ingreso ;
            end if ;
						 
						 
			insert into tmp_kardex_cliente values (
						 v_id_documento,
                         v_glosa ,
						 v_fecha 		,
						 v_vencimiento 	,
						 v_forma_pago 	,
						 v_monto_debe_nac,
						 v_monto_haber_nac,
						 v_saldo_nac    ,
						 v_monto_debe_ext,
						 v_monto_haber_ext,
						 v_saldo_ext   	  ,
                         v_tipo_documento,
                         v_estado,
						 v_row, 
                         v_selected
			);
            
	END LOOP loop_cur_nota_ingreso ;

close cur_nota_ingreso ;


END ;;
DELIMITER ;
/*!50003 SET sql_mode              = @saved_sql_mode */ ;
/*!50003 SET character_set_client  = @saved_cs_client */ ;
/*!50003 SET character_set_results = @saved_cs_results */ ;
/*!50003 SET collation_connection  = @saved_col_connection */ ;
/*!50003 DROP PROCEDURE IF EXISTS `generarKardexClientePaAc` */;
/*!50003 SET @saved_cs_client      = @@character_set_client */ ;
/*!50003 SET @saved_cs_results     = @@character_set_results */ ;
/*!50003 SET @saved_col_connection = @@collation_connection */ ;
/*!50003 SET character_set_client  = utf8 */ ;
/*!50003 SET character_set_results = utf8 */ ;
/*!50003 SET collation_connection  = utf8_general_ci */ ;
/*!50003 SET @saved_sql_mode       = @@sql_mode */ ;
/*!50003 SET sql_mode              = 'ONLY_FULL_GROUP_BY,STRICT_TRANS_TABLES,NO_ZERO_IN_DATE,NO_ZERO_DATE,ERROR_FOR_DIVISION_BY_ZERO,NO_ENGINE_SUBSTITUTION' */ ;
DELIMITER ;;
CREATE DEFINER=`web_contabilidad`@`localhost` PROCEDURE `generarKardexClientePaAc`(in in_id_pago_anticipado int, 
in in_id_selected int)
BEGIN

DECLARE v_id_documento		INT(11);
DECLARE v_glosa 			VARCHAR(128) ;
DECLARE v_fecha 			VARCHAR(16) ;
DECLARE v_vencimiento 		VARCHAR(16);
DECLARE v_forma_pago 		VARCHAR(2);
DECLARE v_monto_debe_nac	DECIMAL(12,2); 
DECLARE v_monto_haber_nac	DECIMAL(12,2);
DECLARE v_saldo_nac    		DECIMAL(12,2);
DECLARE v_monto_debe_ext	DECIMAL(12,2);
DECLARE v_monto_haber_ext	DECIMAL(12,2);
DECLARE v_saldo_ext   	    DECIMAL(12,2);
DECLARE v_tipo_documento	VARCHAR(2);
DECLARE v_estado			VARCHAR(1);
DECLARE v_row				VARCHAR(8);
DECLARE v_selected			VARCHAR(1);

DECLARE finished 			INTEGER DEFAULT 0 ;

DECLARE cur_pago_transaccion CURSOR FOR
		select 
			patr.id_pago_anticipado_transaccion 		id_documento 
            , patr.descripcion glosa 
			, date_format(pa.fecha_emision,'%d/%m/%Y')			fecha
			, null 						fecha_vencimiento	
			, pa.forma_pago				forma_pago
			, case pa.moneda when 'B' then patr.monto end monto_debe_nac
			, 0 						monto_haber_nac
			, 0 saldo_nac
			, case pa.moneda when 'U' then patr.monto end monto_debe_ext 
			, 0							monto_haber_ext
			, 0 saldo_ext
			, patr.tipo
			, patr.estado
			, 'deposito' v_row
            , case patr.id_pago_anticipado_transaccion when in_id_selected then 'S' else 'N' end v_selected
		from cnt_pago_anticipado_transaccion patr
		inner join cnt_pago_anticipado pa on pa.id_pago_anticipado = patr.id_pago_anticipado
		where pa.id_pago_anticipado = in_id_pago_anticipado;
    
declare continue handler for not found set finished = 1 ;


open cur_pago_transaccion ;

	loop_cur_pago_transaccion: LOOP
			fetch cur_pago_transaccion into
						 v_id_documento,
                         v_glosa ,
						 v_fecha 		,
						 v_vencimiento 	,
						 v_forma_pago 	,
						 v_monto_debe_nac,
						 v_monto_haber_nac,
						 v_saldo_nac    ,
						 v_monto_debe_ext,
						 v_monto_haber_ext,
						 v_saldo_ext   	  ,
                         v_tipo_documento,
                         v_estado,
                         v_row,
                         v_selected;
			if finished = 1 then 
            leave loop_cur_pago_transaccion ;
            end if ;
						 
						 
			insert into tmp_kardex_cliente values (
						 v_id_documento,
                         v_glosa ,
						 v_fecha 		,
						 v_vencimiento 	,
						 v_forma_pago 	,
						 v_monto_debe_nac,
						 v_monto_haber_nac,
						 v_saldo_nac    ,
						 v_monto_debe_ext,
						 v_monto_haber_ext,
						 v_saldo_ext   	  ,
                         v_tipo_documento,
                         v_estado,
						 v_row, 
                         v_selected
			);
            
	END LOOP loop_cur_pago_transaccion ;

close cur_pago_transaccion ;


END ;;
DELIMITER ;
/*!50003 SET sql_mode              = @saved_sql_mode */ ;
/*!50003 SET character_set_client  = @saved_cs_client */ ;
/*!50003 SET character_set_results = @saved_cs_results */ ;
/*!50003 SET collation_connection  = @saved_col_connection */ ;
/*!50003 DROP PROCEDURE IF EXISTS `generarKardexClientePaDe` */;
/*!50003 SET @saved_cs_client      = @@character_set_client */ ;
/*!50003 SET @saved_cs_results     = @@character_set_results */ ;
/*!50003 SET @saved_col_connection = @@collation_connection */ ;
/*!50003 SET character_set_client  = utf8 */ ;
/*!50003 SET character_set_results = utf8 */ ;
/*!50003 SET collation_connection  = utf8_general_ci */ ;
/*!50003 SET @saved_sql_mode       = @@sql_mode */ ;
/*!50003 SET sql_mode              = 'ONLY_FULL_GROUP_BY,STRICT_TRANS_TABLES,NO_ZERO_IN_DATE,NO_ZERO_DATE,ERROR_FOR_DIVISION_BY_ZERO,NO_ENGINE_SUBSTITUTION' */ ;
DELIMITER ;;
CREATE DEFINER=`web_contabilidad`@`localhost` PROCEDURE `generarKardexClientePaDe`(in in_id_pago_anticipado int)
BEGIN

DECLARE v_id_documento		INT(11);
DECLARE v_fecha 			VARCHAR(10);
DECLARE v_vencimiento 		VARCHAR(10) ;
DECLARE v_forma_pago 		VARCHAR(2);
DECLARE v_monto_debe_nac	DECIMAL(12,2); 
DECLARE v_monto_haber_nac	DECIMAL(12,2);
DECLARE v_saldo_nac    		DECIMAL(12,2);
DECLARE v_monto_debe_ext	DECIMAL(12,2);
DECLARE v_monto_haber_ext	DECIMAL(12,2);
DECLARE v_saldo_ext   	    DECIMAL(12,2);
DECLARE v_tipo_documento	VARCHAR(2);
DECLARE v_estado			VARCHAR(1);
DECLARE v_row				VARCHAR(8);
DECLARE v_selected			VARCHAR(1);

DECLARE finished 			INTEGER DEFAULT 0 ;

DECLARE cur_pago_transaccion CURSOR FOR
	select 
		de.id_devolucion 		id_documento 
		, date_format(de.fecha_emision,'%d/%m/%Y')			fecha
		, null 						fecha_vencimiento	
		, de.tipo_devolucion				forma_pago
		, case de.moneda when 'B' then de.monto end monto_debe_nac
		, 0 						monto_haber_nac
		, 0 saldo_nac
		, case de.moneda when 'U' then de.monto end monto_debe_ext 
		, 0							monto_haber_ext
		, 0 saldo_ext
		, 'DE' tipo
		, de.estado
		, 'deposito'
        , case de.id_devolucion when in_id_selected then 'S' else 'N' end v_selected
	from cnt_devolucion de
	inner join cnt_pago_anticipado pa on pa.id_pago_anticipado = de.id_pago_anticipado
	where pa.id_pago_anticipado = in_id_pago_anticipado 
    and de.estado = 'A'
    ;
    
declare continue handler for not found set finished = 1 ;


open cur_pago_transaccion ;

	loop_cur_pago_transaccion: LOOP
			fetch cur_pago_transaccion into
						 v_id_documento,
						 v_fecha 		,
						 v_vencimiento 	,
						 v_forma_pago 	,
						 v_monto_debe_nac,
						 v_monto_haber_nac,
						 v_saldo_nac    ,
						 v_monto_debe_ext,
						 v_monto_haber_ext,
						 v_saldo_ext   	  ,
                         v_tipo_documento,
                         v_estado,
                         v_row,
                         v_selected;
			if finished = 1 then 
            leave loop_cur_pago_transaccion ;
            end if ;
						 
						 
			insert into tmp_kardex_cliente values (
						 v_id_documento,
						 v_fecha 		,
						 v_vencimiento 	,
						 v_forma_pago 	,
						 v_monto_debe_nac,
						 v_monto_haber_nac,
						 v_saldo_nac    ,
						 v_monto_debe_ext,
						 v_monto_haber_ext,
						 v_saldo_ext   	  ,
                         v_tipo_documento,
                         v_estado,
						 v_row,
                         v_selected
			);
            
	END LOOP loop_cur_pago_transaccion ;

close cur_pago_transaccion ;


END ;;
DELIMITER ;
/*!50003 SET sql_mode              = @saved_sql_mode */ ;
/*!50003 SET character_set_client  = @saved_cs_client */ ;
/*!50003 SET character_set_results = @saved_cs_results */ ;
/*!50003 SET collation_connection  = @saved_col_connection */ ;
/*!50003 DROP PROCEDURE IF EXISTS `sumasYsaldosNivel` */;
/*!50003 SET @saved_cs_client      = @@character_set_client */ ;
/*!50003 SET @saved_cs_results     = @@character_set_results */ ;
/*!50003 SET @saved_col_connection = @@collation_connection */ ;
/*!50003 SET character_set_client  = utf8 */ ;
/*!50003 SET character_set_results = utf8 */ ;
/*!50003 SET collation_connection  = utf8_general_ci */ ;
/*!50003 SET @saved_sql_mode       = @@sql_mode */ ;
/*!50003 SET sql_mode              = 'ONLY_FULL_GROUP_BY,STRICT_TRANS_TABLES,NO_ZERO_IN_DATE,NO_ZERO_DATE,ERROR_FOR_DIVISION_BY_ZERO,NO_ENGINE_SUBSTITUTION' */ ;
DELIMITER ;;
CREATE DEFINER=`web_contabilidad`@`%` PROCEDURE `sumasYsaldosNivel`(
 in in_start_date date 
 , in in_end_date date 
 , in in_moneda varchar(1)
 , in in_id_empresa int
 , in in_nivel int
 )
BEGIN

DECLARE finished 			INTEGER DEFAULT 0 ;

DECLARE v_id_plan_cuenta		INT(11) ;
DECLARE v_cuenta				VARCHAR(40) ;
DECLARE v_nro_plan_cuenta		BIGINT(20) ;
DECLARE v_nro_plan_cuenta_padre	BIGINT(20)  ;
DECLARE v_suma_debe				DECIMAL(16,2) ;
DECLARE v_suma_haber			DECIMAL(16,2) ;
DECLARE v_saldo_debe			DECIMAL(16,2) ;
DECLARE v_saldo_haber			DECIMAL(16,2) ;
DECLARE v_nivel					INT ;

DECLARE v_suma_debe_total DECIMAL (16,2) ;
DECLARE v_suma_haber_total DECIMAL (16,2) ;

DECLARE v_saldo_debe_total DECIMAL (16,2) ;
DECLARE v_saldo_haber_total DECIMAL (16,2) ;
     
declare cur_sumas_saldos cursor for
	select 
      pc.id_plan_cuentas
	, pc.cuenta
    , pc.nro_plan_cuenta
    , pc.nro_plan_cuenta_padre
    , 0 suma_debe
    , 0 suma_haber
    , 0 saldo_debe
    , 0 saldo_haber
    , pc.nivel
    from cnt_plan_cuentas pc 
    where pc.id_empresa = in_id_empresa 
    and pc.nivel = 1;
    
 declare continue handler for not found set finished = 1 ;

drop temporary table if exists tmp_sumas_saldos ;
create temporary table tmp_sumas_saldos (
	 v_id_plan_cuenta			INT(11),
     v_cuenta					varchar(40),
     v_nro_plan_cuenta			bigint(20),
	 v_nro_plan_cuenta_padre	bigint(20) ,
	 v_suma_debe				decimal(16,2) ,
	 v_suma_haber				decimal(16,2) ,
	 v_saldo_debe				decimal(16,2) ,
	 v_saldo_haber				decimal(16,2) ,
	 v_nivel					int
) ;


open cur_sumas_saldos ;

	loop_cur_sumas_saldos : loop 
		fetch cur_sumas_saldos into 
			v_id_plan_cuenta
            , v_cuenta
            , v_nro_plan_cuenta
            , v_nro_plan_cuenta_padre
            , v_suma_debe
            , v_suma_haber
            , v_saldo_debe
            , v_saldo_haber
            , v_nivel ;
            
             if finished = 1 then 
             leave loop_cur_sumas_saldos ;
             end if ;

				insert into tmp_sumas_saldos (
					   v_id_plan_cuenta
					 , v_cuenta
					 , v_nro_plan_cuenta
					 , v_nro_plan_cuenta_padre
					 , v_suma_debe
					 , v_suma_haber
					 , v_saldo_debe
					 , v_saldo_haber
					 , v_nivel
				)values (
					v_id_plan_cuenta
					 , v_cuenta
					 , v_nro_plan_cuenta
					 , v_nro_plan_cuenta_padre
					 , v_suma_debe
					 , v_suma_haber
					 , v_saldo_debe
					 , v_saldo_haber
					 , v_nivel
				) ;
				
				
				call sumasYsaldosNivel2(in_start_date
									 , in_end_date
									 , in_moneda
									 , in_id_empresa
									 , v_nro_plan_cuenta
									 , v_nivel+1) ;
									 
				-- hay q llamar a actualizar la tabka tmp
				call sumasYsaldosNivelActualUpdate ( v_id_plan_cuenta, v_nro_plan_cuenta );

	end loop loop_cur_sumas_saldos ;
	
close cur_sumas_saldos ;


select 
	 sum(coalesce(t.v_suma_debe,0)) v_suma_debe
     ,sum(coalesce(t.v_saldo_debe,0)) v_saldo_debe
into 
	v_suma_debe_total
    ,v_saldo_debe_total
from tmp_sumas_saldos t
where t.v_nro_plan_cuenta in (1,2,3,4);


select 
	 sum(coalesce(t.v_suma_haber,0)) v_suma_haber
     ,sum(coalesce(t.v_saldo_haber,0)) v_saldo_haber
into 
	v_suma_haber_total
    ,v_saldo_haber_total
from tmp_sumas_saldos t
where t.v_nro_plan_cuenta in (1,2,3,4);

-- ---
insert into tmp_sumas_saldos (
	 v_id_plan_cuenta,
     v_cuenta,
     v_nro_plan_cuenta,
	 v_nro_plan_cuenta_padre,
	 v_suma_debe,
	 v_suma_haber,
	 v_saldo_debe,
	 v_saldo_haber,
	 v_nivel)
	values(
	 null ,
     'TOTALES' ,
     null ,
	 null,
	 v_suma_debe_total,
	 v_suma_haber_total,
	 -- if (v_suma_debe_total > v_suma_haber_total, v_suma_debe_total- v_suma_haber_total, 0),
	 -- if (v_suma_debe_total < v_suma_haber_total, v_suma_debe_total- v_suma_haber_total, 0),
     v_saldo_debe_total,
     v_saldo_haber_total,
	 0
     );

-- ---

select 
	 t.v_id_plan_cuenta,
     t.v_cuenta,
     t.v_nro_plan_cuenta,
	 t.v_nro_plan_cuenta_padre,
	 t.v_suma_debe,
	 t.v_suma_haber,
	 t.v_saldo_debe,
	 t.v_saldo_haber,
	 t.v_nivel
from tmp_sumas_saldos t
where t.v_nivel <= in_nivel;


END ;;
DELIMITER ;
/*!50003 SET sql_mode              = @saved_sql_mode */ ;
/*!50003 SET character_set_client  = @saved_cs_client */ ;
/*!50003 SET character_set_results = @saved_cs_results */ ;
/*!50003 SET collation_connection  = @saved_col_connection */ ;
/*!50003 DROP PROCEDURE IF EXISTS `sumasYsaldosNivel2` */;
/*!50003 SET @saved_cs_client      = @@character_set_client */ ;
/*!50003 SET @saved_cs_results     = @@character_set_results */ ;
/*!50003 SET @saved_col_connection = @@collation_connection */ ;
/*!50003 SET character_set_client  = utf8 */ ;
/*!50003 SET character_set_results = utf8 */ ;
/*!50003 SET collation_connection  = utf8_general_ci */ ;
/*!50003 SET @saved_sql_mode       = @@sql_mode */ ;
/*!50003 SET sql_mode              = 'ONLY_FULL_GROUP_BY,STRICT_TRANS_TABLES,NO_ZERO_IN_DATE,NO_ZERO_DATE,ERROR_FOR_DIVISION_BY_ZERO,NO_ENGINE_SUBSTITUTION' */ ;
DELIMITER ;;
CREATE DEFINER=`web_contabilidad`@`%` PROCEDURE `sumasYsaldosNivel2`(
 in in_start_date date 
 , in in_end_date date 
 , in in_moneda varchar(1)
 , in in_id_empresa int
 , in in_nro_plan_cuenta_padre bigint(20)
 , in in_nivel int
 )
BEGIN

DECLARE finished 			INTEGER DEFAULT 0 ;

DECLARE v_id_plan_cuenta		INT(11) ;
DECLARE v_cuenta				VARCHAR(40) ;
DECLARE v_nro_plan_cuenta		BIGINT(20) ;
DECLARE v_nro_plan_cuenta_padre	BIGINT(20)  ;
DECLARE v_suma_debe				DECIMAL(16,2) ;
DECLARE v_suma_haber			DECIMAL(16,2) ;
DECLARE v_saldo_debe			DECIMAL(16,2) ;
DECLARE v_saldo_haber			DECIMAL(16,2) ;
DECLARE v_nivel					INT ;
     
declare cur_sumas_saldos cursor for
	select 
      pc.id_plan_cuentas
	, pc.cuenta
    , pc.nro_plan_cuenta
    , pc.nro_plan_cuenta_padre
    , 0 suma_debe
    , 0 suma_haber
    , 0 saldo_debe
    , 0 saldo_haber
    , pc.nivel
    from cnt_plan_cuentas pc 
    where pc.id_empresa = in_id_empresa 
    and pc.nro_plan_cuenta_padre = in_nro_plan_cuenta_padre
    ;
    
declare continue handler for not found set finished = 1 ;

open cur_sumas_saldos ;

	loop_cur_sumas_saldos : loop 
		fetch cur_sumas_saldos into 
			v_id_plan_cuenta
            , v_cuenta
            , v_nro_plan_cuenta
            , v_nro_plan_cuenta_padre
            , v_suma_debe
            , v_suma_haber
            , v_saldo_debe
            , v_saldo_haber
            , v_nivel ;
            
             if finished = 1 then 
             leave loop_cur_sumas_saldos ;
             end if ;

			-- if v_nivel = 5 then 
				/*call sumasYsaldosNivel5insert (in_start_date
								 , in_end_date
                                 , in_moneda
                                 , in_id_empresa
                                 , v_id_plan_cuenta) ;		*/
            /*else
			begin*/
				insert into tmp_sumas_saldos (
					   v_id_plan_cuenta
					 , v_cuenta
					 , v_nro_plan_cuenta
					 , v_nro_plan_cuenta_padre
					 , v_suma_debe
					 , v_suma_haber
					 , v_saldo_debe
					 , v_saldo_haber
					 , v_nivel
				)values (
					v_id_plan_cuenta
					 , v_cuenta
					 , v_nro_plan_cuenta
					 , v_nro_plan_cuenta_padre
					 , v_suma_debe
					 , v_suma_haber
					 , v_saldo_debe
					 , v_saldo_haber
					 , v_nivel
				) ;
				
				
				call sumasYsaldosNivel3(in_start_date
									 , in_end_date
									 , in_moneda
									 , in_id_empresa
									 , v_nro_plan_cuenta
									 , v_nivel+1) ;
									 
				-- hay q llamar a actualizar la tabka tmp
				call sumasYsaldosNivelActualUpdate ( v_id_plan_cuenta, v_nro_plan_cuenta );
            /*end ;*/
			-- end if ;	
	end loop loop_cur_sumas_saldos ;
	
close cur_sumas_saldos ;

END ;;
DELIMITER ;
/*!50003 SET sql_mode              = @saved_sql_mode */ ;
/*!50003 SET character_set_client  = @saved_cs_client */ ;
/*!50003 SET character_set_results = @saved_cs_results */ ;
/*!50003 SET collation_connection  = @saved_col_connection */ ;
/*!50003 DROP PROCEDURE IF EXISTS `sumasYsaldosNivel3` */;
/*!50003 SET @saved_cs_client      = @@character_set_client */ ;
/*!50003 SET @saved_cs_results     = @@character_set_results */ ;
/*!50003 SET @saved_col_connection = @@collation_connection */ ;
/*!50003 SET character_set_client  = utf8 */ ;
/*!50003 SET character_set_results = utf8 */ ;
/*!50003 SET collation_connection  = utf8_general_ci */ ;
/*!50003 SET @saved_sql_mode       = @@sql_mode */ ;
/*!50003 SET sql_mode              = 'ONLY_FULL_GROUP_BY,STRICT_TRANS_TABLES,NO_ZERO_IN_DATE,NO_ZERO_DATE,ERROR_FOR_DIVISION_BY_ZERO,NO_ENGINE_SUBSTITUTION' */ ;
DELIMITER ;;
CREATE DEFINER=`web_contabilidad`@`%` PROCEDURE `sumasYsaldosNivel3`(
 in in_start_date date 
 , in in_end_date date 
 , in in_moneda varchar(1)
 , in in_id_empresa int
 , in in_nro_plan_cuenta_padre bigint(20)
 , in in_nivel int
 )
BEGIN

DECLARE finished 			INTEGER DEFAULT 0 ;

DECLARE v_id_plan_cuenta		INT(11) ;
DECLARE v_cuenta				VARCHAR(40) ;
DECLARE v_nro_plan_cuenta		BIGINT(20) ;
DECLARE v_nro_plan_cuenta_padre	BIGINT(20)  ;
DECLARE v_suma_debe				DECIMAL(16,2) ;
DECLARE v_suma_haber			DECIMAL(16,2) ;
DECLARE v_saldo_debe			DECIMAL(16,2) ;
DECLARE v_saldo_haber			DECIMAL(16,2) ;
DECLARE v_nivel					INT ;
     
declare cur_sumas_saldos cursor for
	select 
      pc.id_plan_cuentas
	, pc.cuenta
    , pc.nro_plan_cuenta
    , pc.nro_plan_cuenta_padre
    , 0 suma_debe
    , 0 suma_haber
    , 0 saldo_debe
    , 0 saldo_haber
    , pc.nivel
    from cnt_plan_cuentas pc 
    where pc.id_empresa = in_id_empresa 
    and pc.nro_plan_cuenta_padre = in_nro_plan_cuenta_padre
    ;
    
declare continue handler for not found set finished = 1 ;

open cur_sumas_saldos ;

	loop_cur_sumas_saldos : loop 
		fetch cur_sumas_saldos into 
			v_id_plan_cuenta
            , v_cuenta
            , v_nro_plan_cuenta
            , v_nro_plan_cuenta_padre
            , v_suma_debe
            , v_suma_haber
            , v_saldo_debe
            , v_saldo_haber
            , v_nivel ;
            
             if finished = 1 then 
             leave loop_cur_sumas_saldos ;
             end if ;

			-- if v_nivel = 5 then 
				/*call sumasYsaldosNivel5insert (in_start_date
								 , in_end_date
                                 , in_moneda
                                 , in_id_empresa
                                 , v_id_plan_cuenta) ;		*/
            /*else
			begin*/
				insert into tmp_sumas_saldos (
					   v_id_plan_cuenta
					 , v_cuenta
					 , v_nro_plan_cuenta
					 , v_nro_plan_cuenta_padre
					 , v_suma_debe
					 , v_suma_haber
					 , v_saldo_debe
					 , v_saldo_haber
					 , v_nivel
				)values (
					v_id_plan_cuenta
					 , v_cuenta
					 , v_nro_plan_cuenta
					 , v_nro_plan_cuenta_padre
					 , v_suma_debe
					 , v_suma_haber
					 , v_saldo_debe
					 , v_saldo_haber
					 , v_nivel
				) ;
				
				
				call sumasYsaldosNivel4(in_start_date
									 , in_end_date
									 , in_moneda
									 , in_id_empresa
									 , v_nro_plan_cuenta
									 , v_nivel+1) ;
									 
				-- hay q llamar a actualizar la tabka tmp
				call sumasYsaldosNivelActualUpdate ( v_id_plan_cuenta, v_nro_plan_cuenta );
            /*end ;*/
			-- end if ;	
	end loop loop_cur_sumas_saldos ;
	
close cur_sumas_saldos ;

END ;;
DELIMITER ;
/*!50003 SET sql_mode              = @saved_sql_mode */ ;
/*!50003 SET character_set_client  = @saved_cs_client */ ;
/*!50003 SET character_set_results = @saved_cs_results */ ;
/*!50003 SET collation_connection  = @saved_col_connection */ ;
/*!50003 DROP PROCEDURE IF EXISTS `sumasYsaldosNivel4` */;
/*!50003 SET @saved_cs_client      = @@character_set_client */ ;
/*!50003 SET @saved_cs_results     = @@character_set_results */ ;
/*!50003 SET @saved_col_connection = @@collation_connection */ ;
/*!50003 SET character_set_client  = utf8 */ ;
/*!50003 SET character_set_results = utf8 */ ;
/*!50003 SET collation_connection  = utf8_general_ci */ ;
/*!50003 SET @saved_sql_mode       = @@sql_mode */ ;
/*!50003 SET sql_mode              = 'ONLY_FULL_GROUP_BY,STRICT_TRANS_TABLES,NO_ZERO_IN_DATE,NO_ZERO_DATE,ERROR_FOR_DIVISION_BY_ZERO,NO_ENGINE_SUBSTITUTION' */ ;
DELIMITER ;;
CREATE DEFINER=`web_contabilidad`@`%` PROCEDURE `sumasYsaldosNivel4`(
 in in_start_date date 
 , in in_end_date date 
 , in in_moneda varchar(1)
 , in in_id_empresa int
 , in in_nro_plan_cuenta_padre bigint(20)
 , in in_nivel int
 )
BEGIN

DECLARE finished 			INTEGER DEFAULT 0 ;

DECLARE v_id_plan_cuenta		INT(11) ;
DECLARE v_cuenta				VARCHAR(40) ;
DECLARE v_nro_plan_cuenta		BIGINT(20) ;
DECLARE v_nro_plan_cuenta_padre	BIGINT(20)  ;
DECLARE v_suma_debe				DECIMAL(16,2) ;
DECLARE v_suma_haber			DECIMAL(16,2) ;
DECLARE v_saldo_debe			DECIMAL(16,2) ;
DECLARE v_saldo_haber			DECIMAL(16,2) ;
DECLARE v_nivel					INT ;
     
declare cur_sumas_saldos cursor for
	select 
      pc.id_plan_cuentas
	, pc.cuenta
    , pc.nro_plan_cuenta
    , pc.nro_plan_cuenta_padre
    , 0 suma_debe
    , 0 suma_haber
    , 0 saldo_debe
    , 0 saldo_haber
    , pc.nivel
    from cnt_plan_cuentas pc 
    where pc.id_empresa = in_id_empresa 
    and pc.nro_plan_cuenta_padre = in_nro_plan_cuenta_padre
    ;
    
declare continue handler for not found set finished = 1 ;

open cur_sumas_saldos ;

	loop_cur_sumas_saldos : loop 
		fetch cur_sumas_saldos into 
			v_id_plan_cuenta
            , v_cuenta
            , v_nro_plan_cuenta
            , v_nro_plan_cuenta_padre
            , v_suma_debe
            , v_suma_haber
            , v_saldo_debe
            , v_saldo_haber
            , v_nivel ;
            
             if finished = 1 then 
             leave loop_cur_sumas_saldos ;
             end if ;

			-- if v_nivel = 5 then 
				/*call sumasYsaldosNivel5insert (in_start_date
								 , in_end_date
                                 , in_moneda
                                 , in_id_empresa
                                 , v_id_plan_cuenta) ;		*/
            /*else
			begin*/
				insert into tmp_sumas_saldos (
					   v_id_plan_cuenta
					 , v_cuenta
					 , v_nro_plan_cuenta
					 , v_nro_plan_cuenta_padre
					 , v_suma_debe
					 , v_suma_haber
					 , v_saldo_debe
					 , v_saldo_haber
					 , v_nivel
				)values (
					v_id_plan_cuenta
					 , v_cuenta
					 , v_nro_plan_cuenta
					 , v_nro_plan_cuenta_padre
					 , v_suma_debe
					 , v_suma_haber
					 , v_saldo_debe
					 , v_saldo_haber
					 , v_nivel
				) ;
				
				
				call sumasYsaldosNivel5(in_start_date
									 , in_end_date
									 , in_moneda
									 , in_id_empresa
									 , v_nro_plan_cuenta
									 , v_nivel+1) ;
									 
				-- hay q llamar a actualizar la tabka tmp
				call sumasYsaldosNivelActualUpdate ( v_id_plan_cuenta, v_nro_plan_cuenta );
            /*end ;*/
			-- end if ;	
	end loop loop_cur_sumas_saldos ;
	
close cur_sumas_saldos ;

END ;;
DELIMITER ;
/*!50003 SET sql_mode              = @saved_sql_mode */ ;
/*!50003 SET character_set_client  = @saved_cs_client */ ;
/*!50003 SET character_set_results = @saved_cs_results */ ;
/*!50003 SET collation_connection  = @saved_col_connection */ ;
/*!50003 DROP PROCEDURE IF EXISTS `sumasYsaldosNivel5` */;
/*!50003 SET @saved_cs_client      = @@character_set_client */ ;
/*!50003 SET @saved_cs_results     = @@character_set_results */ ;
/*!50003 SET @saved_col_connection = @@collation_connection */ ;
/*!50003 SET character_set_client  = utf8 */ ;
/*!50003 SET character_set_results = utf8 */ ;
/*!50003 SET collation_connection  = utf8_general_ci */ ;
/*!50003 SET @saved_sql_mode       = @@sql_mode */ ;
/*!50003 SET sql_mode              = 'ONLY_FULL_GROUP_BY,STRICT_TRANS_TABLES,NO_ZERO_IN_DATE,NO_ZERO_DATE,ERROR_FOR_DIVISION_BY_ZERO,NO_ENGINE_SUBSTITUTION' */ ;
DELIMITER ;;
CREATE DEFINER=`web_contabilidad`@`%` PROCEDURE `sumasYsaldosNivel5`(
 in in_start_date date 
 , in in_end_date date 
 , in in_moneda varchar(1)
 , in in_id_empresa int
 , in in_nro_plan_cuenta_padre bigint(20)
 , in in_nivel int
 )
BEGIN

DECLARE finished 			INTEGER DEFAULT 0 ;

DECLARE v_id_plan_cuenta		INT(11) ;
DECLARE v_cuenta				VARCHAR(40) ;
DECLARE v_nro_plan_cuenta		BIGINT(20) ;
DECLARE v_nro_plan_cuenta_padre	BIGINT(20)  ;
DECLARE v_suma_debe				DECIMAL(16,2) ;
DECLARE v_suma_haber			DECIMAL(16,2) ;
DECLARE v_saldo_debe			DECIMAL(16,2) ;
DECLARE v_saldo_haber			DECIMAL(16,2) ;
DECLARE v_nivel					INT ;
     
declare cur_sumas_saldos cursor for
	select 
      pc.id_plan_cuentas
	, pc.cuenta
    , pc.nro_plan_cuenta
    , pc.nro_plan_cuenta_padre
    , 0 suma_debe
    , 0 suma_haber
    , 0 saldo_debe
    , 0 saldo_haber
    , pc.nivel
    from cnt_plan_cuentas pc 
    where pc.id_empresa = in_id_empresa 
    and pc.nro_plan_cuenta_padre = in_nro_plan_cuenta_padre
    ;
    
declare continue handler for not found set finished = 1 ;

open cur_sumas_saldos ;

	loop_cur_sumas_saldos : loop 
		fetch cur_sumas_saldos into 
			v_id_plan_cuenta
            , v_cuenta
            , v_nro_plan_cuenta
            , v_nro_plan_cuenta_padre
            , v_suma_debe
            , v_suma_haber
            , v_saldo_debe
            , v_saldo_haber
            , v_nivel ;
            
             if finished = 1 then 
             leave loop_cur_sumas_saldos ;
             end if ;

			-- if v_nivel = 5 then 
				call sumasYsaldosNivel5insert (in_start_date
								 , in_end_date
                                 , in_moneda
                                 , in_id_empresa
                                 , v_id_plan_cuenta) ;		
            /*else
			begin
				insert into tmp_sumas_saldos (
					   v_id_plan_cuenta
					 , v_cuenta
					 , v_nro_plan_cuenta
					 , v_nro_plan_cuenta_padre
					 , v_suma_debe
					 , v_suma_haber
					 , v_saldo_debe
					 , v_saldo_haber
					 , v_nivel
				)values (
					v_id_plan_cuenta
					 , v_cuenta
					 , v_nro_plan_cuenta
					 , v_nro_plan_cuenta_padre
					 , v_suma_debe
					 , v_suma_haber
					 , v_saldo_debe
					 , v_saldo_haber
					 , v_nivel
				) ;
				
				
				call sumasYsaldosNivel(in_start_date
									 , in_end_date
									 , in_moneda
									 , in_empresa
									 , v_nro_plan_cuenta
									 , v_nivel+1) ;
									 
				-- hay q llamar a actualizar la tabka tmp
				/*call updateSumasYsaldosNivelActual ( v_nro_plan_cuenta );*/
            /*end ;*/
			-- end if ;	
	end loop loop_cur_sumas_saldos ;
	
close cur_sumas_saldos ;

END ;;
DELIMITER ;
/*!50003 SET sql_mode              = @saved_sql_mode */ ;
/*!50003 SET character_set_client  = @saved_cs_client */ ;
/*!50003 SET character_set_results = @saved_cs_results */ ;
/*!50003 SET collation_connection  = @saved_col_connection */ ;
/*!50003 DROP PROCEDURE IF EXISTS `sumasYsaldosNivel5insert` */;
/*!50003 SET @saved_cs_client      = @@character_set_client */ ;
/*!50003 SET @saved_cs_results     = @@character_set_results */ ;
/*!50003 SET @saved_col_connection = @@collation_connection */ ;
/*!50003 SET character_set_client  = utf8 */ ;
/*!50003 SET character_set_results = utf8 */ ;
/*!50003 SET collation_connection  = utf8_general_ci */ ;
/*!50003 SET @saved_sql_mode       = @@sql_mode */ ;
/*!50003 SET sql_mode              = 'ONLY_FULL_GROUP_BY,STRICT_TRANS_TABLES,NO_ZERO_IN_DATE,NO_ZERO_DATE,ERROR_FOR_DIVISION_BY_ZERO,NO_ENGINE_SUBSTITUTION' */ ;
DELIMITER ;;
CREATE DEFINER=`web_contabilidad`@`%` PROCEDURE `sumasYsaldosNivel5insert`(
  in in_start_date date 
, in in_end_date date 
, in in_moneda varchar(1)
, in in_id_empresa int
, in in_id_plan_cuenta int
)
BEGIN

DECLARE finished 			INTEGER DEFAULT 0 ;

DECLARE v_id_plan_cuenta		INT(11) ;
DECLARE v_cuenta				VARCHAR(40) ;
DECLARE v_nro_plan_cuenta		BIGINT(20) ;
DECLARE v_nro_plan_cuenta_padre	BIGINT(20)  ;
DECLARE v_suma_debe				DECIMAL(16,2) ;
DECLARE v_suma_haber			DECIMAL(16,2) ;
DECLARE v_saldo_debe			DECIMAL(16,2) ;
DECLARE v_saldo_haber			DECIMAL(16,2) ;
DECLARE v_nivel					INT ;
     
declare cur_sumas_saldos_nivel_5 cursor for
select 
	A.id_plan_cuentas
  , A.cuenta
  , A.nro_plan_cuenta
  , A.nro_plan_cuenta_padre
  , A.suma_debe
  , A.suma_haber
  , if (A.suma_debe > A.suma_haber , A.suma_debe - A.suma_haber, 0 ) saldo_debe
  , if (A.suma_debe < A.suma_haber , A.suma_haber - A.suma_debe , 0 ) saldo_haber
  , A.nivel
  FROM (
	 select 
      pc.id_plan_cuentas
    , pc.cuenta
    , pc.nro_plan_cuenta
    , pc.nro_plan_cuenta_padre
    , sum(if ( in_moneda ='B' , coalesce(ac.monto_debe_nac,0), coalesce(ac.monto_debe_ext) )) suma_debe -- true para B  y false para U
    , sum(if ( in_moneda ='B' , coalesce(ac.monto_haber_nac,0), coalesce(ac.monto_haber_ext) )) suma_haber
    , 0 saldo_debe
    , 0 saldo_haber
    , pc.nivel

    from cnt_plan_cuentas pc 
    inner join cnt_asiento_contable ac on ac.id_plan_cuenta = pc.id_plan_cuentas
    where pc.id_plan_cuentas = in_id_plan_cuenta
    and fecha_movimiento between in_start_date and in_end_date
    and ac.estado = 'E'
    group by pc.id_plan_cuentas
    , pc.cuenta
    , pc.nro_plan_cuenta
    , pc.nro_plan_cuenta_padre
    
)A;
    
declare continue handler for not found set finished = 1 ;

open cur_sumas_saldos_nivel_5 ;

	loop_cur_sumas_saldos : loop 
		fetch cur_sumas_saldos_nivel_5 into 
			v_id_plan_cuenta
            , v_cuenta
            , v_nro_plan_cuenta
            , v_nro_plan_cuenta_padre
            , v_suma_debe
            , v_suma_haber
            , v_saldo_debe
            , v_saldo_haber
            , v_nivel ;
            
            if finished = 1 then 
            leave loop_cur_sumas_saldos ;
            end if ;


			insert into tmp_sumas_saldos (
            	   v_id_plan_cuenta
                 , v_cuenta
                 , v_nro_plan_cuenta
                 , v_nro_plan_cuenta_padre
                 , v_suma_debe
                 , v_suma_haber
                 , v_saldo_debe
                 , v_saldo_haber
                 , v_nivel
            )values (
				v_id_plan_cuenta
                 , v_cuenta
                 , v_nro_plan_cuenta
                 , v_nro_plan_cuenta_padre
                 , v_suma_debe
                 , v_suma_haber
                 , v_saldo_debe
                 , v_saldo_haber
                 , v_nivel
            ) ;
	

	end loop loop_cur_sumas_saldos ;
	
close cur_sumas_saldos_nivel_5 ;

END ;;
DELIMITER ;
/*!50003 SET sql_mode              = @saved_sql_mode */ ;
/*!50003 SET character_set_client  = @saved_cs_client */ ;
/*!50003 SET character_set_results = @saved_cs_results */ ;
/*!50003 SET collation_connection  = @saved_col_connection */ ;
/*!50003 DROP PROCEDURE IF EXISTS `sumasYsaldosNivelActualUpdate` */;
/*!50003 SET @saved_cs_client      = @@character_set_client */ ;
/*!50003 SET @saved_cs_results     = @@character_set_results */ ;
/*!50003 SET @saved_col_connection = @@collation_connection */ ;
/*!50003 SET character_set_client  = utf8 */ ;
/*!50003 SET character_set_results = utf8 */ ;
/*!50003 SET collation_connection  = utf8_general_ci */ ;
/*!50003 SET @saved_sql_mode       = @@sql_mode */ ;
/*!50003 SET sql_mode              = 'ONLY_FULL_GROUP_BY,STRICT_TRANS_TABLES,NO_ZERO_IN_DATE,NO_ZERO_DATE,ERROR_FOR_DIVISION_BY_ZERO,NO_ENGINE_SUBSTITUTION' */ ;
DELIMITER ;;
CREATE DEFINER=`web_contabilidad`@`%` PROCEDURE `sumasYsaldosNivelActualUpdate`(
in in_id_plan_cuenta int ,
in in_nro_plan_cuenta bigint(20)
)
BEGIN

DECLARE finished 			INTEGER DEFAULT 0 ;

DECLARE vx_suma_debe			DECIMAL(16,2) ;
DECLARE vx_suma_haber			DECIMAL(16,2) ;
DECLARE vx_saldo_debe			DECIMAL(16,2) ;
DECLARE vx_saldo_haber			DECIMAL(16,2) ;
     
declare cur_sumas_saldos cursor for

select 
	coalesce(A.suma_debe,0)
  , coalesce(A.suma_haber,0)
  , if (A.suma_debe > A.suma_haber , A.suma_debe - A.suma_haber, 0 ) saldo_debe
  , if (A.suma_debe < A.suma_haber , A.suma_haber - A.suma_debe , 0 ) saldo_haber
FROM (
	select
		   sum(coalesce(v_suma_debe,0)) suma_debe
		 , sum(coalesce(v_suma_haber,0)) suma_haber
		 , sum(coalesce(v_saldo_debe,0)) saldo_debe
		 , sum(coalesce(v_saldo_haber,0)) saldo_haber
		from tmp_sumas_saldos
		where v_nro_plan_cuenta_padre =  in_nro_plan_cuenta
) A;
    
declare continue handler for not found set finished = 1 ;

open cur_sumas_saldos ;

	loop_cur_sumas_saldos : loop 
		fetch cur_sumas_saldos into 
              vx_suma_debe
            , vx_suma_haber
            , vx_saldo_debe
            , vx_saldo_haber;
            
            if finished = 1 then 
            leave loop_cur_sumas_saldos ;
            end if ;

			update tmp_sumas_saldos 
            set   v_suma_debe   = vx_suma_debe
                , v_suma_haber  = vx_suma_haber
                , v_saldo_debe  = vx_saldo_debe
                , v_saldo_haber = vx_saldo_haber
			where v_id_plan_cuenta = in_id_plan_cuenta ;

	end loop loop_cur_sumas_saldos ;
	
close cur_sumas_saldos ;

END ;;
DELIMITER ;
/*!50003 SET sql_mode              = @saved_sql_mode */ ;
/*!50003 SET character_set_client  = @saved_cs_client */ ;
/*!50003 SET character_set_results = @saved_cs_results */ ;
/*!50003 SET collation_connection  = @saved_col_connection */ ;
/*!50003 DROP PROCEDURE IF EXISTS `updateBoletoNotaDebito` */;
/*!50003 SET @saved_cs_client      = @@character_set_client */ ;
/*!50003 SET @saved_cs_results     = @@character_set_results */ ;
/*!50003 SET @saved_col_connection = @@collation_connection */ ;
/*!50003 SET character_set_client  = utf8 */ ;
/*!50003 SET character_set_results = utf8 */ ;
/*!50003 SET collation_connection  = utf8_general_ci */ ;
/*!50003 SET @saved_sql_mode       = @@sql_mode */ ;
/*!50003 SET sql_mode              = 'ONLY_FULL_GROUP_BY,STRICT_TRANS_TABLES,NO_ZERO_IN_DATE,NO_ZERO_DATE,ERROR_FOR_DIVISION_BY_ZERO,NO_ENGINE_SUBSTITUTION' */ ;
DELIMITER ;;
CREATE DEFINER=`web_contabilidad`@`localhost` PROCEDURE `updateBoletoNotaDebito`(in in_id_boleto int, 
in in_id_nota_transaccion int)
BEGIN
DECLARE v_iata VARCHAR(4);
DECLARE v_tipo_cupon VARCHAR(2);
DECLARE v_numero bigint(18);
DECLARE v_tipo_boleto VARCHAR(2);
DECLARE v_ruta_1 VARCHAR(4);
DECLARE v_ruta_2 VARCHAR(4);
DECLARE v_ruta_3 VARCHAR(4);
DECLARE v_ruta_4 VARCHAR(4);
DECLARE v_ruta_5 VARCHAR(4);
DECLARE v_nombre_pasajero VARCHAR(64);
DECLARE v_moneda VARCHAR(2);
DECLARE v_gestion INT;
DECLARE v_total_boleto DECIMAL(12,2);
DECLARE v_id_transaccion INT;

DECLARE cur_boleto CURSOR FOR
	select a.numero, 
    b.tipo_cupon,
    b.numero,
    b.tipo_boleto,
	coalesce(b.id_ruta_1,'') id_ruta_1, 
	coalesce(b.id_ruta_2,'') id_ruta_2,
	coalesce(b.id_ruta_3,'') id_ruta_3,
	coalesce(b.id_ruta_4,'') id_ruta_4,
	coalesce(b.id_ruta_5,'') id_ruta_5,
	coalesce(b.nombre_pasajero,''), 
    b.moneda, 
    b.total_monto_cobrar,
    b.gestion
	from cnt_boleto b
	inner join cnt_aerolinea a on a.id_aerolinea=b.id_aerolinea
	where b.id_boleto = in_id_boleto;

OPEN cur_boleto ;

FETCH cur_boleto into 
	v_iata, 
    v_tipo_cupon, 
    v_numero, 
    v_tipo_boleto,
	v_ruta_1, 
    v_ruta_2, 
    v_ruta_3, 
    v_ruta_4, 
    v_ruta_5,
	v_nombre_pasajero, 
    v_moneda, 
    v_total_boleto, 
    v_gestion;

IF v_tipo_boleto = 'SV' OR v_tipo_boleto = 'AV' OR  v_tipo_boleto = 'MV' THEN
	IF v_moneda = 'U' THEN
		UPDATE cnt_nota_debito_transaccion SET
            descripcion = concat( coalesce(v_iata,''),'/','#',coalesce(v_numero,''),'/',coalesce(v_nombre_pasajero,'')),
            monto_usd   = v_total_boleto,
            monto_bs 	= null,
            monto_adeudado_usd   = v_total_boleto,
            monto_adeudado_bs	 = null
            
		WHERE  id_nota_debito_transaccion = in_id_nota_transaccion;

	ELSEIF v_moneda = 'B' THEN
		UPDATE cnt_nota_debito_transaccion SET
            descripcion = concat(coalesce(v_iata,''),'/','#',coalesce(v_numero,''),'/',coalesce(v_nombre_pasajero,'')),
            monto_bs    = v_total_boleto,
            monto_usd	= null ,
            monto_adeudado_bs    = v_total_boleto,
            monto_adeudado_usd = null
		WHERE  id_nota_debito_transaccion = in_id_nota_transaccion;
		
    END IF ;
ELSEIF v_tipo_boleto = 'SA' OR v_tipo_boleto = 'AM' OR  v_tipo_boleto = 'MA' THEN
IF v_moneda = 'U' THEN
		UPDATE cnt_nota_debito_transaccion SET
            descripcion	= concat(v_iata,'/','#',v_numero,'/',v_nombre_pasajero,'/',v_ruta_1,'/',v_ruta_2,'/',v_ruta_3,'/',v_ruta_4,'/',v_ruta_5),
            monto_usd 	= v_total_boleto,
            monto_bs 	= null,
            monto_adeudado_usd 	= v_total_boleto,
            monto_adeudado_bs 	= null
		WHERE id_nota_debito_transaccion = in_id_nota_transaccion;
        
	ELSEIF v_moneda = 'B' THEN
		UPDATE cnt_nota_debito_transaccion SET			
            descripcion	= concat(v_iata,'/','#',v_numero,'/',v_nombre_pasajero,'/',v_ruta_1,'/',v_ruta_2,'/',v_ruta_3,'/',v_ruta_4,'/',v_ruta_5), 
            monto_bs 	= v_total_boleto,
            monto_usd	= null,
            monto_adeudado_bs 	= v_total_boleto,
            monto_adeudado_usd	= null
		WHERE id_nota_debito_transaccion = in_id_nota_transaccion;
        
    END IF ;
END IF ;

CLOSE cur_boleto ;


END ;;
DELIMITER ;
/*!50003 SET sql_mode              = @saved_sql_mode */ ;
/*!50003 SET character_set_client  = @saved_cs_client */ ;
/*!50003 SET character_set_results = @saved_cs_results */ ;
/*!50003 SET collation_connection  = @saved_col_connection */ ;
/*!50003 DROP PROCEDURE IF EXISTS `updateComprobanteContable` */;
/*!50003 SET @saved_cs_client      = @@character_set_client */ ;
/*!50003 SET @saved_cs_results     = @@character_set_results */ ;
/*!50003 SET @saved_col_connection = @@collation_connection */ ;
/*!50003 SET character_set_client  = utf8 */ ;
/*!50003 SET character_set_results = utf8 */ ;
/*!50003 SET collation_connection  = utf8_general_ci */ ;
/*!50003 SET @saved_sql_mode       = @@sql_mode */ ;
/*!50003 SET sql_mode              = 'ONLY_FULL_GROUP_BY,STRICT_TRANS_TABLES,NO_ZERO_IN_DATE,NO_ZERO_DATE,ERROR_FOR_DIVISION_BY_ZERO,NO_ENGINE_SUBSTITUTION' */ ;
DELIMITER ;;
CREATE DEFINER=`web_contabilidad`@`localhost` PROCEDURE `updateComprobanteContable`(IN in_id_boleto INT)
BEGIN
DECLARE v_id_libro INT ;
DECLARE v_total_debe_nac DECIMAL(12,2);
DECLARE v_total_haber_nac DECIMAL(12,2);
DECLARE v_total_debe_ext DECIMAL(12,2);
DECLARE v_total_haber_ext DECIMAL(12,2);
DECLARE done_boleto INT DEFAULT FALSE;
DECLARE hay_transacciones INT DEFAULT FALSE;


DECLARE cur_libros_boleto CURSOR FOR
	SELECT DISTINCT id_libro 
    FROM cnt_asiento_contable 
    WHERE id_boleto = in_id_boleto 
    ORDER BY id_libro;

DECLARE CONTINUE HANDLER FOR NOT FOUND SET done_boleto = TRUE;

OPEN cur_libros_boleto;

LOOP_BOLETO : LOOP 
	
	FETCH cur_libros_boleto into v_id_libro;
    
	BLOCK_ASIENTOS : BEGIN
		
		DECLARE done_asientos INT DEFAULT FALSE;
        DECLARE cur_asientos CURSOR FOR
		SELECT 
			SUM(monto_debe_nac) total_debe_nac ,
			SUM(monto_haber_nac) total_haber_nac ,
			SUM(monto_debe_ext) total_debe_ext ,
			SUM(monto_haber_ext) total_debe_ext 
		FROM cnt_asiento_contable ac
		INNER JOIN cnt_comprobante_contable cc on cc.id_libro = ac.id_libro
		WHERE ac.estado = 'E' and ac.id_libro = v_id_libro
		GROUP BY cc.tipo,cc.id_libro;
        
		DECLARE CONTINUE HANDLER FOR NOT FOUND SET done_asientos = TRUE;
        
		IF done_boleto THEN
		LEAVE LOOP_BOLETO ;
		END IF;
        
        
        
        OPEN cur_asientos;
        LOOP_ASIENTOS :LOOP
			
			FETCH cur_asientos INTO v_total_debe_nac, v_total_haber_nac, v_total_debe_ext, v_total_haber_ext;
            
			
            
            
            
            
			IF v_total_debe_nac is null AND v_total_haber_nac is null AND v_total_debe_ext is null AND v_total_haber_ext is null THEN
				
				UPDATE cnt_comprobante_contable 
					SET total_debe_nac 	= v_total_debe_nac,
						total_haber_nac = v_total_haber_nac,
						total_debe_ext 	= v_total_debe_ext,
						total_haber_ext = v_total_haber_ext,
						estado = 'A'
					WHERE id_libro = v_id_libro ;
			else
				
				UPDATE cnt_comprobante_contable 
					SET total_debe_nac 	= v_total_debe_nac,
						total_haber_nac = v_total_haber_nac,
						total_debe_ext 	= v_total_debe_ext,
						total_haber_ext = v_total_haber_ext						
					WHERE id_libro = v_id_libro ;
            END IF ;
                    
			IF done_asientos THEN
			LEAVE LOOP_ASIENTOS ;
			END IF;
        
        END LOOP LOOP_ASIENTOS;
        CLOSE cur_asientos;
        
    END BLOCK_ASIENTOS;

END LOOP LOOP_BOLETO;
ClOSE cur_libros_boleto ;
END ;;
DELIMITER ;
/*!50003 SET sql_mode              = @saved_sql_mode */ ;
/*!50003 SET character_set_client  = @saved_cs_client */ ;
/*!50003 SET character_set_results = @saved_cs_results */ ;
/*!50003 SET collation_connection  = @saved_col_connection */ ;
/*!50003 DROP PROCEDURE IF EXISTS `updateComprobanteContableAnularTransaccion` */;
/*!50003 SET @saved_cs_client      = @@character_set_client */ ;
/*!50003 SET @saved_cs_results     = @@character_set_results */ ;
/*!50003 SET @saved_col_connection = @@collation_connection */ ;
/*!50003 SET character_set_client  = utf8 */ ;
/*!50003 SET character_set_results = utf8 */ ;
/*!50003 SET collation_connection  = utf8_general_ci */ ;
/*!50003 SET @saved_sql_mode       = @@sql_mode */ ;
/*!50003 SET sql_mode              = 'ONLY_FULL_GROUP_BY,STRICT_TRANS_TABLES,NO_ZERO_IN_DATE,NO_ZERO_DATE,ERROR_FOR_DIVISION_BY_ZERO,NO_ENGINE_SUBSTITUTION' */ ;
DELIMITER ;;
CREATE DEFINER=`web_contabilidad`@`localhost` PROCEDURE `updateComprobanteContableAnularTransaccion`(in in_id_libro int)
BEGIN
DECLARE v_total_debe_nac DECIMAL(12,2);
DECLARE v_total_debe_ext DECIMAL(12,2);
DECLARE v_total_haber_nac DECIMAL(12,2);
DECLARE v_total_haber_ext DECIMAL(12,2);


DECLARE cur_transacciones CURSOR FOR
SELECT 			
	sum(monto_debe_nac) total_debe_nac , 
    sum(monto_debe_ext) total_debe_ext ,
    sum(monto_haber_nac) total_haber_nac ,
	sum(monto_haber_ext) total_haber_ext 
FROM cnt_asiento_contable ac
WHERE ac.estado in ('E','P') and ac.id_libro= in_id_libro;

OPEN cur_transacciones;
	FETCH cur_transacciones INTO v_total_debe_nac, v_total_debe_ext,
		v_total_haber_nac, v_total_haber_ext;

	IF v_total_debe_nac is null AND v_total_debe_ext is null
		AND v_total_haber_nac is null AND v_total_haber_ext is null
    THEN
		
		UPDATE cnt_comprobante_contable 
			SET total_haber_nac = v_total_haber_nac,
				total_haber_ext = v_total_haber_ext,						
                total_debe_nac = v_total_debe_nac,
                total_debe_ext = v_total_debe_ext,
				estado = 'A'
			WHERE id_libro = in_id_libro;
	ELSE
		
		UPDATE cnt_comprobante_contable 
			SET total_haber_nac = v_total_haber_nac,
				total_haber_ext = v_total_haber_ext,						
                total_debe_nac = v_total_debe_nac,
                total_debe_ext = v_total_debe_ext
			WHERE id_libro = in_id_libro ;
	END IF ;

CLOSE cur_transacciones ;
END ;;
DELIMITER ;
/*!50003 SET sql_mode              = @saved_sql_mode */ ;
/*!50003 SET character_set_client  = @saved_cs_client */ ;
/*!50003 SET character_set_results = @saved_cs_results */ ;
/*!50003 SET collation_connection  = @saved_col_connection */ ;
/*!50003 DROP PROCEDURE IF EXISTS `updateComprobanteContableUpdateAsiento` */;
/*!50003 SET @saved_cs_client      = @@character_set_client */ ;
/*!50003 SET @saved_cs_results     = @@character_set_results */ ;
/*!50003 SET @saved_col_connection = @@collation_connection */ ;
/*!50003 SET character_set_client  = utf8 */ ;
/*!50003 SET character_set_results = utf8 */ ;
/*!50003 SET collation_connection  = utf8_general_ci */ ;
/*!50003 SET @saved_sql_mode       = @@sql_mode */ ;
/*!50003 SET sql_mode              = 'ONLY_FULL_GROUP_BY,STRICT_TRANS_TABLES,NO_ZERO_IN_DATE,NO_ZERO_DATE,ERROR_FOR_DIVISION_BY_ZERO,NO_ENGINE_SUBSTITUTION' */ ;
DELIMITER ;;
CREATE DEFINER=`web_contabilidad`@`localhost` PROCEDURE `updateComprobanteContableUpdateAsiento`(IN in_id_libro INT)
BEGIN
DECLARE v_total_debe_nac DECIMAL(12,2);
DECLARE v_total_haber_nac DECIMAL(12,2);
DECLARE v_total_debe_ext DECIMAL(12,2);
DECLARE v_total_haber_ext DECIMAL(12,2);

DECLARE done_asientos INT DEFAULT FALSE;

DECLARE cur_asientos CURSOR FOR
SELECT 
	SUM(monto_debe_nac) total_debe_nac ,
	SUM(monto_haber_nac) total_haber_nac ,
	SUM(monto_debe_ext) total_debe_ext ,
	SUM(monto_haber_ext) total_debe_ext 
FROM cnt_asiento_contable ac
INNER JOIN cnt_comprobante_contable cc on cc.id_libro = ac.id_libro
WHERE ac.estado = 'E' and ac.id_libro = in_id_libro
GROUP BY cc.tipo,cc.id_libro;

DECLARE CONTINUE HANDLER FOR NOT FOUND SET done_asientos = TRUE;

OPEN cur_asientos;
LOOP_ASIENTOS :LOOP
	
	FETCH cur_asientos INTO v_total_debe_nac, v_total_haber_nac, v_total_debe_ext, v_total_haber_ext;

	
	IF v_total_debe_nac is null AND v_total_haber_nac is null AND v_total_debe_ext is null AND v_total_haber_ext is null THEN
		-- anulado
		UPDATE cnt_comprobante_contable 
			SET total_debe_nac 	= v_total_debe_nac,
				total_haber_nac = v_total_haber_nac,
				total_debe_ext 	= v_total_debe_ext,
				total_haber_ext = v_total_haber_ext,
				estado = 'A'
			WHERE id_libro = v_id_libro ;
	else
		
		UPDATE cnt_comprobante_contable 
			SET total_debe_nac 	= v_total_debe_nac,
				total_haber_nac = v_total_haber_nac,
				total_debe_ext 	= v_total_debe_ext,
				total_haber_ext = v_total_haber_ext						
			WHERE id_libro = v_id_libro ;
	END IF ;
			
	IF done_asientos THEN
	LEAVE LOOP_ASIENTOS ;
	END IF;

END LOOP LOOP_ASIENTOS;
CLOSE cur_asientos;
	
END ;;
DELIMITER ;
/*!50003 SET sql_mode              = @saved_sql_mode */ ;
/*!50003 SET character_set_client  = @saved_cs_client */ ;
/*!50003 SET character_set_results = @saved_cs_results */ ;
/*!50003 SET collation_connection  = @saved_col_connection */ ;
/*!50003 DROP PROCEDURE IF EXISTS `updateIngresoCaja` */;
/*!50003 SET @saved_cs_client      = @@character_set_client */ ;
/*!50003 SET @saved_cs_results     = @@character_set_results */ ;
/*!50003 SET @saved_col_connection = @@collation_connection */ ;
/*!50003 SET character_set_client  = utf8 */ ;
/*!50003 SET character_set_results = utf8 */ ;
/*!50003 SET collation_connection  = utf8_general_ci */ ;
/*!50003 SET @saved_sql_mode       = @@sql_mode */ ;
/*!50003 SET sql_mode              = 'ONLY_FULL_GROUP_BY,STRICT_TRANS_TABLES,NO_ZERO_IN_DATE,NO_ZERO_DATE,ERROR_FOR_DIVISION_BY_ZERO,NO_ENGINE_SUBSTITUTION' */ ;
DELIMITER ;;
CREATE DEFINER=`web_contabilidad`@`localhost` PROCEDURE `updateIngresoCaja`(IN in_id_nota_transaccion INT)
BEGIN

DECLARE v_id_ingreso INT ;
DECLARE v_id_ingreso_transaccion INT ;

DECLARE v_total_bs DECIMAL(12,2);
DECLARE v_total_usd DECIMAL(12,2);
DECLARE done_ingresos INT DEFAULT FALSE;
DECLARE hay_transacciones INT DEFAULT FALSE;


DECLARE cur_ingresos CURSOR FOR
        SELECT id_ingreso_caja
        FROM cnt_ingreso_transaccion
        WHERE id_nota_transaccion = in_id_nota_transaccion ;
        
DECLARE CONTINUE HANDLER FOR NOT FOUND SET done_ingresos = TRUE;
        


UPDATE cnt_ingreso_transaccion
SET estado = 'A' 
WHERE id_nota_transaccion = in_id_nota_transaccion ;

INSERT INTO tmp_output values(concat('INGRESO LOOP Transaccion:', in_id_nota_transaccion));
OPEN cur_ingresos;

LOOP_INGRESOS : LOOP 
	
	FETCH cur_ingresos into v_id_ingreso;
    INSERT INTO tmp_output values(concat('updateIngresoCaja:', v_id_ingreso));
    
    IF done_ingresos THEN
		LEAVE LOOP_INGRESOS ;
		END IF;
        
	BLOCK_INGRESOS : BEGIN		
		DECLARE done_transacciones INT DEFAULT FALSE;
        DECLARE cur_transacciones CURSOR FOR
        SELECT 			
            sum(monto_bs) 	monto_total_bs , 
            sum(monto_usd)	monto_total_usd
		FROM cnt_ingreso_transaccion it
			INNER JOIN cnt_ingreso_caja ic on ic.id_ingreso_caja= it.id_ingreso_caja
		WHERE it.estado = 'E' and it.id_ingreso_caja = v_id_ingreso;
        
		DECLARE CONTINUE HANDLER FOR NOT FOUND SET done_transacciones = TRUE;
        
        OPEN cur_transacciones;
        LOOP_TRANSACCIONES :LOOP
			FETCH cur_transacciones INTO v_total_bs, v_total_usd;
            INSERT INTO tmp_output values(concat('INGRESO LOOP v_total_bs:', v_total_bs, ' v_total_usd:' , v_total_usd));
            
			IF v_total_bs is null AND v_total_usd is null THEN
				
				UPDATE cnt_ingreso_caja
					SET monto_abonado_bs 	= v_total_bs,
						monto_abonado_usd = v_total_usd,						
						estado = 'A'
					WHERE id_ingreso_caja = v_id_ingreso;
			else
				
				UPDATE cnt_ingreso_caja 
					SET monto_abonado_bs 	= v_total_bs,
						monto_abonado_usd = v_total_usd						
					WHERE id_ingreso_caja = v_id_ingreso;
            END IF ;
                    
			IF done_transacciones THEN
			LEAVE LOOP_TRANSACCIONES ;
			END IF;
        
        END LOOP LOOP_TRANSACCIONES;
        CLOSE cur_transacciones;        
    END BLOCK_INGRESOS;

END LOOP LOOP_INGRESOS;

ClOSE cur_ingresos ;
END ;;
DELIMITER ;
/*!50003 SET sql_mode              = @saved_sql_mode */ ;
/*!50003 SET character_set_client  = @saved_cs_client */ ;
/*!50003 SET character_set_results = @saved_cs_results */ ;
/*!50003 SET collation_connection  = @saved_col_connection */ ;
/*!50003 DROP PROCEDURE IF EXISTS `updateMontosAdeudadosNotaDebito` */;
/*!50003 SET @saved_cs_client      = @@character_set_client */ ;
/*!50003 SET @saved_cs_results     = @@character_set_results */ ;
/*!50003 SET @saved_col_connection = @@collation_connection */ ;
/*!50003 SET character_set_client  = utf8 */ ;
/*!50003 SET character_set_results = utf8 */ ;
/*!50003 SET collation_connection  = utf8_general_ci */ ;
/*!50003 SET @saved_sql_mode       = @@sql_mode */ ;
/*!50003 SET sql_mode              = 'ONLY_FULL_GROUP_BY,STRICT_TRANS_TABLES,NO_ZERO_IN_DATE,NO_ZERO_DATE,ERROR_FOR_DIVISION_BY_ZERO,NO_ENGINE_SUBSTITUTION' */ ;
DELIMITER ;;
CREATE DEFINER=`web_contabilidad`@`localhost` PROCEDURE `updateMontosAdeudadosNotaDebito`(IN in_id_nota_debito INT)
BEGIN
DECLARE v_total_bs DECIMAL(12,2);
DECLARE v_total_usd DECIMAL(12,2);
DECLARE cur_transacciones CURSOR FOR
	SELECT 			
		sum(nt.monto_adeudado_bs) 	monto_total_bs , 
		sum(nt.monto_adeudado_usd)	monto_total_usd 
	FROM cnt_nota_debito_transaccion nt
		INNER JOIN cnt_nota_debito nd on nd.id_nota_debito= nt.id_nota_debito
	WHERE nt.estado = 'E' and nd.id_nota_debito = in_id_nota_debito;
    
OPEN cur_transacciones ;

	FETCH cur_transacciones INTO
		v_total_bs, v_total_usd;
        
	UPDATE cnt_nota_debito SET 
		monto_adeudado_bs  = v_total_bs,
        monto_adeudado_usd = v_total_usd
	WHERE id_nota_debito = in_id_nota_debito ;

CLOSE cur_transacciones ;
END ;;
DELIMITER ;
/*!50003 SET sql_mode              = @saved_sql_mode */ ;
/*!50003 SET character_set_client  = @saved_cs_client */ ;
/*!50003 SET character_set_results = @saved_cs_results */ ;
/*!50003 SET collation_connection  = @saved_col_connection */ ;
/*!50003 DROP PROCEDURE IF EXISTS `updateMontosComprobanteContableFromAsientos` */;
/*!50003 SET @saved_cs_client      = @@character_set_client */ ;
/*!50003 SET @saved_cs_results     = @@character_set_results */ ;
/*!50003 SET @saved_col_connection = @@collation_connection */ ;
/*!50003 SET character_set_client  = utf8 */ ;
/*!50003 SET character_set_results = utf8 */ ;
/*!50003 SET collation_connection  = utf8_general_ci */ ;
/*!50003 SET @saved_sql_mode       = @@sql_mode */ ;
/*!50003 SET sql_mode              = 'ONLY_FULL_GROUP_BY,STRICT_TRANS_TABLES,NO_ZERO_IN_DATE,NO_ZERO_DATE,ERROR_FOR_DIVISION_BY_ZERO,NO_ENGINE_SUBSTITUTION' */ ;
DELIMITER ;;
CREATE DEFINER=`web_contabilidad`@`localhost` PROCEDURE `updateMontosComprobanteContableFromAsientos`(IN in_id_libro INT)
BEGIN
DECLARE v_total_debe_nac DECIMAL(12,2);
DECLARE v_total_haber_nac DECIMAL(12,2);
DECLARE v_total_debe_ext DECIMAL(12,2);
DECLARE v_total_haber_ext DECIMAL(12,2);

DECLARE cur_montos CURSOR for
select sum( monto_debe_nac) total_debe_nac, sum(monto_haber_nac) total_haber_nac,
sum(monto_debe_ext) total_debe_ext, sum(monto_haber_ext) total_haber_ext
from cnt_asiento_contable where id_libro = in_id_libro and estado = 'E' ;

OPEN cur_montos ;

FETCH cur_montos into v_total_debe_nac, v_total_haber_nac, v_total_debe_ext, v_total_haber_ext;

UPDATE cnt_comprobante_contable 
	SET total_debe_nac  = v_total_debe_nac,
		total_haber_nac = v_total_haber_nac,
        total_debe_ext  = v_total_debe_ext,
        total_haber_ext = v_total_haber_ext
	WHERE id_libro = in_id_libro ;

close cur_montos ;

END ;;
DELIMITER ;
/*!50003 SET sql_mode              = @saved_sql_mode */ ;
/*!50003 SET character_set_client  = @saved_cs_client */ ;
/*!50003 SET character_set_results = @saved_cs_results */ ;
/*!50003 SET collation_connection  = @saved_col_connection */ ;
/*!50003 DROP PROCEDURE IF EXISTS `updateMontosIngresoCaja` */;
/*!50003 SET @saved_cs_client      = @@character_set_client */ ;
/*!50003 SET @saved_cs_results     = @@character_set_results */ ;
/*!50003 SET @saved_col_connection = @@collation_connection */ ;
/*!50003 SET character_set_client  = utf8 */ ;
/*!50003 SET character_set_results = utf8 */ ;
/*!50003 SET collation_connection  = utf8_general_ci */ ;
/*!50003 SET @saved_sql_mode       = @@sql_mode */ ;
/*!50003 SET sql_mode              = 'ONLY_FULL_GROUP_BY,STRICT_TRANS_TABLES,NO_ZERO_IN_DATE,NO_ZERO_DATE,ERROR_FOR_DIVISION_BY_ZERO,NO_ENGINE_SUBSTITUTION' */ ;
DELIMITER ;;
CREATE DEFINER=`web_contabilidad`@`localhost` PROCEDURE `updateMontosIngresoCaja`(IN in_id_ingreso_caja INT)
BEGIN
DECLARE v_total_bs DECIMAL(12,2);
DECLARE v_total_usd DECIMAL(12,2);
DECLARE cur_transacciones CURSOR FOR
SELECT 			
	sum(monto_bs) 	monto_total_bs , 
	sum(monto_usd)	monto_total_usd
FROM cnt_ingreso_transaccion it
	INNER JOIN cnt_ingreso_caja ic on ic.id_ingreso_caja= it.id_ingreso_caja
WHERE it.estado in( 'E', 'C','P') and it.id_ingreso_caja = in_id_ingreso_caja;

OPEN cur_transacciones ;

FETCH cur_transacciones INTO v_total_bs, v_total_usd ;


	UPDATE cnt_ingreso_caja SET
		monto_abonado_bs = v_total_bs,
        monto_abonado_usd = v_total_usd
	WHERE id_ingreso_caja = in_id_ingreso_caja;


CLOSE cur_transacciones ;


END ;;
DELIMITER ;
/*!50003 SET sql_mode              = @saved_sql_mode */ ;
/*!50003 SET character_set_client  = @saved_cs_client */ ;
/*!50003 SET character_set_results = @saved_cs_results */ ;
/*!50003 SET collation_connection  = @saved_col_connection */ ;
/*!50003 DROP PROCEDURE IF EXISTS `updateMontosIngresoCajaFromFinalizar` */;
/*!50003 SET @saved_cs_client      = @@character_set_client */ ;
/*!50003 SET @saved_cs_results     = @@character_set_results */ ;
/*!50003 SET @saved_col_connection = @@collation_connection */ ;
/*!50003 SET character_set_client  = utf8 */ ;
/*!50003 SET character_set_results = utf8 */ ;
/*!50003 SET collation_connection  = utf8_general_ci */ ;
/*!50003 SET @saved_sql_mode       = @@sql_mode */ ;
/*!50003 SET sql_mode              = 'ONLY_FULL_GROUP_BY,STRICT_TRANS_TABLES,NO_ZERO_IN_DATE,NO_ZERO_DATE,ERROR_FOR_DIVISION_BY_ZERO,NO_ENGINE_SUBSTITUTION' */ ;
DELIMITER ;;
CREATE DEFINER=`web_contabilidad`@`localhost` PROCEDURE `updateMontosIngresoCajaFromFinalizar`(IN in_id_ingreso INT)
BEGIN
DECLARE v_total_bs DECIMAL(12,2);
DECLARE v_total_usd DECIMAL(12,2);

DECLARE cur_montos CURSOR for
select sum( monto_bs) total_bs, sum(monto_usd) total_usd
from cnt_ingreso_transaccion where id_ingreso_caja = in_id_ingreso and estado = 'E' ;

OPEN cur_montos ;

FETCH cur_montos into v_total_bs, v_total_usd ;

UPDATE cnt_ingreso_caja 
SET 	monto_abonado_bs 	= v_total_bs,
		monto_abonado_usd	= v_total_usd
WHERE id_ingreso_caja = in_id_ingreso;

close cur_montos ;
END ;;
DELIMITER ;
/*!50003 SET sql_mode              = @saved_sql_mode */ ;
/*!50003 SET character_set_client  = @saved_cs_client */ ;
/*!50003 SET character_set_results = @saved_cs_results */ ;
/*!50003 SET collation_connection  = @saved_col_connection */ ;
/*!50003 DROP PROCEDURE IF EXISTS `updateMontosNotaCredito` */;
/*!50003 SET @saved_cs_client      = @@character_set_client */ ;
/*!50003 SET @saved_cs_results     = @@character_set_results */ ;
/*!50003 SET @saved_col_connection = @@collation_connection */ ;
/*!50003 SET character_set_client  = utf8 */ ;
/*!50003 SET character_set_results = utf8 */ ;
/*!50003 SET collation_connection  = utf8_general_ci */ ;
/*!50003 SET @saved_sql_mode       = @@sql_mode */ ;
/*!50003 SET sql_mode              = 'ONLY_FULL_GROUP_BY,STRICT_TRANS_TABLES,NO_ZERO_IN_DATE,NO_ZERO_DATE,ERROR_FOR_DIVISION_BY_ZERO,NO_ENGINE_SUBSTITUTION' */ ;
DELIMITER ;;
CREATE DEFINER=`web_contabilidad`@`localhost` PROCEDURE `updateMontosNotaCredito`(IN in_id_nota_credito INT)
BEGIN
DECLARE v_total_bs DECIMAL(12,2);
DECLARE v_total_usd DECIMAL(12,2);
DECLARE cur_transacciones CURSOR FOR
SELECT 			
	sum(monto_bs) 	monto_total_bs , 
	sum(monto_usd)	monto_total_usd
FROM cnt_nota_credito_transaccion it
	INNER JOIN cnt_nota_credito nc on nc.id_nota_credito = it.id_nota_credito
WHERE it.estado in( 'E', 'C','P') and it.id_nota_credito = in_id_nota_credito;

OPEN cur_transacciones ;

FETCH cur_transacciones INTO v_total_bs, v_total_usd ;


	UPDATE cnt_nota_credito SET
		monto_abonado_bs = v_total_bs,
        monto_abonado_usd = v_total_usd
	WHERE id_nota_credito = in_id_nota_credito;


CLOSE cur_transacciones ;


END ;;
DELIMITER ;
/*!50003 SET sql_mode              = @saved_sql_mode */ ;
/*!50003 SET character_set_client  = @saved_cs_client */ ;
/*!50003 SET character_set_results = @saved_cs_results */ ;
/*!50003 SET collation_connection  = @saved_col_connection */ ;
/*!50003 DROP PROCEDURE IF EXISTS `updateMontosNotaDebitoEmitidos` */;
/*!50003 SET @saved_cs_client      = @@character_set_client */ ;
/*!50003 SET @saved_cs_results     = @@character_set_results */ ;
/*!50003 SET @saved_col_connection = @@collation_connection */ ;
/*!50003 SET character_set_client  = utf8 */ ;
/*!50003 SET character_set_results = utf8 */ ;
/*!50003 SET collation_connection  = utf8_general_ci */ ;
/*!50003 SET @saved_sql_mode       = @@sql_mode */ ;
/*!50003 SET sql_mode              = 'ONLY_FULL_GROUP_BY,STRICT_TRANS_TABLES,NO_ZERO_IN_DATE,NO_ZERO_DATE,ERROR_FOR_DIVISION_BY_ZERO,NO_ENGINE_SUBSTITUTION' */ ;
DELIMITER ;;
CREATE DEFINER=`web_contabilidad`@`localhost` PROCEDURE `updateMontosNotaDebitoEmitidos`(in in_id_nota_debito INT)
BEGIN

DECLARE v_monto_bs 	DECIMAL(12,2);
DECLARE v_monto_usd DECIMAL(12,2);
DECLARE v_monto_adeudado_bs dECIMAL(12,2);
DECLARE v_monto_adeudado_usd dECIMAL(12,2);
DECLARE done INT DEFAULT FALSE;
DECLARE cur_transaccion CURSOR FOR
select coalesce(sum(monto_bs),0)  monto_bs, 
	   coalesce(sum(monto_usd),0) monto_usd ,
	   coalesce(sum(monto_adeudado_bs),0) monto_adeudado_bs, 
       coalesce(sum(monto_adeudado_usd),0) monto_adeudado_usd
	from cnt_nota_debito_transaccion
	where id_nota_debito= in_id_nota_debito and estado in('E','M','D');
DECLARE CONTINUE HANDLER FOR NOT FOUND SET done = TRUE;

OPEN cur_transaccion ;

FETCH cur_transaccion INTO v_monto_bs, v_monto_usd, v_monto_adeudado_bs, v_monto_adeudado_usd;


	IF v_monto_adeudado_bs = 0 and v_monto_adeudado_usd = 0 THEN
		UPDATE cnt_nota_debito 
		SET monto_total_bs = v_monto_bs,
			monto_total_usd = v_monto_usd,
            monto_adeudado_bs= v_monto_adeudado_bs,
            monto_adeudado_usd = v_monto_adeudado_usd,
			estado = 'D'  
		WHERE id_nota_debito = in_id_nota_debito ;
    ELSE
		UPDATE cnt_nota_debito 
		SET monto_total_bs = v_monto_bs,
			monto_total_usd = v_monto_usd,
            monto_adeudado_bs= v_monto_adeudado_bs,
            monto_adeudado_usd = v_monto_adeudado_usd
		WHERE id_nota_debito = in_id_nota_debito ;
    END IF;

CLOSE cur_transaccion ;

END ;;
DELIMITER ;
/*!50003 SET sql_mode              = @saved_sql_mode */ ;
/*!50003 SET character_set_client  = @saved_cs_client */ ;
/*!50003 SET character_set_results = @saved_cs_results */ ;
/*!50003 SET collation_connection  = @saved_col_connection */ ;
/*!50003 DROP PROCEDURE IF EXISTS `updateMontosNotaDebitoEnPendiente` */;
/*!50003 SET @saved_cs_client      = @@character_set_client */ ;
/*!50003 SET @saved_cs_results     = @@character_set_results */ ;
/*!50003 SET @saved_col_connection = @@collation_connection */ ;
/*!50003 SET character_set_client  = utf8 */ ;
/*!50003 SET character_set_results = utf8 */ ;
/*!50003 SET collation_connection  = utf8_general_ci */ ;
/*!50003 SET @saved_sql_mode       = @@sql_mode */ ;
/*!50003 SET sql_mode              = 'ONLY_FULL_GROUP_BY,STRICT_TRANS_TABLES,NO_ZERO_IN_DATE,NO_ZERO_DATE,ERROR_FOR_DIVISION_BY_ZERO,NO_ENGINE_SUBSTITUTION' */ ;
DELIMITER ;;
CREATE DEFINER=`web_contabilidad`@`localhost` PROCEDURE `updateMontosNotaDebitoEnPendiente`(in in_id_nota_debito INT)
BEGIN

DECLARE v_monto_bs 	DECIMAL(12,2);
DECLARE v_monto_usd DECIMAL(12,2);
DECLARE v_monto_adeudado_bs DECIMAL(12,2);
DECLARE v_monto_adeudado_usd DECIMAL(12,2);

DECLARE done INT DEFAULT FALSE;
DECLARE cur_transaccion CURSOR FOR
	select 	sum(monto_bs) monto_bs, 
			sum(monto_usd)monto_usd,
            sum(monto_adeudado_bs) monto_adeudado_bs,
            sum(monto_adeudado_usd) monto_adeudado_usd
	from cnt_nota_debito_transaccion
	where id_nota_debito= in_id_nota_debito and estado in('P');
DECLARE CONTINUE HANDLER FOR NOT FOUND SET done = TRUE;

OPEN cur_transaccion ;

FETCH cur_transaccion INTO v_monto_bs, v_monto_usd, v_monto_adeudado_bs, v_monto_adeudado_usd;


	UPDATE cnt_nota_debito 
	SET monto_total_bs 		= v_monto_bs,
		monto_total_usd 	= v_monto_usd,
        monto_adeudado_bs 	= v_monto_adeudado_bs,
        monto_adeudado_usd	= v_monto_adeudado_usd
	WHERE id_nota_debito = in_id_nota_debito ;

CLOSE cur_transaccion ;

END ;;
DELIMITER ;
/*!50003 SET sql_mode              = @saved_sql_mode */ ;
/*!50003 SET character_set_client  = @saved_cs_client */ ;
/*!50003 SET character_set_results = @saved_cs_results */ ;
/*!50003 SET collation_connection  = @saved_col_connection */ ;
/*!50003 DROP PROCEDURE IF EXISTS `updateMontosPagoAnticipado` */;
/*!50003 SET @saved_cs_client      = @@character_set_client */ ;
/*!50003 SET @saved_cs_results     = @@character_set_results */ ;
/*!50003 SET @saved_col_connection = @@collation_connection */ ;
/*!50003 SET character_set_client  = utf8 */ ;
/*!50003 SET character_set_results = utf8 */ ;
/*!50003 SET collation_connection  = utf8_general_ci */ ;
/*!50003 SET @saved_sql_mode       = @@sql_mode */ ;
/*!50003 SET sql_mode              = 'ONLY_FULL_GROUP_BY,STRICT_TRANS_TABLES,NO_ZERO_IN_DATE,NO_ZERO_DATE,ERROR_FOR_DIVISION_BY_ZERO,NO_ENGINE_SUBSTITUTION' */ ;
DELIMITER ;;
CREATE DEFINER=`web_contabilidad`@`localhost` PROCEDURE `updateMontosPagoAnticipado`(IN in_id_pago_anticipado INT)
BEGIN
DECLARE v_total_acreditado DECIMAL(12,2);
DECLARE v_monto_anticipado DECIMAL(12,2);
DECLARE cur_transacciones CURSOR FOR
SELECT 			
	sum(monto) 	monto_total, monto_anticipado
FROM cnt_pago_anticipado_transaccion it
	INNER JOIN cnt_pago_anticipado nc on nc.id_pago_anticipado = it.id_pago_anticipado
WHERE it.estado in( 'E', 'C','P') and it.id_pago_anticipado = in_id_pago_anticipado;

OPEN cur_transacciones ;

FETCH cur_transacciones INTO v_total_acreditado, v_monto_anticipado ;

IF v_total_acreditado = v_monto_anticipado THEN

	UPDATE cnt_pago_anticipado SET
		monto_total_acreditado = v_total_acreditado,
        estado = 'S'
	WHERE id_pago_anticipado = in_id_pago_anticipado;
else
	UPDATE cnt_pago_anticipado SET
		monto_total_acreditado  = v_total_acreditado
	WHERE id_pago_anticipado = in_id_pago_anticipado;
END IF ;

CLOSE cur_transacciones ;


END ;;
DELIMITER ;
/*!50003 SET sql_mode              = @saved_sql_mode */ ;
/*!50003 SET character_set_client  = @saved_cs_client */ ;
/*!50003 SET character_set_results = @saved_cs_results */ ;
/*!50003 SET collation_connection  = @saved_col_connection */ ;
/*!50003 DROP PROCEDURE IF EXISTS `updateNotaDebito` */;
/*!50003 SET @saved_cs_client      = @@character_set_client */ ;
/*!50003 SET @saved_cs_results     = @@character_set_results */ ;
/*!50003 SET @saved_col_connection = @@collation_connection */ ;
/*!50003 SET character_set_client  = utf8 */ ;
/*!50003 SET character_set_results = utf8 */ ;
/*!50003 SET collation_connection  = utf8_general_ci */ ;
/*!50003 SET @saved_sql_mode       = @@sql_mode */ ;
/*!50003 SET sql_mode              = 'ONLY_FULL_GROUP_BY,STRICT_TRANS_TABLES,NO_ZERO_IN_DATE,NO_ZERO_DATE,ERROR_FOR_DIVISION_BY_ZERO,NO_ENGINE_SUBSTITUTION' */ ;
DELIMITER ;;
CREATE DEFINER=`web_contabilidad`@`localhost` PROCEDURE `updateNotaDebito`(IN in_id_boleto INT)
BEGIN
DECLARE v_id_nota_debito INT ;
DECLARE v_id_nota_debito_transaccion INT ;

DECLARE v_total_bs DECIMAL(12,2);
DECLARE v_total_usd DECIMAL(12,2);
DECLARE done_nota_debito INT DEFAULT FALSE;
DECLARE hay_transacciones INT DEFAULT FALSE;


DECLARE cur_nota_debito CURSOR FOR
SELECT DISTINCT id_nota_debito, id_nota_debito_transaccion
    FROM cnt_nota_debito_transaccion 
    WHERE id_boleto = in_id_boleto
    ORDER BY id_nota_debito;

DECLARE CONTINUE HANDLER FOR NOT FOUND SET done_nota_debito = TRUE;

OPEN cur_nota_debito;

LOOP_NOTA_DEBITO : LOOP 
	
	FETCH cur_nota_debito into v_id_nota_debito, v_id_nota_debito_transaccion;
    
    IF done_nota_debito THEN
		LEAVE LOOP_NOTA_DEBITO ;
		END IF;
        
	BLOCK_NOTAS : BEGIN		
		DECLARE done_transacciones INT DEFAULT FALSE;
        DECLARE cur_transacciones CURSOR FOR
		SELECT 			
            sum(monto_bs) 	monto_total_bs , 
            sum(monto_usd)	monto_total_usd
		FROM cnt_nota_debito_transaccion nt
			INNER JOIN cnt_nota_debito nd on nd.id_nota_debito= nt.id_nota_debito
		WHERE nt.estado = 'E' and nd.id_nota_debito = v_id_nota_debito;
        
		DECLARE CONTINUE HANDLER FOR NOT FOUND SET done_transacciones = TRUE;
        
        OPEN cur_transacciones;
        LOOP_TRANSACCIONES :LOOP
			FETCH cur_transacciones INTO v_total_bs, v_total_usd;
            
			IF v_total_bs is null AND v_total_usd is null THEN
				
				UPDATE cnt_nota_debito 
					SET monto_total_bs 	= v_total_bs,
						monto_total_usd = v_total_usd,						
						estado = 'A'
					WHERE id_nota_debito = v_id_nota_debito;
			else
				
				UPDATE cnt_nota_debito 
					SET monto_total_bs 	= v_total_bs,
						monto_total_usd = v_total_usd						
					WHERE id_nota_debito = v_id_nota_debito ;
            END IF ;
                    
			IF done_transacciones THEN
			LEAVE LOOP_TRANSACCIONES ;
			END IF;
        
        END LOOP LOOP_TRANSACCIONES;
        CLOSE cur_transacciones;        
    END BLOCK_NOTAS;
    
    
    INSERT INTO tmp_output values(concat('CALL updateIngresoCaja:'));
   CALL updateIngresoCaja (v_id_nota_debito_transaccion) ;
   
END LOOP LOOP_NOTA_DEBITO;
ClOSE cur_nota_debito ;
END ;;
DELIMITER ;
/*!50003 SET sql_mode              = @saved_sql_mode */ ;
/*!50003 SET character_set_client  = @saved_cs_client */ ;
/*!50003 SET character_set_results = @saved_cs_results */ ;
/*!50003 SET collation_connection  = @saved_col_connection */ ;
/*!50003 DROP PROCEDURE IF EXISTS `updateNotaDebitoAnularTransaccion` */;
/*!50003 SET @saved_cs_client      = @@character_set_client */ ;
/*!50003 SET @saved_cs_results     = @@character_set_results */ ;
/*!50003 SET @saved_col_connection = @@collation_connection */ ;
/*!50003 SET character_set_client  = utf8 */ ;
/*!50003 SET character_set_results = utf8 */ ;
/*!50003 SET collation_connection  = utf8_general_ci */ ;
/*!50003 SET @saved_sql_mode       = @@sql_mode */ ;
/*!50003 SET sql_mode              = 'ONLY_FULL_GROUP_BY,STRICT_TRANS_TABLES,NO_ZERO_IN_DATE,NO_ZERO_DATE,ERROR_FOR_DIVISION_BY_ZERO,NO_ENGINE_SUBSTITUTION' */ ;
DELIMITER ;;
CREATE DEFINER=`web_contabilidad`@`localhost` PROCEDURE `updateNotaDebitoAnularTransaccion`(in in_id_nota_debito int)
BEGIN

DECLARE v_total_bs DECIMAL(12,2);
DECLARE v_total_usd DECIMAL(12,2);


DECLARE cur_transacciones CURSOR FOR
SELECT 			
	sum(monto_bs) 	monto_total_bs , 
	sum(monto_usd)	monto_total_usd
FROM cnt_nota_debito_transaccion nt
	INNER JOIN cnt_nota_debito nd on nd.id_nota_debito= nt.id_nota_debito
WHERE nt.estado in ('E','P') and nd.id_nota_debito = in_id_nota_debito;
	OPEN cur_transacciones;
	FETCH cur_transacciones INTO v_total_bs, v_total_usd;

	IF v_total_bs is null AND v_total_usd is null THEN
		
		UPDATE cnt_nota_debito 
			SET monto_total_bs 	= v_total_bs,
				monto_total_usd = v_total_usd					
			WHERE id_nota_debito = in_id_nota_debito;
	ELSE
		
		UPDATE cnt_nota_debito 
			SET monto_total_bs 	= v_total_bs,
				monto_total_usd = v_total_usd						
			WHERE id_nota_debito = in_id_nota_debito ;
	END IF ;

CLOSE cur_transacciones ;
END ;;
DELIMITER ;
/*!50003 SET sql_mode              = @saved_sql_mode */ ;
/*!50003 SET character_set_client  = @saved_cs_client */ ;
/*!50003 SET character_set_results = @saved_cs_results */ ;
/*!50003 SET collation_connection  = @saved_col_connection */ ;
/*!50003 DROP PROCEDURE IF EXISTS `updateSumasYsaldosNivelActual` */;
/*!50003 SET @saved_cs_client      = @@character_set_client */ ;
/*!50003 SET @saved_cs_results     = @@character_set_results */ ;
/*!50003 SET @saved_col_connection = @@collation_connection */ ;
/*!50003 SET character_set_client  = utf8 */ ;
/*!50003 SET character_set_results = utf8 */ ;
/*!50003 SET collation_connection  = utf8_general_ci */ ;
/*!50003 SET @saved_sql_mode       = @@sql_mode */ ;
/*!50003 SET sql_mode              = 'ONLY_FULL_GROUP_BY,STRICT_TRANS_TABLES,NO_ZERO_IN_DATE,NO_ZERO_DATE,ERROR_FOR_DIVISION_BY_ZERO,NO_ENGINE_SUBSTITUTION' */ ;
DELIMITER ;;
CREATE DEFINER=`web_contabilidad`@`%` PROCEDURE `updateSumasYsaldosNivelActual`(
in in_id_plan_cuenta int ,
in in_nro_plan_cuenta bigint(20)
)
BEGIN

DECLARE finished 			INTEGER DEFAULT 0 ;

DECLARE vx_suma_debe			DECIMAL(16,2) ;
DECLARE vx_suma_haber			DECIMAL(16,2) ;
DECLARE vx_saldo_debe			DECIMAL(16,2) ;
DECLARE vx_saldo_haber			DECIMAL(16,2) ;
     
declare cur_sumas_saldos cursor for

select 
	coalesce(A.suma_debe,0)
  , coalesce(A.suma_haber,0)
  , if (A.suma_debe > A.suma_haber , A.suma_debe - A.suma_haber, 0 ) saldo_debe
  , if (A.suma_debe < A.suma_haber , A.suma_haber - A.suma_debe , 0 ) saldo_haber
FROM (
	select
		   sum(coalesce(v_suma_debe,0)) suma_debe
		 , sum(coalesce(v_suma_haber,0)) suma_haber
		 , sum(coalesce(v_saldo_debe,0)) saldo_debe
		 , sum(coalesce(v_saldo_haber,0)) saldo_haber
		from tmp_sumas_saldos
		where v_nro_plan_cuenta_padre =  in_nro_plan_cuenta
) A;
    
declare continue handler for not found set finished = 1 ;

open cur_sumas_saldos ;

	loop_cur_sumas_saldos : loop 
		fetch cur_sumas_saldos into 
              vx_suma_debe
            , vx_suma_haber
            , vx_saldo_debe
            , vx_saldo_haber;
            
            if finished = 1 then 
            leave loop_cur_sumas_saldos ;
            end if ;

			update tmp_sumas_saldos 
            set   v_suma_debe   = vx_suma_debe
                , v_suma_haber  = vx_suma_haber
                , v_saldo_debe  = vx_saldo_debe
                , v_saldo_haber = vx_saldo_haber
			where v_id_plan_cuenta = in_id_plan_cuenta ;

	end loop loop_cur_sumas_saldos ;
	
close cur_sumas_saldos ;

END ;;
DELIMITER ;
/*!50003 SET sql_mode              = @saved_sql_mode */ ;
/*!50003 SET character_set_client  = @saved_cs_client */ ;
/*!50003 SET character_set_results = @saved_cs_results */ ;
/*!50003 SET collation_connection  = @saved_col_connection */ ;
/*!40103 SET TIME_ZONE=@OLD_TIME_ZONE */;

/*!40101 SET SQL_MODE=@OLD_SQL_MODE */;
/*!40014 SET FOREIGN_KEY_CHECKS=@OLD_FOREIGN_KEY_CHECKS */;
/*!40014 SET UNIQUE_CHECKS=@OLD_UNIQUE_CHECKS */;
/*!40101 SET CHARACTER_SET_CLIENT=@OLD_CHARACTER_SET_CLIENT */;
/*!40101 SET CHARACTER_SET_RESULTS=@OLD_CHARACTER_SET_RESULTS */;
/*!40101 SET COLLATION_CONNECTION=@OLD_COLLATION_CONNECTION */;
/*!40111 SET SQL_NOTES=@OLD_SQL_NOTES */;

-- Dump completed on 2019-06-11 22:57:24


alter table cnt_nota_debito auto_increment = 10000000;
alter table cnt_ingreso_caja auto_increment = 20000000;
alter table cnt_pago_anticipado auto_increment = 30000000;
alter table cnt_pago_anticipado_transaccion auto_increment = 40000000;
alter table cnt_nota_credito auto_increment = 50000000;
alter table cnt_devolucion auto_increment = 60000000;
