OFICINA;NUMERO;GRUPO;NOMBRE;TIPO;CLASE;PROMOTOR;CI;RUC;DIR1;DIR2;DIR3;LOC1;LOC2;LOC3;LOC4;LOC5;LOC6;LOC7;LOC8;LOC9;LOC10;TELEF;CASILLA;CREDITO;PLAZO;SALDO;CONTACTO;DOM1;DOM2;TELEFD;OBSER;CUENTA;CUENTA1;ACTIVO;INCOBRABLE;EJECUCION;INTERES;OBS1;OBS2;OBS3;OBS4;OBS5;EXPIRA;USER;DEADLINE;DOLARIZA;AUTO_INT;INT_DESDE;FECHA_INT;INCORPORA;REMITENTE;ENCRYPTED;SELECT;TOTNAL;COMNAL;TOTINT;COMINT;FEE;TOTVEN
01;9999;9999;CLIENTES EVENTUALES;NNN;;;;;.;;;;;;;;;;;;;.;;0;15;999999999,99;;;;;;;;VERDADERO;FALSO;FALSO;3,00;;;;;;;;;FALSO;FALSO;;;;FALSO;FALSO;;;;;;;
01;0001;0001;ALO TOURS;NNN;;;;;;S;;;;;;;;;;;;;;0;15;999999999,99;;;;;;;;VERDADERO;FALSO;FALSO;3,00;;;;;;;;;FALSO;FALSO;;;;FALSO;FALSO;;;;;;;
01;0002;0002;DIN AUTOMATIZACION;NNN;;;;;;;;;;;;;;;;;;;;0;15;999999999,91;;;;;;;;VERDADERO;;;3,00;;;;;;;;;FALSO;FALSO;;;03/08/2013;;FALSO;;;;;;;
01;0003;0003;AYAVIRI CECILIA;NNN;;;;3214359;AV BENI CALLE LOS TOTAICES PAS;ILLO 1 5105;;;;;;;;;;;;76020703;;0;15;999999999,99;;;;;;;;VERDADERO;;;3,00;;;;;;;;;FALSO;FALSO;;;03/08/2013;;FALSO;;;;;;;
01;0004;;FLORES SERGIO;NNN;;;;;;;;;;;;;;;;;;;;;;999999449,66;;;;;;;;VERDADERO;;;;;;;;;;;;FALSO;;;;;;;;;;;;;
01;0005;;HERBAS VERONICA (FRIGOR);NNN;;;;;;;;;;;;;;;;;;;;;;999999999,99;;;;;;;;VERDADERO;;;;;;;;;;;;FALSO;;;;;;;;;;;;;
01;0006;;VIDCLA SRL;NNN;;;;;;;;;;;;;;;;;;;;;;999999491,32;;;;;;;;VERDADERO;;;;;;;;;;;;FALSO;;;;;;;;;;;;;
01;0007;0007;ADEN SRL;NNN;;;2947917;130599029;EDIFICIO TACUARAL OF.201 B;;;;;;;;;;;;;3454613 72122365;;0;15;999999999,99;LILIAN VEGA;;;72122365;MARIA LOURDES DURAN;;;VERDADERO;;;3,00;;;;;;;;;FALSO;FALSO;;;;;FALSO;;;;;;;
01;0008;;RIOS/MARIO;NNN;;;;;;;;;;;;;;;;;;;;;;999999999,99;;;;;;;;VERDADERO;;;;;;;;;;;;FALSO;;;;;;;;;;;;;
01;0009;;SANZETENEA HUGO;NNN;;;;;;;;;;;;;;;;;;;;;;999999904,43;;;;;;;;VERDADERO;;;;;;;;;;;;FALSO;;;;;;;;;;;;;
01;0010;;VEGA LILIAN (ADEN SRL);NNN;;;;;;;;;;;;;;;;;;;;;;999999999,98;;;;;;;;VERDADERO;;;;;;;;;;;;FALSO;;;;;;;;;;;;;
01;0011;;MEDINA/EDWIN;NNN;;;;;;;;;;;;;;;;;;;;;;999999999,99;;;;;;;;VERDADERO;;;;;;;;;;;;FALSO;;;;;;;;;;;;;
01;0012;;SALOMON RODRIGO;NNN;;;;;;;;;;;;;;;;;;;;;;999999999,98;;;;;;;;VERDADERO;;;;;;;;;;;;FALSO;;;;;;;;;;;;;
01;0013;;ALVAREZ MAURICIO;NNN;;;;;;;;;;;;;;;;;;;;;;999999999,99;;;;;;;;VERDADERO;;;;;;;;;;;;FALSO;;;;;;;;;;;;;
01;0014;;BAY TOURS (ALLISON MALALA);NNN;;;;;;;;;;;;;;;;;;;;;;999999999,98;;;;;;;;VERDADERO;;;;;;;;;;;;FALSO;;;;;;;;;;;;;
01;0015;;JAVIER GUTIERREZ;NNN;;;;;;;;;;;;;;;;;;;;;;999999999,99;;;;;;;;VERDADERO;;;;;;;;;;;;FALSO;;;;;;;;;;;;;
01;0016;;ANEZ RODRIGO;NNN;;;;;;;;;;;;;;;;;;;;;;999999999,99;;;;;;;;VERDADERO;;;;;;;;;;;;FALSO;;;;;;;;;;;;;
01;0017;;MAMANI FABIOLA (PLUSSTEEL LTDA);NNN;;;;;;;;;;;;;;;;;;;;;;999999999,99;;;;;;;;VERDADERO;;;;;;;;;;;;FALSO;;;;;;;;;;;;;
01;0018;;PLUSSTEEL LTDA;NNN;;;;;;;;;;;;;;;;;;;;;;999999999,98;;;;;;;;VERDADERO;;;;;;;;;;;;FALSO;;;;;;;;;;;;;
01;0019;0019;WU/PEGGI;NNN;;;;;;;;;;;;;;;;;;;;0;0;999999999,99;;;;;;;;VERDADERO;;;3,00;;;;;;;;;FALSO;FALSO;;;;;FALSO;;;;;;;
01;0020;;FRIGOR SA;NNN;;;;;;;;;;;;;;;;;;;;;;999996213,49;;;;;;;;VERDADERO;;;;;;;;;;;;FALSO;;;;;;;;;;;;;
01;0021;;DURAN JUAN FLORENCIO;NNN;;;;;;;;;;;;;;;;;;;;;;999999999,99;;;;;;;;VERDADERO;;;;;;;;;;;;FALSO;;;;;;;;;;;;;
01;0022;;MEDINA ELIAS;NNN;;;;;;;;;;;;;;;;;;;;;;999999999,99;;;;;;;;VERDADERO;;;;;;;;;;;;FALSO;;;;;;;;;;;;;
01;0023;;REYES ERWIN;NNN;;;;;;;;;;;;;;;;;;;;;;999999679,73;;;;;;;;VERDADERO;;;;;;;;;;;;FALSO;;;;;;;;;;;;;
01;0024;;OLIVA JAVIER;NNN;;;;;;;;;;;;;;;;;;;;;;999999986,81;;;;;;;;VERDADERO;;;;;;;;;;;;FALSO;;;;;;;;;;;;;
01;0025;;ALVAREZ ARLINDA;NNN;;;;;;;;;;;;;;;;;;;;;;999999999,99;;;;;;;;VERDADERO;;;;;;;;;;;;FALSO;;;;;;;;;;;;;
01;0026;;TOBY;NNN;;;;;;;;;;;;;;;;;;;;;;999999999,99;;;;;;;;VERDADERO;;;;;;;;;;;;FALSO;;;;;;;;;;;;;
01;0027;;HONDA SPORT SRL;NNN;;;;;;;;;;;;;;;;;;;;;;999999626,68;;;;;;;;VERDADERO;;;;;;;;;;;;FALSO;;;;;;;;;;;;;
01;0028;;CLUB DEPORTIVO GUABIRA;NNN;;;;;;;;;;;;;;;;;;;;;;999999999,99;;;;;;;;VERDADERO;;;;;;;;;;;;FALSO;;;;;;;;;;;;;
01;0029;;ZEBALLOS DANIEL;NNN;;;;;;;;;;;;;;;;;;;;;;999999999,99;;;;;;;;VERDADERO;;;;;;;;;;;;FALSO;;;;;;;;;;;;;
01;0030;;AFCHA OSCAR;NNN;;;;;;;;;;;;;;;;;;;;;;999999999,99;;;;;;;;VERDADERO;;;;;;;;;;;;FALSO;;;;;;;;;;;;;
01;0031;;LOURDES VALLEJO;NNN;;;;;;;;;;;;;;;;;;;;;;999999999,99;;;;;;;;VERDADERO;;;;;;;;;;;;FALSO;;;;;;;;;;;;;
01;0032;;MOGROVEJO ROSITA;NNN;;;;;;;;;;;;;;;;;;;;;;999999999,99;;;;;;;;VERDADERO;;;;;;;;;;;;FALSO;;;;;;;;;;;;;
01;0033;;PACCIERI ADRIANA;NNN;;;;;;;;;;;;;;;;;;;;;;999999999,99;;;;;;;;VERDADERO;;;;;;;;;;;;FALSO;;;;;;;;;;;;;
01;0034;;TRANS OIL SV SRL;NNN;;;;;;;;;;;;;;;;;;;;;;999999999,99;;;;;;;;VERDADERO;;;;;;;;;;;;FALSO;;;;;;;;;;;;;
01;0035;;TARRADELLES SRL;NNN;;;;;;;;;;;;;;;;;;;;;;999999999,99;;;;;;;;VERDADERO;;;;;;;;;;;;FALSO;;;;;;;;;;;;;
01;0036;;BUSTILLOS FLAVIA GRISELDA;NNN;;;;;;;;;;;;;;;;;;;;;;999999999,99;;;;;;;;VERDADERO;;;;;;;;;;;;FALSO;;;;;;;;;;;;;
01;0037;;SALINAS ALEJANDRO;NNN;;;;;;;;;;;;;;;;;;;;;;999999999,99;;;;;;;;VERDADERO;;;;;;;;;;;;FALSO;;;;;;;;;;;;;
01;0038;;TOFFOLO RODRIGO;NNN;;;;;;;;;;;;;;;;;;;;;;999999999,99;;;;;;;;VERDADERO;;;;;;;;;;;;FALSO;;;;;;;;;;;;;
01;0039;;CASTEDO/JUAN MARTIN;NNN;;;;;;;;;;;;;;;;;;;;;;999999999,99;;;;;;;;VERDADERO;;;;;;;;;;;;FALSO;;;;;;;;;;;;;
01;0040;;CALDERON/HANS;NNN;;;;;;;;;;;;;;;;;;;;;;999999999,99;;;;;;;;VERDADERO;;;;;;;;;;;;FALSO;;;;;;;;;;;;;
01;0041;;HEREDIA PAOLA;NNN;;;;;;;;;;;;;;;;;;;;;;999999999,99;;;;;;;;VERDADERO;;;;;;;;;;;;FALSO;;;;;;;;;;;;;
01;0042;;DSS SRL;NNN;;;;;;;;;;;;;;;;;;;;;;999999999,99;;;;;;;;VERDADERO;;;;;;;;;;;;FALSO;;;;;;;;;;;;;
01;0043;;ALVAREZ/AGAR;NNN;;;;;;;;;;;;;;;;;;;;;;999999999,99;;;;;;;;VERDADERO;;;;;;;;;;;;FALSO;;;;;;;;;;;;;
01;0044;;ARANIBAR/NARELL;NNN;;;;;;;;;;;;;;;;;;;;;;999999999,99;;;;;;;;VERDADERO;;;;;;;;;;;;FALSO;;;;;;;;;;;;;
01;0046;0046;VACA/GUSTAVO;NNN;;;;;SANTO DOMINGO;REPUBLICA DOMINICANA;;;;;;;;;;;;;;0;0;999999999,99;;;;;;;;VERDADERO;;;3,00;;;;;;;;;FALSO;FALSO;;;21/10/2013;;FALSO;;;;;;;
01;0047;0047;GRUPO VELASCO;NNN;;;;;;;;;;;;;;;;;;;;0;0;999999999,99;;;;;;;;VERDADERO;;;3,00;;;;;;;;;FALSO;FALSO;;;21/10/2013;;FALSO;;;;;;;
01;0048;0048;CAMACHO TARRADELLES/ANDREA;NNN;;;;;;;;;;;;;;;;;;;;0;15;999999999,99;ANDREA CAMACHO;;;;ANDREA CAMACHO;;;VERDADERO;;;3,00;;;;;;;;;FALSO;FALSO;;;21/10/2013;;FALSO;;;;;;;
01;0049;0049;GARCIA/ROLANDO;NNN;;;;;;;;;;;;;;;;;;;;0;15;999999999,99;;;;;;;;VERDADERO;;;3,00;;;;;;;;;FALSO;FALSO;;;21/10/2013;;FALSO;;;;;;;
01;0050;0050;CARRASCO/RICARDO *AEROSTAR*;NNN;;;;;;;;;;;;;;;;;;;;0;0;999999999,99;;;;;;;;VERDADERO;;;3,00;;;;;;;;;FALSO;FALSO;;;21/10/2013;;FALSO;;;;;;;
01;0051;;PEREIRA/NATALY;NNN;;;;;;;;;;;;;;;;;;;;;;999999999,99;;;;;;;;VERDADERO;;;;;;;;;;;;FALSO;;;;;;;;;;;;;
01;0052;0052;ANA MARIA - VIDCLA SRL;NNN;;;;;;;;;;;;;;;;;;;;0;0;999999999,99;;;;;;;;VERDADERO;;;3,00;;;;;;;;;FALSO;FALSO;;;23/10/2013;;FALSO;;;;;;;
01;0053;0053;ARTIEDA/YOLANDA;NNN;;;;;;;;;;;;;;;;;;;;0;15;999999999,99;;;;;;;;VERDADERO;;;3,00;;;;;;;;;FALSO;FALSO;;;23/10/2013;;FALSO;;;;;;;
01;0054;;CLAROS/ANTONIO - VIDCLA SRL;NNN;;;;;;;;;;;;;;;;;;;;;;999999999,99;;;;;;;;VERDADERO;;;;;;;;;;;;FALSO;;;;;;;;;;;;;
01;0055;0055;ALI/IVAN;NNN;;;;;;;;;;;;;;;;;;75600077;;0;15;999999999,99;;;;;IVAN ALI;;;VERDADERO;;;3,00;;;;;;;;;FALSO;FALSO;;;26/10/2013;;FALSO;;;;;;;
01;0056;;SALVATIERRA/YAMILE;NNN;;;;;;;;;;;;;;;;;;;;;;999999999,99;;;;;;;;VERDADERO;;;;;;;;;;;;FALSO;;;;;;;;;;;;;
01;0057;;ARANIBAR/MAKENIA;NNN;;;;;;;;;;;;;;;;;;;;;;999999999,99;;;;;;;;VERDADERO;;;;;;;;;;;;FALSO;;;;;;;;;;;;;
01;0058;;BRUCKNER/HELKE;NNN;;;;;;;;;;;;;;;;;;;;;;999999999,99;;;;;;;;VERDADERO;;;;;;;;;;;;FALSO;;;;;;;;;;;;;
01;0059;;HIDROSANIT SRL;NNN;;;;;;;;;;;;;;;;;;;;;;999999999,99;;;;;;;;VERDADERO;;;;;;;;;;;;FALSO;;;;;;;;;;;;;
01;0060;;UAGRM;NNN;;;;;;;;;;;;;;;;;;;;;;999999999,99;;;;;;;;VERDADERO;;;;;;;;;;;;FALSO;;;;;;;;;;;;;
01;0061;0061;SOTO/DAMIRIS;NNN;;;;;;;;;;;;;;;;;;;;0;0;999999999,99;;;;;;;;VERDADERO;;;3,00;;;;;;;;;FALSO;FALSO;;;05/11/2013;;FALSO;;;;;;;
01;0062;0062;CASTEDO/LEONARDO;NNN;;;;;;;;;;;;;;;;;;;;0;0;999999999,99;;;;;;;;VERDADERO;;;3,00;;;;;;;;;FALSO;FALSO;;;06/11/2013;;FALSO;;;;;;;
01;0063;;INOFUENTES;NNN;;;;;;;;;;;;;;;;;;;;;;999999999,99;;;;;;;;VERDADERO;;;;;;;;;;;;FALSO;;;;;;;;;;;;;
01;0064;0064;LOZADA/FACUNDO;NNN;;;;;;;;;;;;;;;;;;;;0;0;999999999,99;;;;;;;;VERDADERO;;;3,00;;;;;;;;;FALSO;FALSO;;;09/11/2013;;FALSO;;;;;;;
01;0065;0065;WILLE/MARTIN;NNN;;;;;;;;;;;;;;;;;;;;0;0;999999999,99;;;;;;;;VERDADERO;;;3,00;;;;;;;;;FALSO;FALSO;;;11/11/2013;;FALSO;;;;;;;
01;0066;;ALVAREZ/MARIANA;NNN;;;;;;;;;;;;;;;;;;;;;;999999999,99;;;;;;;;VERDADERO;;;;;;;;;;;;FALSO;;;;;;;;;;;;;
01;0067;;SUAREZ/TOMAS;NNN;;;;;;;;;;;;;;;;;;;;;;999999999,99;;;;;;;;VERDADERO;;;;;;;;;;;;FALSO;;;;;;;;;;;;;
01;0068;;ALVAREZ/ANA MARIA;NNN;;;;;;;;;;;;;;;;;;;;;;999999999,99;;;;;;;;VERDADERO;;;;;;;;;;;;FALSO;;;;;;;;;;;;;
01;0069;0069;SALVATIERRA/JORGE;NNN;;;;;;;;;;;;;;;;;;;;0;0;999999999,99;;;;;;;;VERDADERO;;;3,00;;;;;;;;;FALSO;FALSO;;;20/11/2013;;FALSO;;;;;;;
01;0070;0070;CRESPO/WILLY;NNN;;;;;;;;;;;;;;;;;;;;0;0;999999999,99;;;;;;;;VERDADERO;;;3,00;;;;;;;;;FALSO;FALSO;;;20/11/2013;;FALSO;;;;;;;
01;0071;;CLAURE/MAURICIO;NNN;;;;;;;;;;;;;;;;;;;;;;999999999,99;;;;;;;;VERDADERO;;;;;;;;;;;;FALSO;;;;;;;;;;;;;
01;0072;;OVALLE/EDILBERTO;NNN;;;;;;;;;;;;;;;;;;;;;;999999999,99;;;;;;;;VERDADERO;;;;;;;;;;;;FALSO;;;;;;;;;;;;;
01;0073;0073;DIAZ/LUIS FERNANDO;NNN;;;;;;;;;;;;;;;;;;;;0;0;999999999,99;;;;;;;;VERDADERO;;;3,00;;;;;;;;;FALSO;FALSO;;;26/11/2013;;FALSO;;;;;;;
01;0074;0074;RIBERA/STHEFANI;NNN;;;;;;;;;;;;;;;;;;;;0;0;999999999,99;;;;;;;;VERDADERO;;;3,00;;;;;;;;;FALSO;FALSO;;;28/11/2013;;FALSO;;;;;;;
01;0075;;PARADA/NATALIA;NNN;;;;;;;;;;;;;;;;;;;;;;999999999,99;;;;;;;;VERDADERO;;;;;;;;;;;;FALSO;;;;;;;;;;;;;
01;0076;;CABRERA/MARIA VICTORIA;NNN;;;;;;;;;;;;;;;;;;;;;;999999999,99;;;;;;;;VERDADERO;;;;;;;;;;;;FALSO;;;;;;;;;;;;;
01;0077;;VALLEJO/LOURDES;NNN;;;;;;;;;;;;;;;;;;;;;;999999999,99;;;;;;;;VERDADERO;;;;;;;;;;;;FALSO;;;;;;;;;;;;;
01;0078;;PARACICAGUA/NATIVIDAD;NNN;;;;;;;;;;;;;;;;;;;;;;999999999,99;;;;;;;;VERDADERO;;;;;;;;;;;;FALSO;;;;;;;;;;;;;
01;0079;;RUCK/MAURICIO;NNN;;;;;;;;;;;;;;;;;;;;;;999999999,99;;;;;;;;VERDADERO;;;;;;;;;;;;FALSO;;;;;;;;;;;;;
01;0080;0080;BALCAZAR/MARIA LUISA;NNN;;;;;;;;;;;;;;;;;;;;0;0;999999999,99;;;;;;;;VERDADERO;;;3,00;;;;;;;;;FALSO;FALSO;;;29/11/2013;;FALSO;;;;;;;
01;0081;;ROJAS/ANDREA;NNN;;;;;;;;;;;;;;;;;;;;;;999999999,99;;;;;;;;VERDADERO;;;;;;;;;;;;FALSO;;;;;;;;;;;;;
01;0082;;BEJARANO/XIMENA;NNN;;;;;;;;;;;;;;;;;;;;;;999999999,99;;;;;;;;VERDADERO;;;;;;;;;;;;FALSO;;;;;;;;;;;;;
01;0083;;BALARIN/MICHAEL;NNN;;;;;;;;;;;;;;;;;;;;;;999999999,99;;;;;;;;VERDADERO;;;;;;;;;;;;FALSO;;;;;;;;;;;;;
01;0084;;VERA/GLORIA;NNN;;;;;;;;;;;;;;;;;;;;;;999999999,99;;;;;;;;VERDADERO;;;;;;;;;;;;FALSO;;;;;;;;;;;;;
01;0085;;QUILES/RAQUEL-BNB;NNN;;;;;;;;;;;;;;;;;;;;;;999999999,99;;;;;;;;VERDADERO;;;;;;;;;;;;FALSO;;;;;;;;;;;;;
01;0086;0086;VACA/ALEJANDRA;NNN;;;;;;;;;;;;;;;;;;;;0;0;999999999,99;SILVANA BALCAZAR;;;75510200;SILVANA BALCAZAR;;;VERDADERO;;;3,00;;;;;;;;;FALSO;FALSO;;;16/12/2013;;FALSO;;;;;;;
01;0087;;ROSALVA FRIGOR;NNN;;;;;;;;;;;;;;;;;;;;;;999999999,99;;;;;;;;VERDADERO;;;;;;;;;;;;FALSO;;;;;;;;;;;;;
01;0088;;ROMERO CLAUDIA DSS PERSONAL;NNN;;;;;;;;;;;;;;;;;;;;;;999999999,99;;;;;;;;VERDADERO;;;;;;;;;;;;FALSO;;;;;;;;;;;;;
01;0089;;CASTRO/ALVARO;NNN;;;;;;;;;;;;;;;;;;;;;;999999999,99;;;;;;;;VERDADERO;;;;;;;;;;;;FALSO;;;;;;;;;;;;;
01;0090;;EQUIPLUS SRL;NNN;;;;;;;;;;;;;;;;;;;;;;999999999,99;;;;;;;;VERDADERO;;;;;;;;;;;;FALSO;;;;;;;;;;;;;
01;0091;;IBANEZ/TONA;NNN;;;;;;;;;;;;;;;;;;;;;;999999999,99;;;;;;;;VERDADERO;;;;;;;;;;;;FALSO;;;;;;;;;;;;;
01;0092;;ARABE MOISES FRIGOR PERS;NNN;;;;;;;;;;;;;;;;;;;;;;999999999,99;;;;;;;;VERDADERO;;;;;;;;;;;;FALSO;;;;;;;;;;;;;
01;0093;;PAZ HURTADO/RONALD;NNN;;;;;;;;;;;;;;;;;;;;;;999999999,99;;;;;;;;VERDADERO;;;;;;;;;;;;FALSO;;;;;;;;;;;;;
01;0094;;CLAURE/LUZ MARIA;NNN;;;;;;;;;;;;;;;;;;;;;;999999999,99;;;;;;;;VERDADERO;;;;;;;;;;;;FALSO;;;;;;;;;;;;;
01;0095;;BLANCO/MARTHA;NNN;;;;;;;;;;;;;;;;;;;;;;999999999,99;;;;;;;;VERDADERO;;;;;;;;;;;;FALSO;;;;;;;;;;;;;
01;0096;;CASTILLO/ANDREA;NNN;;;;;;;;;;;;;;;;;;;;;;999999999,99;;;;;;;;VERDADERO;;;;;;;;;;;;FALSO;;;;;;;;;;;;;
01;0097;;TRANSBOLCRUZ;NNN;;;;;;;;;;;;;;;;;;;;;;999999999,99;;;;;;;;VERDADERO;;;;;;;;;;;;FALSO;;;;;;;;;;;;;
01;0098;;TERAN/DIEGO;NNN;;;;;;;;;;;;;;;;;;;;;;999999999,99;;;;;;;;VERDADERO;;;;;;;;;;;;FALSO;;;;;;;;;;;;;
01;0099;;ARANO/MARIO;NNN;;;;;;;;;;;;;;;;;;;;;;999999999,99;;;;;;;;VERDADERO;;;;;;;;;;;;FALSO;;;;;;;;;;;;;
01;0100;0100;FERNANDEZ/FABIOLA;NNN;;;;;;;;;;;;;;;;;;;;0;0;999999999,99;;;;;;;;VERDADERO;;;3,00;;;;;;;;;FALSO;FALSO;;;16/01/2014;;FALSO;;;;;;;
01;0101;;PEREZ/JAIME;NNN;;;;;;;;;;;;;;;;;;;;;;999999999,99;;;;;;;;VERDADERO;;;;;;;;;;;;FALSO;;;;;;;;;;;;;
01;0102;;NINO DE GUZMAN/GABRIELA;NNN;;;;;;;;;;;;;;;;;;;;;;999999999,99;;;;;;;;VERDADERO;;;;;;;;;;;;FALSO;;;;;;;;;;;;;
01;0103;;BURKE/DANIELA;NNN;;;;;;;;;;;;;;;;;;;;;;999999999,99;;;;;;;;VERDADERO;;;;;;;;;;;;FALSO;;;;;;;;;;;;;
01;0104;;RIVERO/SILVIA;NNN;;;;;;;;;;;;;;;;;;;;;;999999999,99;;;;;;;;VERDADERO;;;;;;;;;;;;FALSO;;;;;;;;;;;;;
01;0105;0105;SPINOZZI/GERMAN;NNN;;;;;;;;;;;;;;;;;;;;0;0;999999999,99;;;;;;;;VERDADERO;;;3,00;;;;;;;;;FALSO;FALSO;;;13/02/2014;;FALSO;;;;;;;
01;0106;;CHAVEZ/ARIEL;NNN;;;;;;;;;;;;;;;;;;;;;;999999999,99;;;;;;;;VERDADERO;;;;;;;;;;;;FALSO;;;;;;;;;;;;;
01;0107;0107;MICHEL/CARLOS;NNN;;;;;;;;;;;;;;;;;;;;0;0;999999999,99;;;;;;;;VERDADERO;;;3,00;;;;;;;;;FALSO;FALSO;;;;;FALSO;;;;;;;
01;0108;;ARTEAGA/MIGUEL ANGEL;NNN;;;;;;;;;;;;;;;;;;;;;;999999999,99;;;;;;;;VERDADERO;;;;;;;;;;;;FALSO;;;;;;;;;;;;;
01;0109;;RIVERO/VIVIAN;NNN;;;;;;;;;;;;;;;;;;;;;;999999999,99;;;;;;;;VERDADERO;;;;;;;;;;;;FALSO;;;;;;;;;;;;;
01;0110;;DE CALDERON/DANIELA;NNN;;;;;;;;;;;;;;;;;;;;;;999999999,99;;;;;;;;VERDADERO;;;;;;;;;;;;FALSO;;;;;;;;;;;;;
01;0111;;CHAVEZ/GABRIEL;NNN;;;;;;;;;;;;;;;;;;;;;;999999999,99;;;;;;;;VERDADERO;;;;;;;;;;;;FALSO;;;;;;;;;;;;;
01;0112;;REIMER/CLAUS;NNN;;;;;;;;;;;;;;;;;;;;;;999999999,99;;;;;;;;VERDADERO;;;;;;;;;;;;FALSO;;;;;;;;;;;;;
01;0113;;VIANO/MAXIMILIANO;NNN;;;;;;;;;;;;;;;;;;;;;;999999999,99;;;;;;;;VERDADERO;;;;;;;;;;;;FALSO;;;;;;;;;;;;;
01;0114;;MENDEZ/SILVANA;NNN;;;;;;;;;;;;;;;;;;;;;;999999999,99;;;;;;;;VERDADERO;;;;;;;;;;;;FALSO;;;;;;;;;;;;;
01;0115;;SEJAS/VALERIA;NNN;;;;;;;;;;;;;;;;;;;;;;999999999,99;;;;;;;;VERDADERO;;;;;;;;;;;;FALSO;;;;;;;;;;;;;
01;0116;;PINZON ROZO/SILVIA EUGENIA;NNN;;;;;;;;;;;;;;;;;;;;;;999999999,99;;;;;;;;VERDADERO;;;;;;;;;;;;FALSO;;;;;;;;;;;;;
01;0117;;SATT/DANIELA;NNN;;;;;;;;;;;;;;;;;;;;;;999999999,99;;;;;;;;VERDADERO;;;;;;;;;;;;FALSO;;;;;;;;;;;;;
01;0118;0118;EXENI/REYNALDO;NNN;;;;;;;;;;;;;;;;;;;;0;0;999999999,99;;;;;;;;VERDADERO;;;3,00;;;;;;;;;FALSO;FALSO;;;;;FALSO;;;;;;;
01;0119;;REVOLLO TORRICO/FERNANDO;NNN;;;;;;;;;;;;;;;;;;;;;;999999999,99;;;;;;;;VERDADERO;;;;;;;;;;;;FALSO;;;;;;;;;;;;;
01;0120;;MALALA/ALLISON;NNN;;;;;;;;;;;;;;;;;;;;;;999999999,99;;;;;;;;VERDADERO;;;;;;;;;;;;FALSO;;;;;;;;;;;;;
01;0121;;CRESPO/VERONICA;NNN;;;;;;;;;;;;;;;;;;;;;;999999999,99;;;;;;;;VERDADERO;;;;;;;;;;;;FALSO;;;;;;;;;;;;;
01;0122;;INSACRUZ LTDA;NNN;;;;;;;;;;;;;;;;;;;;;;999999999,99;;;;;;;;VERDADERO;;;;;;;;;;;;FALSO;;;;;;;;;;;;;
01;0123;;REA/ROVIN HERSON;NNN;;;;;;;;;;;;;;;;;;;;;;999999999,99;;;;;;;;VERDADERO;;;;;;;;;;;;FALSO;;;;;;;;;;;;;
01;0124;;TARDIO/REBECA;NNN;;;;;;;;;;;;;;;;;;;;;;999999999,99;;;;;;;;VERDADERO;;;;;;;;;;;;FALSO;;;;;;;;;;;;;
01;0125;;SERPETBOL LTDA;NNN;;;;;;;;;;;;;;;;;;;;;;999999999,99;;;;;;;;VERDADERO;;;;;;;;;;;;FALSO;;;;;;;;;;;;;
01;0126;;MYENDY S.A;NNN;;;;;;;;;;;;;;;;;;;;;;999999999,99;;;;;;;;VERDADERO;;;;;;;;;;;;FALSO;;;;;;;;;;;;;
01;0127;;ARTEAGA/VIVIAN;NNN;;;;;;;;;;;;;;;;;;;;;;999999999,99;;;;;;;;VERDADERO;;;;;;;;;;;;FALSO;;;;;;;;;;;;;
01;0128;0128;CASTRO/VERONICA;NNN;;;;;;;;;;;;;;;;;;;;0;15;999999999,99;;;;;;;;VERDADERO;;;3,00;;;;;;;;;FALSO;FALSO;;;12/05/2014;;FALSO;;;;;;;
01;0129;;MORENO/MARIA FERNANDA;NNN;;;;;;;;;;;;;;;;;;;;;;999999999,99;;;;;;;;VERDADERO;;;;;;;;;;;;FALSO;;;;;;;;;;;;;
01;0130;;AGUIRRE/ALEX ROLANDO;NNN;;;;;;;;;;;;;;;;;;;;;;999999999,99;;;;;;;;VERDADERO;;;;;;;;;;;;FALSO;;;;;;;;;;;;;
01;0131;;AON BOLIVIA SA;NNN;;;;;;;;;;;;;;;;;;;;;;999999999,99;;;;;;;;VERDADERO;;;;;;;;;;;;FALSO;;;;;;;;;;;;;
01;0132;;PARADA/LIMBERG;NNN;;;;;;;;;;;;;;;;;;;;;;999999999,99;;;;;;;;VERDADERO;;;;;;;;;;;;FALSO;;;;;;;;;;;;;
01;0133;0133;PAZ AGUILERA/CLAUDIA;NNN;;;;3163531;;;;;;;;;;;;;;;;0;0;999999999,99;;;;;;;;VERDADERO;;;3,00;;;;;;;;;FALSO;FALSO;;;;;FALSO;;;;;;;
01;0134;;FORNARI/DANIELA MYENDY;NNN;;;;;;;;;;;;;;;;;;;;;;999999999,99;;;;;;;;VERDADERO;;;;;;;;;;;;FALSO;;;;;;;;;;;;;
01;0135;;GUTIERREZ/EDUARDO;NNN;;;;;;;;;;;;;;;;;;;;;;999999999,99;;;;;;;;VERDADERO;;;;;;;;;;;;FALSO;;;;;;;;;;;;;
01;0136;;FRANCO VACA/ALFREDO;NNN;;;;;;;;;;;;;;;;;;;;;;999999999,99;;;;;;;;VERDADERO;;;;;;;;;;;;FALSO;;;;;;;;;;;;;
01;0137;;VILLARPANDO/ELSA;NNN;;;;;;;;;;;;;;;;;;;;;;999999999,99;;;;;;;;VERDADERO;;;;;;;;;;;;FALSO;;;;;;;;;;;;;
01;0138;0138;RIOJA/GUILLERMO;NNN;;;;;;;;;;;;;;;;;;;;0;0;999999999,99;;;;;;;;VERDADERO;;;3,00;;;;;;;;;FALSO;FALSO;;;;;FALSO;;;;;;;
01;0139;;AGUILERA/ANDREI;NNN;;;;;;;;;;;;;;;;;;;;;;999999999,99;;;;;;;;VERDADERO;;;;;;;;;;;;FALSO;;;;;;;;;;;;;
01;0140;0140;KAISER/ROMULO;NNN;;;;;;;;;;;;;;;;;;;;0;0;999999999,99;;;;;;;;VERDADERO;;;3,00;;;;;;;;;FALSO;FALSO;;;01/07/2014;;FALSO;;;;;;;
01;0141;0141;ROMAN/ROXANA;NNN;;;;;;;;;;;;;;;;;;;;0;0;999999999,99;;;;;;;;VERDADERO;;;3,00;;;;;;;;;FALSO;FALSO;;;01/07/2014;;FALSO;;;;;;;
01;0142;;RISKOWSKY/NINOSKA;NNN;;;;;;;;;;;;;;;;;;;;;;999999999,99;;;;;;;;VERDADERO;;;;;;;;;;;;FALSO;;;;;;;;;;;;;
01;0143;;VISCARRA/HECTOR;NNN;;;;;;;;;;;;;;;;;;;;;;999999999,99;;;;;;;;VERDADERO;;;;;;;;;;;;FALSO;;;;;;;;;;;;;
01;0144;;CRAPUZZI/TOTO;NNN;;;;;;;;;;;;;;;;;;;;;;999999999,99;;;;;;;;VERDADERO;;;;;;;;;;;;FALSO;;;;;;;;;;;;;
01;0145;;CALLAU/CLAUDIA;NNN;;;;;;;;;;;;;;;;;;;;;;999999999,99;;;;;;;;VERDADERO;;;;;;;;;;;;FALSO;;;;;;;;;;;;;
01;0146;;CASTEDO/JAVIER;NNN;;;;;;;;;;;;;;;;;;;;;;999999999,99;;;;;;;;VERDADERO;;;;;;;;;;;;FALSO;;;;;;;;;;;;;
01;0147;;IBANEZ/LUIS FERNANDO;NNN;;;;;;;;;;;;;;;;;;;;;;999999999,99;;;;;;;;VERDADERO;;;;;;;;;;;;FALSO;;;;;;;;;;;;;
01;0148;;ROJAS/GABRIELA;NNN;;;;;;;;;;;;;;;;;;;;;;999999999,99;;;;;;;;VERDADERO;;;;;;;;;;;;FALSO;;;;;;;;;;;;;
01;0149;;LONDONO/JORGE;NNN;;;;;;;;;;;;;;;;;;;;;;999999999,99;;;;;;;;VERDADERO;;;;;;;;;;;;FALSO;;;;;;;;;;;;;
01;0150;;GUTIERREZ/CARLOS EDUARDO;NNN;;;;;;;;;;;;;;;;;;;;;;999999999,99;;;;;;;;VERDADERO;;;;;;;;;;;;FALSO;;;;;;;;;;;;;
01;0151;0151;MUCARCEL/MAURICIO;NNN;;;;;;;;;;;;;;;;;;;;0;0;999999999,99;;;;;;;;VERDADERO;;;3,00;;;;;;;;;FALSO;FALSO;;;29/07/2014;;FALSO;;;;;;;
01;0152;;MEDIQUIP SRL;NNN;;;;;;;;;;;;;;;;;;;;;;999999999,99;;;;;;;;VERDADERO;;;;;;;;;;;;FALSO;;;;;;;;;;;;;
01;0153;;PAZ/CELINA;NNN;;;;;;;;;;;;;;;;;;;;;;999999999,99;;;;;;;;VERDADERO;;;;;;;;;;;;FALSO;;;;;;;;;;;;;
01;0154;;BLANCO/DIEGO AON;NNN;;;;;;;;;;;;;;;;;;;;;;999999999,99;;;;;;;;VERDADERO;;;;;;;;;;;;FALSO;;;;;;;;;;;;;
01;0155;;SANCHEZ/DANIEL;NNN;;;;;;;;;;;;;;;;;;;;;;999999999,99;;;;;;;;VERDADERO;;;;;;;;;;;;FALSO;;;;;;;;;;;;;
01;0156;;JIMENEZ/MARIA EUGENIA;NNN;;;;;;;;;;;;;;;;;;;;;;999999999,99;;;;;;;;VERDADERO;;;;;;;;;;;;FALSO;;;;;;;;;;;;;
01;0157;;ARANO/CLAUDIA;NNN;;;;;;;;;;;;;;;;;;;;;;999999999,99;;;;;;;;VERDADERO;;;;;;;;;;;;FALSO;;;;;;;;;;;;;
01;0158;;DE OLIVEIRA/FANY;NNN;;;;;;;;;;;;;;;;;;;;;;999999999,99;;;;;;;;VERDADERO;;;;;;;;;;;;FALSO;;;;;;;;;;;;;
01;0159;;GUZMAN/MARY MYENDY;NNN;;;;;;;;;;;;;;;;;;;;;;999999999,99;;;;;;;;VERDADERO;;;;;;;;;;;;FALSO;;;;;;;;;;;;;
01;0160;;GUTIERREZ/DAVID;NNN;;;;;;;;;;;;;;;;;;;;;;999999999,99;;;;;;;;VERDADERO;;;;;;;;;;;;FALSO;;;;;;;;;;;;;
01;0161;;BANEGAS/FABIOLA;NNN;;;;;;;;;;;;;;;;;;;;;;999999999,99;;;;;;;;VERDADERO;;;;;;;;;;;;FALSO;;;;;;;;;;;;;
01;0162;0162;BARBERY/LUIS ANTONIO;NNN;;;;;;;;;;;;;;;;;;;;0;0;999999999,99;;;;;;;;VERDADERO;;;3,00;;;;;;;;;FALSO;FALSO;;;14/08/2014;;FALSO;;;;;;;
01;0163;;SOLIZ/PABLO DIN;NNN;;;;;;;;;;;;;;;;;;;;;;999999999,99;;;;;;;;VERDADERO;;;;;;;;;;;;FALSO;;;;;;;;;;;;;
01;0164;;FBI SRL;NNN;;;;;;;;;;;;;;;;;;;;;;999999999,99;;;;;;;;VERDADERO;;;;;;;;;;;;FALSO;;;;;;;;;;;;;
01;0165;;TERAN/DANIEL;NNN;;;;;;;;;;;;;;;;;;;;;;999999999,99;;;;;;;;VERDADERO;;;;;;;;;;;;FALSO;;;;;;;;;;;;;
01;0166;;PENA/OSCAR MARCELO;NNN;;;;;;;;;;;;;;;;;;;;;;999999999,99;;;;;;;;VERDADERO;;;;;;;;;;;;FALSO;;;;;;;;;;;;;
01;0167;;CADARIO/ALEJANDRA;NNN;;;;;;;;;;;;;;;;;;;;;;999999999,99;;;;;;;;VERDADERO;;;;;;;;;;;;FALSO;;;;;;;;;;;;;
01;0168;0168;MONTANO/JOAQUIN;NNN;;;;;;;;;;;;;;;;;;;;0;0;999999999,99;;;;;;;;VERDADERO;;;3,00;;;;;;;;;FALSO;FALSO;;;28/08/2014;;FALSO;;;;;;;
01;0169;;QUIROZ/PATRICIA;NNN;;;;;;;;;;;;;;;;;;;;;;999999999,99;;;;;;;;VERDADERO;;;;;;;;;;;;FALSO;;;;;;;;;;;;;
01;0170;;PAZ/CECILIA;NNN;;;;;;;;;;;;;;;;;;;;;;999999999,99;;;;;;;;VERDADERO;;;;;;;;;;;;FALSO;;;;;;;;;;;;;
01;0171;;BALDELOMAR/MAURICIO;NNN;;;;;;;;;;;;;;;;;;;;;;999999999,99;;;;;;;;VERDADERO;;;;;;;;;;;;FALSO;;;;;;;;;;;;;
01;0172;;BEJARANO/JUAN PABLO;NNN;;;;;;;;;;;;;;;;;;;;;;999999999,99;;;;;;;;VERDADERO;;;;;;;;;;;;FALSO;;;;;;;;;;;;;
01;0173;;SAUCEDO/MARIANO;NNN;;;;;;;;;;;;;;;;;;;;;;999999999,99;;;;;;;;VERDADERO;;;;;;;;;;;;FALSO;;;;;;;;;;;;;
01;0174;;FUTURO SPORTS;NNN;;;;;;;;;;;;;;;;;;;;;;999999999,99;;;;;;;;VERDADERO;;;;;;;;;;;;FALSO;;;;;;;;;;;;;
01;0175;;EGUEZ/TATIANA AON;NNN;;;;;;;;;;;;;;;;;;;;;;999999999,99;;;;;;;;VERDADERO;;;;;;;;;;;;FALSO;;;;;;;;;;;;;
01;0176;;CUELLAR/MELVIN;NNN;;;;;;;;;;;;;;;;;;;;;;999999999,99;;;;;;;;VERDADERO;;;;;;;;;;;;FALSO;;;;;;;;;;;;;
01;0177;;FERNANDEZ/MARIO CESAR;NNN;;;;;;;;;;;;;;;;;;;;;;999999999,99;;;;;;;;VERDADERO;;;;;;;;;;;;FALSO;;;;;;;;;;;;;
01;0178;;HEREDIA/MARLENE;NNN;;;;;;;;;;;;;;;;;;;;;;999999999,99;;;;;;;;VERDADERO;;;;;;;;;;;;FALSO;;;;;;;;;;;;;
01;0179;;TELCHI LTDA;NNN;;;;;;;;;;;;;;;;;;;;;;999999999,99;;;;;;;;VERDADERO;;;;;;;;;;;;FALSO;;;;;;;;;;;;;
01;0180;;MELGAR/HEBERT;NNN;;;;;;;;;;;;;;;;;;;;;;999999999,99;;;;;;;;VERDADERO;;;;;;;;;;;;FALSO;;;;;;;;;;;;;
01;0181;;ROJAS/JUAN CARLOS;NNN;;;;;;;;;;;;;;;;;;;;;;999999999,99;;;;;;;;VERDADERO;;;;;;;;;;;;FALSO;;;;;;;;;;;;;
01;0182;;CABRERA/MARIA MONICA;NNN;;;;;;;;;;;;;;;;;;;;;;999999999,99;;;;;;;;VERDADERO;;;;;;;;;;;;FALSO;;;;;;;;;;;;;
01;0183;;EGUEZ/FERNANDO;NNN;;;;;;;;;;;;;;;;;;;;;;999999999,99;;;;;;;;VERDADERO;;;;;;;;;;;;FALSO;;;;;;;;;;;;;
01;0184;;DURAN/LOURDES;NNN;;;;;;;;;;;;;;;;;;;;;;999999999,99;;;;;;;;VERDADERO;;;;;;;;;;;;FALSO;;;;;;;;;;;;;
01;0185;;CLAURE/JESUS;NNN;;;;;;;;;;;;;;;;;;;;;;999999999,99;;;;;;;;VERDADERO;;;;;;;;;;;;FALSO;;;;;;;;;;;;;
01;0186;;ARIAS/ROXANA DIRECTO;NNN;;;;;;;;;;;;;;;;;;;;;;999999999,99;;;;;;;;VERDADERO;;;;;;;;;;;;FALSO;;;;;;;;;;;;;
01;0187;;CUELLAR/JOSE ERNESTO;NNN;;;;;;;;;;;;;;;;;;;;;;999999999,99;;;;;;;;VERDADERO;;;;;;;;;;;;FALSO;;;;;;;;;;;;;
01;0188;;FRANCO/VIVIAN;NNN;;;;;;;;;;;;;;;;;;;;;;999999999,99;;;;;;;;VERDADERO;;;;;;;;;;;;FALSO;;;;;;;;;;;;;
01;0189;;ANTELO/ALEJANDRA;NNN;;;;;;;;;;;;;;;;;;;;;;999999999,99;;;;;;;;VERDADERO;;;;;;;;;;;;FALSO;;;;;;;;;;;;;
01;0190;0190;CLAURE/MARIANA;NNN;;;;;;;;;;;;;;;;;;;;0;0;999999999,99;;;;;;;;VERDADERO;;;3,00;;;;;;;;;FALSO;FALSO;;;20/12/2014;;FALSO;;;;;;;
01;0191;;SALDANA/YUVINKA;NNN;;;;;;;;;;;;;;;;;;;;;;999999999,99;;;;;;;;VERDADERO;;;;;;;;;;;;FALSO;;;;;;;;;;;;;
01;0192;;RODRIGUEZ/MARIA RENEE;NNN;;;;;;;;;;;;;;;;;;;;;;999999999,99;;;;;;;;VERDADERO;;;;;;;;;;;;FALSO;;;;;;;;;;;;;
01;0193;;PREST/LUIS;NNN;;;;;;;;;;;;;;;;;;;;;;999999999,99;;;;;;;;VERDADERO;;;;;;;;;;;;FALSO;;;;;;;;;;;;;
01;0194;;PAZ/UBALDO;NNN;;;;;;;;;;;;;;;;;;;;;;999999999,99;;;;;;;;VERDADERO;;;;;;;;;;;;FALSO;;;;;;;;;;;;;
01;0195;;GUTIERREZ/AUGUSTO;NNN;;;;;;;;;;;;;;;;;;;;;;999999999,99;;;;;;;;VERDADERO;;;;;;;;;;;;FALSO;;;;;;;;;;;;;
01;0196;;SIKUJARA/AKIKO;NNN;;;;;;;;;;;;;;;;;;;;;;999999999,99;;;;;;;;VERDADERO;;;;;;;;;;;;FALSO;;;;;;;;;;;;;
01;0197;;VANDER VEEN/NICOLE;NNN;;;;;;;;;;;;;;;;;;;;;;999999999,99;;;;;;;;VERDADERO;;;;;;;;;;;;FALSO;;;;;;;;;;;;;
01;0198;;ARANIBAR/GIOVANA;NNN;;;;;;;;;;;;;;;;;;;;;;999999999,99;;;;;;;;VERDADERO;;;;;;;;;;;;FALSO;;;;;;;;;;;;;
01;0199;;NUNEZ DEL PRADO/CINTHIA;NNN;;;;;;;;;;;;;;;;;;;;;;999999999,99;;;;;;;;VERDADERO;;;;;;;;;;;;FALSO;;;;;;;;;;;;;
01;0200;;PAZ/ANA MARIA;NNN;;;;;;;;;;;;;;;;;;;;;;999999999,99;;;;;;;;VERDADERO;;;;;;;;;;;;FALSO;;;;;;;;;;;;;
01;0201;;LEONARD/CARLOS ALBERTO;NNN;;;;;;;;;;;;;;;;;;;;;;999999999,99;;;;;;;;VERDADERO;;;;;;;;;;;;FALSO;;;;;;;;;;;;;
01;0202;;CERAMICA CHIQUITOS;NNN;;;;;;;;;;;;;;;;;;;;;;999999999,99;;;;;;;;VERDADERO;;;;;;;;;;;;FALSO;;;;;;;;;;;;;
01;0203;;AVILA/GIANNINE;NNN;;;;;;;;;;;;;;;;;;;;;;999999999,99;;;;;;;;VERDADERO;;;;;;;;;;;;FALSO;;;;;;;;;;;;;
01;0204;;VALENZUELA/ROSA MARIA;NNN;;;;;;;;;;;;;;;;;;;;;;999999999,99;;;;;;;;VERDADERO;;;;;;;;;;;;FALSO;;;;;;;;;;;;;
01;0205;;VILLAGOMEZ/ARIEL;NNN;;;;;;;;;;;;;;;;;;;;;;999999999,99;;;;;;;;VERDADERO;;;;;;;;;;;;FALSO;;;;;;;;;;;;;
01;0206;;GUTIERREZ/YANETH;NNN;;;;;;;;;;;;;;;;;;;;;;999999999,99;;;;;;;;VERDADERO;;;;;;;;;;;;FALSO;;;;;;;;;;;;;
01;0207;;TARDIO/MARINELA;NNN;;;;;;;;;;;;;;;;;;;;;;999999999,99;;;;;;;;VERDADERO;;;;;;;;;;;;FALSO;;;;;;;;;;;;;
01;0208;;ORTIZ/JUAN ROLANDO;NNN;;;;;;;;;;;;;;;;;;;;;;999999999,99;;;;;;;;VERDADERO;;;;;;;;;;;;FALSO;;;;;;;;;;;;;
01;0209;;ANTELO/FRANCISCO;NNN;;;;;;;;;;;;;;;;;;;;;;999999999,99;;;;;;;;VERDADERO;;;;;;;;;;;;FALSO;;;;;;;;;;;;;
01;0210;;CAMSEGBOL SRL;NNN;;;;;;;;;;;;;;;;;;;;;;999999999,99;;;;;;;;VERDADERO;;;;;;;;;;;;FALSO;;;;;;;;;;;;;
01;0211;;AGUILAR/JULIO;NNN;;;;;;;;;;;;;;;;;;;;;;999999999,99;;;;;;;;VERDADERO;;;;;;;;;;;;FALSO;;;;;;;;;;;;;
01;0212;;BECERRA/CLAUDIA;N;;;;;;;;;;;;;;;;;;;;0;0;999999999,99;;;;;;;;VERDADERO;;;;;;;;;;;;FALSO;;;;;;;;;;;;;
01;0213;0213;ARANIBAR/SALVADOR;NNN;;;;;;;;;;;;;;;;;;;;0;0;999999999,99;;;;;;;;VERDADERO;;;3,00;;;;;;;;;FALSO;FALSO;;;05/05/2015;;FALSO;;;;;;;
01;0214;0214;BK LEATHER SRL;NNN;;;;183648025;;;;;;;;;;;;;;;;0;0;999999999,99;;;;;;;;VERDADERO;;;3,00;;;;;;;;;FALSO;FALSO;;;06/05/2015;;FALSO;;;;;;;
01;0215;;ROMAN/MAYERLING;NNN;;;;;;;;;;;;;;;;;;;;;;999999999,99;;;;;;;;VERDADERO;;;;;;;;;;;;FALSO;;;;;;;;;;;;;
01;0216;;MENDEZ/LILIANA;NNN;;;;;;;;;;;;;;;;;;;;;;999999999,99;;;;;;;;VERDADERO;;;;;;;;;;;;FALSO;;;;;;;;;;;;;
01;0217;;MONTANO/CAROLA;NNN;;;;;;;;;;;;;;;;;;;;;;999999999,99;;;;;;;;VERDADERO;;;;;;;;;;;;FALSO;;;;;;;;;;;;;
01;0218;;LOPEZ/ELIBETH;NNN;;;;;;;;;;;;;;;;;;;;;;999999999,99;;;;;;;;VERDADERO;;;;;;;;;;;;FALSO;;;;;;;;;;;;;
01;0219;;FERNANDEZ/CECILIA;NNN;;;;;;;;;;;;;;;;;;;;;;999999999,99;;;;;;;;VERDADERO;;;;;;;;;;;;FALSO;;;;;;;;;;;;;
01;0220;;HARB/VERONICA;NNN;;;;;;;;;;;;;;;;;;;;;;999999999,99;;;;;;;;VERDADERO;;;;;;;;;;;;FALSO;;;;;;;;;;;;;
01;0221;;RIOJA/MARIO;NNN;;;;;;;;;;;;;;;;;;;;;;999999999,99;;;;;;;;VERDADERO;;;;;;;;;;;;FALSO;;;;;;;;;;;;;
01;0222;;CIMISA;NNN;;;;;;;;;;;;;;;;;;;;;;999999999,99;;;;;;;;VERDADERO;;;;;;;;;;;;FALSO;;;;;;;;;;;;;
01;0223;;SOLINTEC SRL;NNN;;;;;;;;;;;;;;;;;;;;;;999999999,99;;;;;;;;VERDADERO;;;;;;;;;;;;FALSO;;;;;;;;;;;;;
01;0224;;CAMACHO/LILIANA;NNN;;;;;;;;;;;;;;;;;;;;;;999999999,99;;;;;;;;VERDADERO;;;;;;;;;;;;FALSO;;;;;;;;;;;;;
01;0225;;PAZ/INGRID SILVIA;NNN;;;;;;;;;;;;;;;;;;;;;;999999999,99;;;;;;;;VERDADERO;;;;;;;;;;;;FALSO;;;;;;;;;;;;;
01;0226;;PARADA/CHICU;NNN;;;;;;;;;;;;;;;;;;;;;;999999999,99;;;;;;;;VERDADERO;;;;;;;;;;;;FALSO;;;;;;;;;;;;;
01;0227;;ARGIRAKIS/GLADYS;NNN;;;;;;;;;;;;;;;;;;;;;;999999999,99;;;;;;;;VERDADERO;;;;;;;;;;;;FALSO;;;;;;;;;;;;;
01;0228;;JUSTINIANO/FABIOLA;NNN;;;;;;;;;;;;;;;;;;;;;;999999999,99;;;;;;;;VERDADERO;;;;;;;;;;;;FALSO;;;;;;;;;;;;;
01;0229;;RIOS/JAVIER;NNN;;;;;;;;;;;;;;;;;;;;;;999999999,99;;;;;;;;VERDADERO;;;;;;;;;;;;FALSO;;;;;;;;;;;;;
01;0230;0230;AGUILAR/PRIMA;NNN;;;;;;;;;;;;;;;;;;;;0;0;999999999,99;;;;;;;;VERDADERO;;;3,00;;;;;;;;;FALSO;FALSO;;;;;FALSO;;;;;;;
01;0231;0231;ARZE/CECILIA;NNN;;;;;;;;;;;;;;;;;;;;0;0;999999999,99;;;;;;;;VERDADERO;;;3,00;;;;;;;;;FALSO;FALSO;;;06/07/2015;;FALSO;;;;;;;
01;0232;;JIMENEZ/PEDRO;NNN;;;;;;;;;;;;;;;;;;;;;;999999999,99;;;;;;;;VERDADERO;;;;;;;;;;;;FALSO;;;;;;;;;;;;;
01;0233;;MOGROVEJO/DAGNER ROGER;NNN;;;;;;;;;;;;;;;;;;;;;;999999999,99;;;;;;;;VERDADERO;;;;;;;;;;;;FALSO;;;;;;;;;;;;;
01;0234;;VERDUGUEZ/PABLO;NNN;;;;;;;;;;;;;;;;;;;;;;999999999,99;;;;;;;;VERDADERO;;;;;;;;;;;;FALSO;;;;;;;;;;;;;
01;0235;;ITURRI FERNANDO INCOTEC SRL;NNN;;;;;;;;;;;;;;;;;;;;;;999999999,99;;;;;;;;VERDADERO;;;;;;;;;;;;FALSO;;;;;;;;;;;;;
01;0236;;MUNOZ MARIO OIL FIELD TRUCKS CO SRL;NNN;;;;;;;;;;;;;;;;;;;;;;999999999,99;;;;;;;;VERDADERO;;;;;;;;;;;;FALSO;;;;;;;;;;;;;
01;0237;;ABELLA TARRADELLES/ZULEMA;NNN;;;;;;;;;;;;;;;;;;;;;;999999999,99;;;;;;;;VERDADERO;;;;;;;;;;;;FALSO;;;;;;;;;;;;;
01;0238;;SERVIPETROL LTDA;NNN;;;;;;;;;;;;;;;;;;;;;;999999999,99;;;;;;;;VERDADERO;;;;;;;;;;;;FALSO;;;;;;;;;;;;;
01;0239;;INDARA SRL;NNN;;;;;;;;;;;;;;;;;;;;;;999999999,99;;;;;;;;VERDADERO;;;;;;;;;;;;FALSO;;;;;;;;;;;;;
01;0240;;GRUPO UNION COLUMBIA;NNN;;;;;;;;;;;;;;;;;;;;;;999999999,99;;;;;;;;VERDADERO;;;;;;;;;;;;FALSO;;;;;;;;;;;;;
01;0241;;GUACHALLA/PATRICK;NNN;;;;;;;;;;;;;;;;;;;;;;999999999,99;;;;;;;;VERDADERO;;;;;;;;;;;;FALSO;;;;;;;;;;;;;
01;0242;0242;OPAZO/FRANCISCO;NNN;;;;;;;;;;;;;;;;;;;;0;0;999999999,99;;;;;;;;VERDADERO;;;3,00;;;;;;;;;FALSO;FALSO;;;28/07/2015;;FALSO;;;;;;;
01;0243;0243;LIBRERIA SAN PABLO;NNN;;;;;;;;;;;;;;;;;;;;0;0;999999999,99;;;;;;;;VERDADERO;;;3,00;;;;;;;;;FALSO;FALSO;;;30/07/2015;;FALSO;;;;;;;
01;0244;;OIL FIELD TRUCKS CO SRL;NNN;;;;;;;;;;;;;;;;;;;;;;999999999,99;;;;;;;;VERDADERO;;;;;;;;;;;;FALSO;;;;;;;;;;;;;
01;0245;;MEALLA JOSE;NNN;;;;;;;;;;;;;;;;;;;;;;999999999,99;;;;;;;;VERDADERO;;;;;;;;;;;;FALSO;;;;;;;;;;;;;
01;0246;;DISPROPEC;NNN;;;;;;;;;;;;;;;;;;;;;;999999999,99;;;;;;;;VERDADERO;;;;;;;;;;;;FALSO;;;;;;;;;;;;;
01;0247;;BASURCO SAMMY;NNN;;;;;;;;;;;;;;;;;;;;;;999999999,99;;;;;;;;VERDADERO;;;;;;;;;;;;FALSO;;;;;;;;;;;;;
01;0248;;AMERICAN ASSIST BOLIVIA SA;NNN;;;;;;;;;;;;;;;;;;;;;;999999999,99;;;;;;;;VERDADERO;;;;;;;;;;;;FALSO;;;;;;;;;;;;;
01;0249;;MECPETROL GALEANO SRL;NNN;;;;;;;;;;;;;;;;;;;;;;999999999,99;;;;;;;;VERDADERO;;;;;;;;;;;;FALSO;;;;;;;;;;;;;
01;0250;;CRUZ DEL NORTE;NNN;;;;;;;;;;;;;;;;;;;;;;999999999,99;;;;;;;;VERDADERO;;;;;;;;;;;;FALSO;;;;;;;;;;;;;
01;0251;;ALAIZA/BLANCA SOFIA;NNN;;;;;;;;;;;;;;;;;;;;;;999999999,99;;;;;;;;VERDADERO;;;;;;;;;;;;FALSO;;;;;;;;;;;;;
01;0252;;PAZ DE JAUREGUI/IRMA;NNN;;;;;;;;;;;;;;;;;;;;;;999999999,99;;;;;;;;VERDADERO;;;;;;;;;;;;FALSO;;;;;;;;;;;;;
01;0253;0253;KURUZ/JOSE LUIS;NNN;;;;;;;;;;;;;;;;;;;;0;0;999999999,99;;;;;;;;VERDADERO;;;3,00;;;;;;;;;FALSO;FALSO;;;11/09/2015;;FALSO;;;;;;;
01;0254;;JUAN PABLO DEL RIO;NNN;;;;;;;;;;;;;;;;;;;;;;999999999,99;;;;;;;;VERDADERO;;;;;;;;;;;;FALSO;;;;;;;;;;;;;
01;0255;;CORPDECO SRL;NNN;;;;;;;;;;;;;;;;;;;;;;999999999,99;;;;;;;;VERDADERO;;;;;;;;;;;;FALSO;;;;;;;;;;;;;
01;0256;0256;GARCIA/CLAUDIA;NNN;;;;;;;;;;;;;;;;;;;;0;0;999999999,99;;;;;;;;VERDADERO;;;3,00;;;;;;;;;FALSO;FALSO;;;21/09/2015;;FALSO;;;;;;;
01;0257;0257;PATINO/PAUL;NNN;;;;;;;;;;;;;;;;;;;;0;0;999999999,99;;;;;;;;VERDADERO;;;3,00;;;;;;;;;FALSO;FALSO;;;07/10/2015;;FALSO;;;;;;;
01;0258;;ARIAS HERLAN;NNN;;;;;;;;;;;;;;;;;;;;;;999999999,99;;;;;;;;VERDADERO;;;;;;;;;;;;FALSO;;;;;;;;;;;;;
01;0259;0259;AUZA/LUIS ALBERTO;NNN;;;;;;;;;;;;;;;;;;;;0;0;999999999,99;;;;;;;;VERDADERO;;;3,00;;;;;;;;;FALSO;FALSO;;;14/10/2015;;FALSO;;;;;;;
01;0260;;SALOMON CAR;NNN;;;;;;;;;;;;;;;;;;;;;;999999999,99;;;;;;;;VERDADERO;;;;;;;;;;;;FALSO;;;;;;;;;;;;;
01;0261;0261;ZAMORA/GABRIEL;NNN;;;;;;;;;;;;;;;;;;;;0;0;999999999,99;;;;;;;;VERDADERO;;;3,00;;;;;;;;;FALSO;FALSO;;;20/10/2015;;FALSO;;;;;;;
01;0262;;ARIAS/MARIA BELEN;NNN;;;;;;;;;;;;;;;;;;;;;;999999999,99;;;;;;;;VERDADERO;;;;;;;;;;;;FALSO;;;;;;;;;;;;;
01;0263;;AGUILERA DE PAZ/GABY;NNN;;;;;;;;;;;;;;;;;;;;;;999999999,99;;;;;;;;VERDADERO;;;;;;;;;;;;FALSO;;;;;;;;;;;;;
01;0264;;DABDOUB/MEDUL;NNN;;;;;;;;;;;;;;;;;;;;;;999999999,99;;;;;;;;VERDADERO;;;;;;;;;;;;FALSO;;;;;;;;;;;;;
01;0265;;TERRAZAS/HUGO MAURICIO;NNN;;;;;;;;;;;;;;;;;;;;;;999999999,99;;;;;;;;VERDADERO;;;;;;;;;;;;FALSO;;;;;;;;;;;;;
01;0266;0266;HNA LIDIA AGUINAGA;NNN;;;;;;;;;;;;;;;;;;;;0;0;999999999,99;;;;;;;;VERDADERO;;;3,00;;;;;;;;;FALSO;FALSO;;;29/10/2015;;FALSO;;;;;;;
01;0267;;GUZMAN/RODRIGO;NNN;;;;;;;;;;;;;;;;;;;;;;999999999,99;;;;;;;;VERDADERO;;;;;;;;;;;;FALSO;;;;;;;;;;;;;
01;0268;0268;QUISBERT/JOAQUIN;NNN;;;;;;;;;;;;;;;;;;;;0;0;999999999,99;;;;;;;;VERDADERO;;;3,00;;;;;;;;;FALSO;FALSO;;;05/11/2015;;FALSO;;;;;;;
01;0269;0269;GONZALEZ/DIEGO ARMANDO;NNN;;;;;;;;;;;;;;;;;;;;0;0;999999999,99;;;;;;;;VERDADERO;;;3,00;;;;;;;;;FALSO;FALSO;;;05/11/2015;;FALSO;;;;;;;
01;0270;;TARIJA TOURS;NNN;;;;;;;;;;;;;;;;;;;;;;999999999,99;;;;;;;;VERDADERO;;;;;;;;;;;;FALSO;;;;;;;;;;;;;
01;0271;;SOTOMAYOR GONZALO;NNN;;;;;;;;;;;;;;;;;;;;;;999999999,99;;;;;;;;VERDADERO;;;;;;;;;;;;FALSO;;;;;;;;;;;;;
01;0272;;GUC SRL;NNN;;;;;;;;;;;;;;;;;;;;;;999999999,99;;;;;;;;VERDADERO;;;;;;;;;;;;FALSO;;;;;;;;;;;;;
01;0273;;FERNANDEZ/LENNY;NNN;;;;;;;;;;;;;;;;;;;;;;999999999,99;;;;;;;;VERDADERO;;;;;;;;;;;;FALSO;;;;;;;;;;;;;
01;0274;;LAGUNA/LUIS ALBERTO;NNN;;;;;;;;;;;;;;;;;;;;;;999999999,99;;;;;;;;VERDADERO;;;;;;;;;;;;FALSO;;;;;;;;;;;;;
01;0275;;AKAMINE DIEGO;NNN;;;;;;;;;;;;;;;;;;;;;;999999999,99;;;;;;;;VERDADERO;;;;;;;;;;;;FALSO;;;;;;;;;;;;;
01;0276;;VALLECITO SRL;NNN;;;;;;;;;;;;;;;;;;;;;;999999999,99;;;;;;;;VERDADERO;;;;;;;;;;;;FALSO;;;;;;;;;;;;;
01;0277;;IMPORT Y EXPORT MACRI;NNN;;;;;;;;;;;;;;;;;;;;;;999999999,99;;;;;;;;VERDADERO;;;;;;;;;;;;FALSO;;;;;;;;;;;;;
01;0278;;CASTILLO/ELVA;NNN;;;;;;;;;;;;;;;;;;;;;;999999999,99;;;;;;;;VERDADERO;;;;;;;;;;;;FALSO;;;;;;;;;;;;;
01;0279;;MUNOZ DALIA;NNN;;;;;;;;;;;;;;;;;;;;;;999999999,99;;;;;;;;VERDADERO;;;;;;;;;;;;FALSO;;;;;;;;;;;;;
01;0280;;GOBIERNO AUTONOMO MCPAL DE SIV;NNN;;;;;;;;;;;;;;;;;;;;;;999999999,99;;;;;;;;VERDADERO;;;;;;;;;;;;FALSO;;;;;;;;;;;;;
01;0281;;ZURITA/DAVID ENRIQUE;NNN;;;;;;;;;;;;;;;;;;;;;;999999999,99;;;;;;;;VERDADERO;;;;;;;;;;;;FALSO;;;;;;;;;;;;;
01;0282;0282;TORRICO/MARIELA;NNN;;;;;;;;;;;;;;;;;;;;0;0;999999999,99;;;;;;;;VERDADERO;;;3,00;;;;;;;;;FALSO;FALSO;;;01/12/2015;;FALSO;;;;;;;
01;0283;0283;TALAVERA/FERNANDO;NNN;;;;;;;;;;;;;;;;;;;;0;0;999999999,99;;;;;;;;VERDADERO;;;3,00;;;;;;;;;FALSO;FALSO;;;03/12/2015;;FALSO;;;;;;;
01;0284;0284;VIDES/MARIO MOISES;NNN;;;;;;;;;;;;;;;;;;;;0;0;999999999,99;;;;;;;;VERDADERO;;;3,00;;;;;;;;;FALSO;FALSO;;;03/12/2015;;FALSO;;;;;;;
01;0285;;BEDREGAL/HUGO;NNN;;;;;;;;;;;;;;;;;;;;;;999999999,99;;;;;;;;VERDADERO;;;;;;;;;;;;FALSO;;;;;;;;;;;;;
01;0286;;INDUSTRIA MOARETA SRL;NNN;;;;;;;;;;;;;;;;;;;;;;999999999,99;;;;;;;;VERDADERO;;;;;;;;;;;;FALSO;;;;;;;;;;;;;
01;0287;;ARCE/SERGIO;NNN;;;;;;;;;;;;;;;;;;;;;;999999999,99;;;;;;;;VERDADERO;;;;;;;;;;;;FALSO;;;;;;;;;;;;;
01;0288;0288;ARIAS/LUIS FERNANDO;NNN;;;;;;;;;;;;;;;;;;;;0;0;999999999,99;;;;;;;;VERDADERO;;;3,00;;;;;;;;;FALSO;FALSO;;;09/12/2015;;FALSO;;;;;;;
01;0289;;GONZALES PABLO JAVIER;NNN;;;;;;;;;;;;;;;;;;;;;;999999999,99;;;;;;;;VERDADERO;;;;;;;;;;;;FALSO;;;;;;;;;;;;;
01;0290;;COIMBRA LIDIA;NNN;;;;;;;;;;;;;;;;;;;;;;999999999,99;;;;;;;;VERDADERO;;;;;;;;;;;;FALSO;;;;;;;;;;;;;
01;0291;;PENA JUAN DE LA CRUZ;NNN;;;;;;;;;;;;;;;;;;;;;;999999999,99;;;;;;;;VERDADERO;;;;;;;;;;;;FALSO;;;;;;;;;;;;;
01;0292;;CUELLAR/MARIA ROSARIO;NNN;;;;;;;;;;;;;;;;;;;;;;999999999,99;;;;;;;;VERDADERO;;;;;;;;;;;;FALSO;;;;;;;;;;;;;
01;0293;;TARRADELLES/CAROLA;NNN;;;;;;;;;;;;;;;;;;;;;;999999999,99;;;;;;;;VERDADERO;;;;;;;;;;;;FALSO;;;;;;;;;;;;;
01;0294;0294;SAAVEDRA/ELIANE;NNN;;;;;;;;;;;;;;;;;;;;0;0;999999999,99;;;;;;;;VERDADERO;;;3,00;;;;;;;;;FALSO;FALSO;;;31/12/2015;;FALSO;;;;;;;
01;0295;0295;SATT/JURGEN;NNN;;;;;;;;;;;;;;;;;;;;0;0;999999999,99;;;;;;;;VERDADERO;;;3,00;;;;;;;;;FALSO;FALSO;;;;;FALSO;;;;;;;
01;0296;;TERRAZAS GINA;NNN;;;;;;;;;;;;;;;;;;;;;;999999999,99;;;;;;;;VERDADERO;;;;;;;;;;;;FALSO;;;;;;;;;;;;;
01;0297;;GIEGROUP PATRICIA FORTUN;NNN;;;;;;;;;;;;;;;;;;;;;;999999999,99;;;;;;;;VERDADERO;;;;;;;;;;;;FALSO;;;;;;;;;;;;;
01;0298;;UNION CENTRO VETERINARIO SRL;NNN;;;;;;;;;;;;;;;;;;;;;;999999999,99;;;;;;;;VERDADERO;;;;;;;;;;;;FALSO;;;;;;;;;;;;;
01;0299;;CONCENTRA ASISTENCIA SA;NNN;;;;;;;;;;;;;;;;;;;;;;999999999,99;;;;;;;;VERDADERO;;;;;;;;;;;;FALSO;;;;;;;;;;;;;
01;0300;;ZARZAR ALEJANDRO;NNN;;;;;;;;;;;;;;;;;;;;;;999999999,99;;;;;;;;VERDADERO;;;;;;;;;;;;FALSO;;;;;;;;;;;;;
01;0301;;ARANA RICARDO;NNN;;;;;;;;;;;;;;;;;;;;;;999999999,99;;;;;;;;VERDADERO;;;;;;;;;;;;FALSO;;;;;;;;;;;;;
01;0302;0302;AVIAJAR CENTRAL;NNN;;;;;;;;;;;;;;;;;;;;0;0;999999999,99;;;;;;;;VERDADERO;;;3,00;;;;;;;;;FALSO;FALSO;;;10/02/2016;;FALSO;;;;;;;
01;0303;0303;AVIAJAR SUCURSAL;NNN;;;;;;;;;;;;;;;;;;;;0;0;999999999,99;;;;;;;;VERDADERO;;;3,00;;;;;;;;;FALSO;FALSO;;;10/02/2016;;FALSO;;;;;;;
01;0305;0305;BARBA JORGE;NNN;;;;;;;;;;;;;;;;;;75546347;;0;10;999999999,99;;;;;;;;VERDADERO;;;3,00;;;;;;;;;FALSO;FALSO;;;10/02/2016;;FALSO;;;;;;;
01;0307;;GUTIERREZ MARTHA;NNN;;;;;;;;;;;;;;;;;;;;;;999999999,99;;;;;;;;VERDADERO;;;;;;;;;;;;FALSO;;;;;;;;;;;;;
01;0308;;CABREDO JORGE;NNN;;;;;;;;;;;;;;;;;;;;;;999999999,99;;;;;;;;VERDADERO;;;;;;;;;;;;FALSO;;;;;;;;;;;;;
01;0309;;GONZALES/CARLOS;NNN;;;;;;;;;;;;;;;;;;;;;;999999999,99;;;;;;;;VERDADERO;;;;;;;;;;;;FALSO;;;;;;;;;;;;;
01;0310;0310;CUELLAR/LILIAN;NNN;;;;;;;;;;;;;;;;;;;;0;0;999999999,99;;;;;;;;VERDADERO;;;3,00;;;;;;;;;FALSO;FALSO;;;25/02/2016;;FALSO;;;;;;;
01;0311;;GUTIERREZ NANCY;NNN;;;;;;;;;;;;;;;;;;;;;;999999999,99;;;;;;;;VERDADERO;;;;;;;;;;;;FALSO;;;;;;;;;;;;;
01;0312;;MONTANO HUGO;NNN;;;;;;;;;;;;;;;;;;;;;;999999999,99;;;;;;;;VERDADERO;;;;;;;;;;;;FALSO;;;;;;;;;;;;;
01;0313;;CABESSA DAVID;NNN;;;;;;;;;;;;;;;;;;;;;;999999999,99;;;;;;;;VERDADERO;;;;;;;;;;;;FALSO;;;;;;;;;;;;;
01;0315;0315;MARE TRAVEL;NNN;;;;;;;;;;;;;;;;;;;;0;0;999999999,99;;;;;;;;VERDADERO;;;3,00;;;;;;;;;FALSO;FALSO;;;10/03/2016;;FALSO;;;;;;;
01;0316;;JUSTINIANO MARIA DANIELA;NNN;;;;;;;;;;;;;;;;;;;;;;999999999,99;;;;;;;;VERDADERO;;;;;;;;;;;;FALSO;;;;;;;;;;;;;
01;0317;0317;FERNANDEZ/ANA MARCELA;NNN;;;;;;;;;;;;;;;;;;;;0;0;999999999,99;;;;;;;;VERDADERO;;;3,00;;;;;;;;;FALSO;FALSO;;;29/03/2016;;FALSO;;;;;;;
01;0318;0318;REVEILLON;NNN;;;;;;;;;;;;;;;;;;;;0;0;999999999,99;;;;;;;;VERDADERO;;;3,00;;;;;;;;;FALSO;FALSO;;;29/03/2016;;FALSO;;;;;;;
01;0319;0319;ORTIZ/ROXANA;NNN;;;;;;;;;;;;;;;;;;;;0;0;999999999,99;;;;;;;;VERDADERO;;;3,00;;;;;;;;;FALSO;FALSO;;;29/03/2016;;FALSO;;;;;;;
01;0320;0320;REINMUTH/CARLA DANIELA;NNN;;;;;;;;;;;;;;;;;;;;0;0;999999999,99;;;;;;;;VERDADERO;;;3,00;;;;;;;;;FALSO;FALSO;;;29/03/2016;;FALSO;;;;;;;
01;0322;;TABOADA ROSMERY;NNN;;;;;;;;;;;;;;;;;;;;;;999999999,99;;;;;;;;VERDADERO;;;;;;;;;;;;FALSO;;;;;;;;;;;;;
01;0323;;SUAREZ/JAVIER EDUARDO;NNN;;;;;;;;;;;;;;;;;;;;;;999999999,99;;;;;;;;VERDADERO;;;;;;;;;;;;FALSO;;;;;;;;;;;;;
01;0324;;ROCA/OSCAR;NNN;;;;;;;;;;;;;;;;;;;;;;999999999,99;;;;;;;;VERDADERO;;;;;;;;;;;;FALSO;;;;;;;;;;;;;
01;0325;;REQUENA LILIANA;NNN;;;;;;;;;;;;;;;;;;;;;;999999999,99;;;;;;;;VERDADERO;;;;;;;;;;;;FALSO;;;;;;;;;;;;;
01;0326;;GUTIERREZ MARCELO - EMP CONST SUR PAREDO;NNN;;;;;;;;;;;;;;;;;;;;;;999999999,99;;;;;;;;VERDADERO;;;;;;;;;;;;FALSO;;;;;;;;;;;;;
01;0327;;HOTEL YOTAU;NNN;;;;;;;;;;;;;;;;;;;;;;999999999,99;;;;;;;;VERDADERO;;;;;;;;;;;;FALSO;;;;;;;;;;;;;
01;0328;;ROCA CINTIA TEREZA;NNN;;;;;;;;;;;;;;;;;;;;;;999999999,99;;;;;;;;VERDADERO;;;;;;;;;;;;FALSO;;;;;;;;;;;;;
01;0329;;TORREZ ANA PAOLA FRIGOR;NNN;;;;;;;;;;;;;;;;;;;;;;999999999,99;;;;;;;;VERDADERO;;;;;;;;;;;;FALSO;;;;;;;;;;;;;
01;0330;0330;MOLINA/PATRICIA;NNN;;;;;;;;;;;;;;;;;;;;0;0;999999999,99;;;;;;;;VERDADERO;;;3,00;;;;;;;;;FALSO;FALSO;;;06/05/2016;;FALSO;;;;;;;
01;0331;;PAULA LIU XINJIA;NNN;;;;;;;;;;;;;;;;;;;;;;999999999,99;;;;;;;;VERDADERO;;;;;;;;;;;;FALSO;;;;;;;;;;;;;
01;0332;;LAMIA CORPORATION SRL;NNN;;;;;;;;;;;;;;;;;;;;;;999999999,99;;;;;;;;VERDADERO;;;;;;;;;;;;FALSO;;;;;;;;;;;;;
01;0333;;CESPEDES JOSE FERNANDO;NNN;;;;;;;;;;;;;;;;;;;;;;999999999,99;;;;;;;;VERDADERO;;;;;;;;;;;;FALSO;;;;;;;;;;;;;
01;0334;;ROCKHOLT/MIGUEL;NNN;;;;;;;;;;;;;;;;;;;;;;999999999,99;;;;;;;;VERDADERO;;;;;;;;;;;;FALSO;;;;;;;;;;;;;
01;0335;;DALENZ CARLOS ALBERTO;NNN;;;;;;;;;;;;;;;;;;;;;;999999999,99;;;;;;;;VERDADERO;;;;;;;;;;;;FALSO;;;;;;;;;;;;;
01;0336;;AGUINAGA LIDIA;NNN;;;;;;;;;;;;;;;;;;;;;;999999999,99;;;;;;;;VERDADERO;;;;;;;;;;;;FALSO;;;;;;;;;;;;;
01;0337;;GUIDO PEREZ CLUB VACACIONAL YOTAU;NNN;;;;;;;;;;;;;;;;;;;;;;999999999,99;;;;;;;;VERDADERO;;;;;;;;;;;;FALSO;;;;;;;;;;;;;
01;0339;0339;POL/JOSE ROLANDO;NNN;;;;;;;;;;;;;;;;;;;;0;0;999999999,99;;;;;;;;VERDADERO;;;3,00;;;;;;;;;FALSO;FALSO;;;27/06/2016;;FALSO;;;;;;;
01;0340;;FSYO CONSULTING BOLIVIA SA;NNN;;;;;;;;;;;;;;;;;;;;;;999999999,99;;;;;;;;VERDADERO;;;;;;;;;;;;FALSO;;;;;;;;;;;;;
01;0341;;RIOJA EDUARDO;NNN;;;;;;;;;;;;;;;;;;;;;;999999999,99;;;;;;;;VERDADERO;;;;;;;;;;;;FALSO;;;;;;;;;;;;;
01;0342;;ROMERO CARINA;NNN;;;;;;;;;;;;;;;;;;;;;;999999999,99;;;;;;;;VERDADERO;;;;;;;;;;;;FALSO;;;;;;;;;;;;;
01;0343;;MULTIDESTINOS;NNN;;;;;;;;;;;;;;;;;;;;;;999999999,99;;;;;;;;VERDADERO;;;;;;;;;;;;FALSO;;;;;;;;;;;;;
01;0344;;GUZMAN SHIRLEY;NNN;;;;;;;;;;;;;;;;;;;;;;999999999,99;;;;;;;;VERDADERO;;;;;;;;;;;;FALSO;;;;;;;;;;;;;
01;0345;0345;UNIDAD DE SERVICIOS GANADEROS;NNN;;;;;;;;;;;;;;;;;;;;0;15;999999999,99;JOSE ROLANDO POL;;;;JOSE ROLANDO POL;;;VERDADERO;;;3,00;;;;;;;;;FALSO;FALSO;;;13/07/2016;;FALSO;;;;;;;
01;0346;;CRAPUZZI JULIO CESAR;NNN;;;;;;;;;;;;;;;;;;;;;;999999999,99;;;;;;;;VERDADERO;;;;;;;;;;;;FALSO;;;;;;;;;;;;;
01;0347;;TUFINO EMILIO;NNN;;;;;;;;;;;;;;;;;;;;;;999999999,99;;;;;;;;VERDADERO;;;;;;;;;;;;FALSO;;;;;;;;;;;;;
01;0348;;ORTIZ WIDEN;NNN;;;;;;;;;;;;;;;;;;;;;;999999999,99;;;;;;;;VERDADERO;;;;;;;;;;;;FALSO;;;;;;;;;;;;;
01;0349;;ABASTO CARLOS;NNN;;;;;;;;;;;;;;;;;;;;;;999999999,99;;;;;;;;VERDADERO;;;;;;;;;;;;FALSO;;;;;;;;;;;;;
01;0350;;PURA VIDA;NNN;;;;;;;;;;;;;;;;;;;;;;999999999,99;;;;;;;;VERDADERO;;;;;;;;;;;;FALSO;;;;;;;;;;;;;
01;0351;;CONCOEX LTDA;NNN;;;;;;;;;;;;;;;;;;;;;;999999999,99;;;;;;;;VERDADERO;;;;;;;;;;;;FALSO;;;;;;;;;;;;;
01;0352;;ESPADA CESAR ALBERTO;NNN;;;;;;;;;;;;;;;;;;;;;;999999999,99;;;;;;;;VERDADERO;;;;;;;;;;;;FALSO;;;;;;;;;;;;;
01;0353;;BANEGAS PABLO;NNN;;;;;;;;;;;;;;;;;;;;;;999999999,99;;;;;;;;VERDADERO;;;;;;;;;;;;FALSO;;;;;;;;;;;;;
01;0354;;TELLERIA/MARIA RENEE;NNN;;;;;;;;;;;;;;;;;;;;;;999999999,99;;;;;;;;VERDADERO;;;;;;;;;;;;FALSO;;;;;;;;;;;;;
01;0355;;VARELA VARGAS/RICARDO;NNN;;;;;;;;;;;;;;;;;;;;;;999999999,99;;;;;;;;VERDADERO;;;;;;;;;;;;FALSO;;;;;;;;;;;;;
01;0356;0356;HIGA/CARLA LORENA;NNN;;;;;;;;;;;;;;;;;;;;0;0;999999999,99;;;;;;;;VERDADERO;;;3,00;;;;;;;;;FALSO;FALSO;;;;;FALSO;;;;;;;
01;0357;0357;QUIROGA/XIMENA;NNN;;;;;;;;;;;;;;;;;;;;0;0;999999999,99;;;;;;;;VERDADERO;;;3,00;;;;;;;;;FALSO;FALSO;;;;;FALSO;;;;;;;
01;0358;0358;ALVAREZ/MARIA LOURDES;NNN;;;;;;;;;;;;;;;;;;;;0;0;999999999,99;;;;;;;;VERDADERO;;;3,00;;;;;;;;;FALSO;FALSO;;;01/08/2016;;FALSO;;;;;;;
01;0359;0359;YOSHIDA/HITOSHI;NNN;;;;;;;;;;;;;;;;;;;;0;0;999999999,99;;;;;;;;VERDADERO;;;3,00;;;;;;;;;FALSO;FALSO;;;02/08/2016;;FALSO;;;;;;;
01;0360;0360;MONASTERIO/DANIEL;NNN;;;;;;;;;;;;;;;;;;;;0;0;999999999,99;;;;;;;;VERDADERO;;;3,00;;;;;;;;;FALSO;FALSO;;;08/08/2016;;FALSO;;;;;;;
01;0361;0361;RIVERO/DANIEL;NNN;;;;;;;;;;;;;;;;;;;;0;0;999999999,99;;;;;;;;VERDADERO;;;3,00;;;;;;;;;FALSO;FALSO;;;08/08/2016;;FALSO;;;;;;;
01;0362;;GAT BOLIVIA SRL;NNN;;;;;;;;;;;;;;;;;;;;;;999999999,99;;;;;;;;VERDADERO;;;;;;;;;;;;FALSO;;;;;;;;;;;;;
01;0363;;ARGIRAKIS STAVROS;NNN;;;;;;;;;;;;;;;;;;;;;;999999999,99;;;;;;;;VERDADERO;;;;;;;;;;;;FALSO;;;;;;;;;;;;;
01;0364;;MIGUEL/ROCKHOLT;NNN;;;;;;;;;;;;;;;;;;;;;;999999999,99;;;;;;;;VERDADERO;;;;;;;;;;;;FALSO;;;;;;;;;;;;;
01;0365;;SINOHYDRO CORPORATION LIMITED;NNN;;;;;;;;;;;;;;;;;;;;;;999999999,99;;;;;;;;VERDADERO;;;;;;;;;;;;FALSO;;;;;;;;;;;;;
01;0366;;ABDALLA CIRENAIKA;NNN;;;;;;;;;;;;;;;;;;;;;;999999999,99;;;;;;;;VERDADERO;;;;;;;;;;;;FALSO;;;;;;;;;;;;;
01;0367;;MARIA RENE MUGUERTEGUI;NNN;;;;;;;;;;;;;;;;;;;;;;999999999,99;;;;;;;;VERDADERO;;;;;;;;;;;;FALSO;;;;;;;;;;;;;
01;0368;;GRUPO IBG SRL;NNN;;;;;;;;;;;;;;;;;;;;;;999999999,99;;;;;;;;VERDADERO;;;;;;;;;;;;FALSO;;;;;;;;;;;;;
01;0370;0370;MONJE/ALEXANDRA;NNN;;;;;;;;;;;;;;;;;;78469396;;0;0;999999999,99;;;;;;;;VERDADERO;;;3,00;;;;;;;;;FALSO;FALSO;;;13/09/2016;;FALSO;;;;;;;
01;0371;;BOQUIN/ALDO;NNN;;;;;;;;;;;;;;;;;;;;;;999999999,99;;;;;;;;VERDADERO;;;;;;;;;;;;FALSO;;;;;;;;;;;;;
01;0372;;ORTIZ/WIDEN;NNN;;;;;;;;;;;;;;;;;;;;;;999999999,99;;;;;;;;VERDADERO;;;;;;;;;;;;FALSO;;;;;;;;;;;;;
01;0373;;ITURRI/FERNANDO;NNN;;;;;;;;;;;;;;;;;;;;;;999999999,99;;;;;;;;VERDADERO;;;;;;;;;;;;FALSO;;;;;;;;;;;;;
01;0374;;CLAROS/CARLOS ANTONIO;NNN;;;;;;;;;;;;;;;;;;;;;;999999999,99;;;;;;;;VERDADERO;;;;;;;;;;;;FALSO;;;;;;;;;;;;;
01;0375;0375;PADILLA ESMILLSEN;NNN;;;;;;;;;;;;;;;;;;;;0;0;999999999,99;;;;;;;;VERDADERO;;;3,00;;;;;;;;;FALSO;FALSO;;;19/09/2016;;FALSO;;;;;;;
01;0376;;JUSTINIANO/ESTELA;NNN;;;;;;;;;;;;;;;;;;;;;;999999999,99;;;;;;;;VERDADERO;;;;;;;;;;;;FALSO;;;;;;;;;;;;;
01;0377;;BERTHY/PERVIA;NNN;;;;;;;;;;;;;;;;;;;;;;999999999,99;;;;;;;;VERDADERO;;;;;;;;;;;;FALSO;;;;;;;;;;;;;
01;0378;;LAIME/ALEJANDRO;NNN;;;;;;;;;;;;;;;;;;;;;;999999999,99;;;;;;;;VERDADERO;;;;;;;;;;;;FALSO;;;;;;;;;;;;;
01;0379;;SUAREZ MARGARITA;NNN;;;;;;;;;;;;;;;;;;;;;;999999999,99;;;;;;;;VERDADERO;;;;;;;;;;;;FALSO;;;;;;;;;;;;;
01;0380;;JUSTINIANO/VIVIAN;NNN;;;;;;;;;;;;;;;;;;;;;;999999999,99;;;;;;;;VERDADERO;;;;;;;;;;;;FALSO;;;;;;;;;;;;;
01;0381;;BLUENET SRL;NNN;;;;;;;;;;;;;;;;;;;;;;999999999,99;;;;;;;;VERDADERO;;;;;;;;;;;;FALSO;;;;;;;;;;;;;
01;0382;;PORTES/GREICY;NNN;;;;;;;;;;;;;;;;;;;;;;999999999,99;;;;;;;;VERDADERO;;;;;;;;;;;;FALSO;;;;;;;;;;;;;
01;0383;;CORTEZ/HERMAN;NNN;;;;;;;;;;;;;;;;;;;;;;999999999,99;;;;;;;;VERDADERO;;;;;;;;;;;;FALSO;;;;;;;;;;;;;
01;0384;0384;VACA CORTEZ/NATALIA;NNN;;;;;;;;;;;;;;;;;;;;0;0;999999999,99;;;;;;;;VERDADERO;;;3,00;;;;;;;;;FALSO;FALSO;;;01/11/2016;;FALSO;;;;;;;
01;0385;0385;SORICH/STEPHANY;NNN;;;;;;;;;;;;;;;;;;;;0;0;999999999,99;;;;;;;;VERDADERO;;;3,00;;;;;;;;;FALSO;FALSO;;;01/11/2016;;FALSO;;;;;;;
01;0386;0386;CABALLERO/ADRIANA;NNN;;;;;;;;;;;;;;;;;;;;0;0;999999999,99;;;;;;;;VERDADERO;;;3,00;;;;;;;;;FALSO;FALSO;;;01/11/2016;;FALSO;;;;;;;
01;0387;0387;MENACHO ABDALLA/CAMILA;NNN;;;;;;;;;;;;;;;;;;;;0;0;999999999,99;;;;;;;;VERDADERO;;;3,00;;;;;;;;;FALSO;FALSO;;;01/11/2016;;FALSO;;;;;;;
01;0388;0388;BALDIVIESO/TAMARA;NNN;;;;;;;;;;;;;;;;;;;;0;0;999999999,99;;;;;;;;VERDADERO;;;3,00;;;;;;;;;FALSO;FALSO;;;01/11/2016;;FALSO;;;;;;;
01;0389;0389;SILVA/CAMILA;NNN;;;;;;;;;;;;;;;;;;;;0;0;999999999,99;;;;;;;;VERDADERO;;;3,00;;;;;;;;;FALSO;FALSO;;;01/11/2016;;FALSO;;;;;;;
01;0390;0390;ANTELO/FERNANDO;NNN;;;;;;;;;;;;;;;;;;;;0;0;999999999,99;;;;;;;;VERDADERO;;;3,00;;;;;;;;;FALSO;FALSO;;;01/11/2016;;FALSO;;;;;;;
01;0391;0391;ANTELO/VALERIA;NNN;;;;;;;;;;;;;;;;;;;;0;0;999999999,99;;;;;;;;VERDADERO;;;3,00;;;;;;;;;FALSO;FALSO;;;01/11/2016;;FALSO;;;;;;;
01;0392;0392;PENG/LUCIANA;NNN;;;;;;;;;;;;;;;;;;;;0;0;999999999,99;;;;;;;;VERDADERO;;;3,00;;;;;;;;;FALSO;FALSO;;;01/11/2016;;FALSO;;;;;;;
01;0393;0393;ANEZ/MARIA JOSE;NNN;;;;;;;;;;;;;;;;;;;;0;0;999999999,99;;;;;;;;VERDADERO;;;3,00;;;;;;;;;FALSO;FALSO;;;01/11/2016;;FALSO;;;;;;;
01;0394;0394;ELORZA/MARIA JOSE;NNN;;;;;;;;;;;;;;;;;;;;0;0;999999999,99;;;;;;;;VERDADERO;;;3,00;;;;;;;;;FALSO;FALSO;;;01/11/2016;;FALSO;;;;;;;
01;0395;0395;VACA SAFAR/DIEGO;NNN;;;;;;;;;;;;;;;;;;;;0;0;999999999,99;;;;;;;;VERDADERO;;;3,00;;;;;;;;;FALSO;FALSO;;;01/11/2016;;FALSO;;;;;;;
01;0396;0396;SILVA/LAURA;NNN;;;;;;;;;;;;;;;;;;;;0;0;999999999,99;;;;;;;;VERDADERO;;;3,00;;;;;;;;;FALSO;FALSO;;;01/11/2016;;FALSO;;;;;;;
01;0398;0398;SAUCEDO/DANIEL;NNN;;;;;;;;;;;;;;;;;;;;0;0;999999999,99;;;;;;;;VERDADERO;;;3,00;;;;;;;;;FALSO;FALSO;;;01/11/2016;;FALSO;;;;;;;
01;0399;0399;LINO/SEBASTIAN;NNN;;;;;;;;;;;;;;;;;;;;0;0;999999999,99;;;;;;;;VERDADERO;;;3,00;;;;;;;;;FALSO;FALSO;;;01/11/2016;;FALSO;;;;;;;
01;0400;0400;SERRATE/PILAR;NNN;;;;;;;;;;;;;;;;;;;;0;0;999999999,99;;;;;;;;VERDADERO;;;3,00;;;;;;;;;FALSO;FALSO;;;01/11/2016;;FALSO;;;;;;;
01;0401;0401;ESCOBAR/EMILIO;NNN;;;;;;;;;;;;;;;;;;;;0;0;999999999,99;;;;;;;;VERDADERO;;;3,00;;;;;;;;;FALSO;FALSO;;;01/11/2016;;FALSO;;;;;;;
01;0402;0402;BRAVO/SABRINA;NNN;;;;;;;;;;;;;;;;;;;;0;0;999999999,99;;;;;;;;VERDADERO;;;3,00;;;;;;;;;FALSO;FALSO;;;01/11/2016;;FALSO;;;;;;;
01;0403;0403;HUANCA/EDGAR;NNN;;;;;;;;;;;;;;;;;;;;0;0;999999999,99;;;;;;;;VERDADERO;;;3,00;;;;;;;;;FALSO;FALSO;;;01/11/2016;;FALSO;;;;;;;
01;0404;0404;RODRIGUEZ/ARTURO;NNN;;;;;;;;;;;;;;;;;;;;0;0;999999999,99;;;;;;;;VERDADERO;;;3,00;;;;;;;;;FALSO;FALSO;;;01/11/2016;;FALSO;;;;;;;
01;0405;0405;REYES/ADRIANA;NNN;;;;;;;;;;;;;;;;;;;;0;0;999999999,99;;;;;;;;VERDADERO;;;3,00;;;;;;;;;FALSO;FALSO;;;01/11/2016;;FALSO;;;;;;;
01;0406;0406;MOZO ROTH/CHELSEA;NNN;;;;;;;;;;;;;;;;;;;;0;0;999999999,99;;;;;;;;VERDADERO;;;3,00;;;;;;;;;FALSO;FALSO;;;01/11/2016;;FALSO;;;;;;;
01;0407;0407;SAAVEDRA/JHONNY;NNN;;;;;;;;;;;;;;;;;;;;0;0;999999999,99;;;;;;;;VERDADERO;;;3,00;;;;;;;;;FALSO;FALSO;;;01/11/2016;;FALSO;;;;;;;
01;0408;0408;ALVAREZ/YARIFA;NNN;;;;;;;;;;;;;;;;;;;;0;0;999999999,99;;;;;;;;VERDADERO;;;3,00;;;;;;;;;FALSO;FALSO;;;01/11/2016;;FALSO;;;;;;;
01;0409;0409;BORDA/LUIS ENRIQUE;NNN;;;;;;;;;;;;;;;;;;;;0;0;999999999,99;;;;;;;;VERDADERO;;;3,00;;;;;;;;;FALSO;FALSO;;;01/11/2016;;FALSO;;;;;;;
01;0410;0410;SAUCEDO/MARIA JOSE;NNN;;;;;;;;;;;;;;;;;;;;0;0;999999999,99;;;;;;;;VERDADERO;;;3,00;;;;;;;;;FALSO;FALSO;;;01/11/2016;;FALSO;;;;;;;
01;0411;0411;MONTANO/TAMARA;NNN;;;;;;;;;;;;;;;;;;;;0;0;999999999,99;;;;;;;;VERDADERO;;;3,00;;;;;;;;;FALSO;FALSO;;;01/11/2016;;FALSO;;;;;;;
01;0413;0413;LARA/LEONARDO;NNN;;;;;;;;;;;;;;;;;;;;0;0;999999999,99;;;;;;;;VERDADERO;;;3,00;;;;;;;;;FALSO;FALSO;;;01/11/2016;;FALSO;;;;;;;
01;0415;0415;RAMIREZ/FLAVIA;NNN;;;;;;;;;;;;;;;;;;;;0;0;999999999,99;;;;;;;;VERDADERO;;;3,00;;;;;;;;;FALSO;FALSO;;;01/11/2016;;FALSO;;;;;;;
01;0416;0416;REESE/CRISTIAN ENRIQUE;NNN;;;;;;;;;;;;;;;;;;;;0;0;999999999,99;;;;;;;;VERDADERO;;;3,00;;;;;;;;;FALSO;FALSO;;;01/11/2016;;FALSO;;;;;;;
01;0417;0417;VARGAS/SARA;NNN;;;;;;;;;;;;;;;;;;;;0;0;999999999,99;;;;;;;;VERDADERO;;;3,00;;;;;;;;;FALSO;FALSO;;;01/11/2016;;FALSO;;;;;;;
01;0418;0418;JUSTINIANO/LUIS FERNANDO;NNN;;;;;;;;;;;;;;;;;;;;0;0;999999999,99;;;;;;;;VERDADERO;;;3,00;;;;;;;;;FALSO;FALSO;;;01/11/2016;;FALSO;;;;;;;
01;0419;0419;MENDEZ/ROSA MARIA;NNN;;;;;;;;;;;;;;;;;;;;0;0;999999999,99;;;;;;;;VERDADERO;;;3,00;;;;;;;;;FALSO;FALSO;;;01/11/2016;;FALSO;;;;;;;
01;0420;0420;RODRIGUEZ/MICHELLE;NNN;;;;;;;;;;;;;;;;;;;;0;0;999999999,99;;;;;;;;VERDADERO;;;3,00;;;;;;;;;FALSO;FALSO;;;01/11/2016;;FALSO;;;;;;;
01;0422;0422;ORTIZ/LORENA;NNN;;;;;;;;;;;;;;;;;;;;0;0;999999999,99;;;;;;;;VERDADERO;;;3,00;;;;;;;;;FALSO;FALSO;;;03/11/2016;;FALSO;;;;;;;
01;0423;0423;MELGAR/JOSE LUIS;NNN;;;;;;;;;;;;;;;;;;;;0;0;999999999,99;;;;;;;;VERDADERO;;;3,00;;;;;;;;;FALSO;FALSO;;;10/11/2016;;FALSO;;;;;;;
01;0424;0424;PARADA/RAFAEL;NNN;;;;;;;;;;;;;;;;;;;;0;0;999999999,99;;;;;;;;VERDADERO;;;3,00;;;;;;;;;FALSO;FALSO;;;14/11/2016;;FALSO;;;;;;;
01;0425;0425;CAMACHO/CESAR DANIEL;NNN;;;;;;;;;;;;;;;;;;;;0;0;999999999,99;;;;;;;;VERDADERO;;;3,00;;;;;;;;;FALSO;FALSO;;;17/11/2016;;FALSO;;;;;;;
01;0426;0426;ROCA/JOSE LUIS;NNN;;;;;;;;;;;;;;;;;;;;0;0;999999999,99;;;;;;;;VERDADERO;;;3,00;;;;;;;;;FALSO;FALSO;;;17/11/2016;;FALSO;;;;;;;
01;0427;;BOLTRACK SRL;NNN;;;;;;;;;;;;;;;;;;;;;;999999999,99;;;;;;;;VERDADERO;;;;;;;;;;;;FALSO;;;;;;;;;;;;;
01;0428;;RODA/CARLOS ALBERTO;NNN;;;;;;;;;;;;;;;;;;;;;;999999999,99;;;;;;;;VERDADERO;;;;;;;;;;;;FALSO;;;;;;;;;;;;;
01;0429;;MOSCOSO/WALTER;NNN;;;;;;;;;;;;;;;;;;;;;;999999999,99;;;;;;;;VERDADERO;;;;;;;;;;;;FALSO;;;;;;;;;;;;;
01;0430;;HORMIPAZ SA;NNN;;;;;;;;;;;;;;;;;;;;;;999999999,99;;;;;;;;VERDADERO;;;;;;;;;;;;FALSO;;;;;;;;;;;;;
01;0431;0431;URQUIETA/GUILLERMO;NNN;;;;;;;;;;;;;;;;;;;;0;0;999999999,99;;;;;;;;VERDADERO;;;3,00;;;;;;;;;FALSO;FALSO;;;12/12/2016;;FALSO;;;;;;;
01;0432;0432;AYLLON/ROXANA;NNN;;;;;;;;;;;;;;;;;;;;0;0;999999999,99;;;;;;;;VERDADERO;;;3,00;;;;;;;;;FALSO;FALSO;;;12/12/2016;;FALSO;;;;;;;
01;0433;0433;APARICIO MORENO/RUDY;NNN;;;;;;;;;;;;;;;;;;;;0;0;999999999,99;;;;;;;;VERDADERO;;;3,00;;;;;;;;;FALSO;FALSO;;;12/12/2016;;FALSO;;;;;;;
01;0434;;CUELLAR/ANA SADELY;NNN;;;;;;;;;;;;;;;;;;;;;;999999999,99;;;;;;;;VERDADERO;;;;;;;;;;;;FALSO;;;;;;;;;;;;;
01;0435;0435;BARRAZA/CANDELA;NNN;;;;;;;;;;;;;;;;;;;;0;0;999999999,99;;;;;;;;VERDADERO;;;3,00;;;;;;;;;FALSO;FALSO;;;13/12/2016;;FALSO;;;;;;;
01;0436;0436;SOLETO/DANIEL MARIO;NNN;;;;;;;;;;;;;;;;;;;;0;0;999999999,99;;;;;;;;VERDADERO;;;3,00;;;;;;;;;FALSO;FALSO;;;16/12/2016;;FALSO;;;;;;;
01;0437;;AZOGUE/LUIS FERNANDO;NNN;;;;;;;;;;;;;;;;;;;;;;999999999,99;;;;;;;;VERDADERO;;;;;;;;;;;;FALSO;;;;;;;;;;;;;
01;0438;;PEDRAZA/ROSSMERY;NNN;;;;;;;;;;;;;;;;;;;;;;999999999,99;;;;;;;;VERDADERO;;;;;;;;;;;;FALSO;;;;;;;;;;;;;
01;0439;;HOLLER/NICOLE;NNN;;;;;;;;;;;;;;;;;;;;;;999999999,99;;;;;;;;VERDADERO;;;;;;;;;;;;FALSO;;;;;;;;;;;;;
01;0440;;ROMERO/HUGO;NNN;;;;;;;;;;;;;;;;;;;;;;999999999,99;;;;;;;;VERDADERO;;;;;;;;;;;;FALSO;;;;;;;;;;;;;
01;0441;;JAITA/ANA;NNN;;;;;;;;;;;;;;;;;;;;;;999999999,99;;;;;;;;VERDADERO;;;;;;;;;;;;FALSO;;;;;;;;;;;;;
01;0442;;GOMEZ/YVELISSE GRISELDA;NNN;;;;;;;;;;;;;;;;;;;;;;999999999,99;;;;;;;;VERDADERO;;;;;;;;;;;;FALSO;;;;;;;;;;;;;
01;0444;0444;PHARMATECH;NNN;;;;;;;;;;;;;;;;;;;;0;0;999999999,99;;;;;;;;VERDADERO;;;3,00;;;;;;;;;FALSO;FALSO;;;13/01/2017;;FALSO;;;;;;;
01;0445;;GOMEZ/PAOLA;NNN;;;;;;;;;;;;;;;;;;;;;;999999999,99;;;;;;;;VERDADERO;;;;;;;;;;;;FALSO;;;;;;;;;;;;;
01;0446;;PEREZ/KATIUSKA;NNN;;;;;;;;;;;;;;;;;;;;;;999999999,99;;;;;;;;VERDADERO;;;;;;;;;;;;FALSO;;;;;;;;;;;;;
01;0447;;CHAVEZ/SERGIO ARIEL;NNN;;;;;;;;;;;;;;;;;;;;;;999999999,99;;;;;;;;VERDADERO;;;;;;;;;;;;FALSO;;;;;;;;;;;;;
01;0448;;GUTIERREZ/SEBASTIAN;NNN;;;;;;;;;;;;;;;;;;;;;;999999999,99;;;;;;;;VERDADERO;;;;;;;;;;;;FALSO;;;;;;;;;;;;;
01;0449;0449;BERENGEL/ANDREA;NNN;;;;;;;;;;;;;;;;;;;;0;0;999999999,99;;;;;;;;VERDADERO;;;3,00;;;;;;;;;FALSO;FALSO;;;27/01/2017;;FALSO;;;;;;;
01;0450;;REVOLLO/JUAN PABLO;NNN;;;;;;;;;;;;;;;;;;;;;;999999999,99;;;;;;;;VERDADERO;;;;;;;;;;;;FALSO;;;;;;;;;;;;;
01;0451;0451;OVANDO/ARIANE;NNN;;;;;;;;;;;;;;;;;;;;0;0;999999999,99;;;;;;;;VERDADERO;;;3,00;;;;;;;;;FALSO;FALSO;;;09/02/2017;;FALSO;;;;;;;
01;0452;;GANTIER/EDMUNDO;NNN;;;;;;;;;;;;;;;;;;;;;;999999999,99;;;;;;;;VERDADERO;;;;;;;;;;;;FALSO;;;;;;;;;;;;;
01;0453;0453;CABRERA/MARIA EUGENIA;NNN;;;;;;;;;;;;;;;;;;;;0;0;999999999,99;;;;;;;;VERDADERO;;;3,00;;;;;;;;;FALSO;FALSO;;;17/02/2017;;FALSO;;;;;;;
01;0454;0454;ROCA/ERWIN;NNN;;;;;;;;;;;;;;;;;;;;0;0;999999999,99;;;;;;;;VERDADERO;;;3,00;;;;;;;;;FALSO;FALSO;;;20/02/2017;;FALSO;;;;;;;
01;0455;0455;CABALLERO/XIMENA;NNN;;;;;;;;;;;;;;;;;;;;0;0;999999999,99;;;;;;;;VERDADERO;;;3,00;;;;;;;;;FALSO;FALSO;;;20/02/2017;;FALSO;;;;;;;
01;0456;0456;HURTADO/MARIA DEL ROSARIO;NNN;;;;;;;;;;;;;;;;;;;;0;0;999999999,99;;;;;;;;VERDADERO;;;3,00;;;;;;;;;FALSO;FALSO;;;20/02/2017;;FALSO;;;;;;;
01;0457;0457;SAAVEDRA/GABRIELA;NNN;;;;;;;;;;;;;;;;;;;;0;0;999999999,99;;;;;;;;VERDADERO;;;3,00;;;;;;;;;FALSO;FALSO;;;20/02/2017;;FALSO;;;;;;;
01;0458;0458;ARAUZ/PAMELA;NNN;;;;;;;;;;;;;;;;;;;;0;0;999999999,99;;;;;;;;VERDADERO;;;3,00;;;;;;;;;FALSO;FALSO;;;20/02/2017;;FALSO;;;;;;;
01;0459;0459;PARADA/FERNANDO;NNN;;;;;;;;;;;;;;;;;;;;0;0;999999999,99;;;;;;;;VERDADERO;;;3,00;;;;;;;;;FALSO;FALSO;;;21/02/2017;;FALSO;;;;;;;
01;0460;0460;NAVA/MARIA DEL CARMEN;NNN;;;;;;;;;;;;;;;;;;;;0;0;999999999,99;;;;;;;;VERDADERO;;;3,00;;;;;;;;;FALSO;FALSO;;;22/02/2017;;FALSO;;;;;;;
01;0461;0461;NUNEZ/CARLOS RODRIGO;NNN;;;;;;;;;;;;;;;;;;;;0;0;999999999,99;;;;;;;;VERDADERO;;;3,00;;;;;;;;;FALSO;FALSO;;;24/02/2017;;FALSO;;;;;;;
01;0462;0462;PEREIRA/LEDA;NNN;;;;;;;;;;;;;;;;;;;;0;0;999999999,99;;;;;;;;VERDADERO;;;3,00;;;;;;;;;FALSO;FALSO;;;24/02/2017;;FALSO;;;;;;;
01;0463;;MENACHO/NICOLLE;NNN;;;;;;;;;;;;;;;;;;;;;;999999999,99;;;;;;;;VERDADERO;;;;;;;;;;;;FALSO;;;;;;;;;;;;;
01;0464;0464;GUZMAN/JOSE FABIAN;NNN;;;;;;;;;;;;;;;;;;;;0;0;999999999,99;;;;;;;;VERDADERO;;;3,00;;;;;;;;;FALSO;FALSO;;;03/03/2017;;FALSO;;;;;;;
01;0465;0465;BARRIENTOS/CECILIA;NNN;;;;;;;;;;;;;;;;;;;;0;0;999999999,99;;;;;;;;VERDADERO;;;3,00;;;;;;;;;FALSO;FALSO;;;03/03/2017;;FALSO;;;;;;;
01;0466;;VELASQUEZ/SERGIO;NNN;;;;;;;;;;;;;;;;;;;;;;999999999,99;;;;;;;;VERDADERO;;;;;;;;;;;;FALSO;;;;;;;;;;;;;
01;0467;0467;LAFAYE/BELISARIO;NNN;;;;;;;;;;;;;;;;;;;;0;0;999999999,99;;;;;;;;VERDADERO;;;3,00;;;;;;;;;FALSO;FALSO;;;06/03/2017;;FALSO;;;;;;;
01;0468;;PAULINI/GIAN CARLO;NNN;;;;;;;;;;;;;;;;;;;;;;999999999,99;;;;;;;;VERDADERO;;;;;;;;;;;;FALSO;;;;;;;;;;;;;
01;0469;0469;CLAROS/JORGE RAMIRO;NNN;;;;;;;;;;;;;;;;;;;;0;0;999999999,99;;;;;;;;VERDADERO;;;3,00;;;;;;;;;FALSO;FALSO;;;08/03/2017;;FALSO;;;;;;;
01;0470;0470;LORCA/NATALIA;NNN;;;;;;;;;;;;;;;;;;;;0;0;999999999,99;;;;;;;;VERDADERO;;;3,00;;;;;;;;;FALSO;FALSO;;;17/03/2017;;FALSO;;;;;;;
01;0471;0471;ROMERO/ADRIANA;NNN;;;;;;;;;;;;;;;;;;;;0;0;999999999,99;;;;;;;;VERDADERO;;;3,00;;;;;;;;;FALSO;FALSO;;;17/03/2017;;FALSO;;;;;;;
01;0472;0472;JORDAN/FERNANDA;NNN;;;;;;;;;;;;;;;;;;;;0;0;999999999,99;;;;;;;;VERDADERO;;;3,00;;;;;;;;;FALSO;FALSO;;;17/03/2017;;FALSO;;;;;;;
01;0473;0473;VIRUEZ/MARIA FERNANDA;NNN;;;;;;;;;;;;;;;;;;;;0;0;999999999,99;;;;;;;;VERDADERO;;;3,00;;;;;;;;;FALSO;FALSO;;;18/03/2017;;FALSO;;;;;;;
01;0475;0475;BARBOZA/SELENE;NNN;;;;;;;;;;;;;;;;;;;;0;0;999999999,99;;;;;;;;VERDADERO;;;3,00;;;;;;;;;FALSO;FALSO;;;18/03/2017;;FALSO;;;;;;;
01;0476;0476;RIVERO/ROGER MARIANO;NNN;;;;;;;;;;;;;;;;;;;;0;0;999999999,99;;;;;;;;VERDADERO;;;3,00;;;;;;;;;FALSO;FALSO;;;21/03/2017;;FALSO;;;;;;;
01;0477;0477;ROCA SAUCEDO/RICARDO;NNN;;;;;;;;;;;;;;;;;;;;0;0;999999999,99;;;;;;;;VERDADERO;;;3,00;;;;;;;;;FALSO;FALSO;;;22/03/2017;;FALSO;;;;;;;
01;0478;0478;CUBA/WILBER;NNN;;;;;;;;;;;;;;;;;;;;0;0;999999999,99;;;;;;;;VERDADERO;;;3,00;;;;;;;;;FALSO;FALSO;;;23/03/2017;;FALSO;;;;;;;
01;0479;0479;PARADA/RONALD;NNN;;;;;;;;;;;;;;;;;;;;0;0;999999999,99;;;;;;;;VERDADERO;;;3,00;;;;;;;;;FALSO;FALSO;;;23/03/2017;;FALSO;;;;;;;
01;0480;0480;CAVALCANTI/TATIANA;NNN;;;;;;;;;;;;;;;;;;;;0;0;999999999,99;;;;;;;;VERDADERO;;;3,00;;;;;;;;;FALSO;FALSO;;;23/03/2017;;FALSO;;;;;;;
01;0481;0481;ZURITA/MICHELLE ADRIANA;NNN;;;;;;;;;;;;;;;;;;;;0;0;999999999,99;;;;;;;;VERDADERO;;;3,00;;;;;;;;;FALSO;FALSO;;;27/03/2017;;FALSO;;;;;;;
01;0482;0482;ZURITA/CARLOS ANDRES;NNN;;;;;;;;;;;;;;;;;;;;0;0;999999999,99;;;;;;;;VERDADERO;;;3,00;;;;;;;;;FALSO;FALSO;;;27/03/2017;;FALSO;;;;;;;
01;0483;0483;CIRBIAN/JAVIER;NNN;;;;;;;;;;;;;;;;;;;;0;0;999999999,99;;;;;;;;VERDADERO;;;3,00;;;;;;;;;FALSO;FALSO;;;27/03/2017;;FALSO;;;;;;;
01;0484;0484;NAYAR/SOFIA;NNN;;;;;;;;;;;;;;;;;;;;0;0;999999999,99;;;;;;;;VERDADERO;;;3,00;;;;;;;;;FALSO;FALSO;;;27/03/2017;;FALSO;;;;;;;
01;0485;;CASTRO/GABRIELA;NNN;;;;;;;;;;;;;;;;;;;;;;999999999,99;;;;;;;;VERDADERO;;;;;;;;;;;;FALSO;;;;;;;;;;;;;
01;0486;0486;ARANO/ANDREA;NNN;;;;;;;;;;;;;;;;;;;;0;0;999999999,99;;;;;;;;VERDADERO;;;3,00;;;;;;;;;FALSO;FALSO;;;30/03/2017;;FALSO;;;;;;;
01;0487;0487;LIMON/PAOLA;NNN;;;;;;;;;;;;;;;;;;;;0;0;999999999,99;;;;;;;;VERDADERO;;;3,00;;;;;;;;;FALSO;FALSO;;;04/04/2017;;FALSO;;;;;;;
01;0488;0488;ANTELO/LIZ ARIANY;NNN;;;;;;;;;;;;;;;;;;;;0;0;999999999,99;;;;;;;;VERDADERO;;;3,00;;;;;;;;;FALSO;FALSO;;;07/04/2017;;FALSO;;;;;;;
01;0489;;MORENO/SERGIO;NNN;;;;;;;;;;;;;;;;;;;;;;999999999,99;;;;;;;;VERDADERO;;;;;;;;;;;;FALSO;;;;;;;;;;;;;
01;0491;0491;SORICH/LAURA ANDREA;NNN;;;;;;;;;;;;;;;;;;;;0;0;999999999,99;;;;;;;;VERDADERO;;;3,00;;;;;;;;;FALSO;FALSO;;;18/04/2017;;FALSO;;;;;;;
01;0492;0492;GUZMAN/MARY CRUZ;NNN;;;;;;;;;;;;;;;;;;;;0;0;999999999,99;;;;;;;;VERDADERO;;;3,00;;;;;;;;;FALSO;FALSO;;;18/04/2017;;FALSO;;;;;;;
01;0493;0493;PARADA/CLAUDIA;NNN;;;;;;;;;;;;;;;;;;;;0;0;999999999,99;;;;;;;;VERDADERO;;;3,00;;;;;;;;;FALSO;FALSO;;;18/04/2017;;FALSO;;;;;;;
01;0494;0494;GUTIERREZ/MARY ROMINA;NNN;;;;;;;;;;;;;;;;;;;;0;0;999999999,99;;;;;;;;VERDADERO;;;3,00;;;;;;;;;FALSO;FALSO;;;18/04/2017;;FALSO;;;;;;;
01;0495;;OSORIO/SOLEDAD;NNN;;;;;;;;;;;;;;;;;;;;;;999999999,99;;;;;;;;VERDADERO;;;;;;;;;;;;FALSO;;;;;;;;;;;;;
01;0496;0496;SAUCEDO ANTELO/DANIEL;NNN;;;;;;;;;;;;;;;;;;;;0;0;999999999,99;;;;;;;;VERDADERO;;;3,00;;;;;;;;;FALSO;FALSO;;;24/04/2017;;FALSO;;;;;;;
01;0497;0497;SIMOES/EDUARDO CRISTIANO;NNN;;;;;;;;;;;;;;;;;;;;0;0;999999999,99;;;;;;;;VERDADERO;;;3,00;;;;;;;;;FALSO;FALSO;;;04/05/2017;;FALSO;;;;;;;
01;0498;0498;ESCOBAR/CESAR PAUL;NNN;;;;;;;;;;;;;;;;;;;;0;0;999999999,99;;;;;;;;VERDADERO;;;3,00;;;;;;;;;FALSO;FALSO;;;08/05/2017;;FALSO;;;;;;;
01;0500;0500;CLAURE/VLADIMIR;NNN;;;;;;;;;;;;;;;;;;;;0;0;999999999,99;;;;;;;;VERDADERO;;;3,00;;;;;;;;;FALSO;FALSO;;;08/05/2017;;FALSO;;;;;;;
01;0501;0501;VACA DIEZ/MARIA LAURA;NNN;;;;;;;;;;;;;;;;;;;;0;0;999999999,99;;;;;;;;VERDADERO;;;3,00;;;;;;;;;FALSO;FALSO;;;08/05/2017;;FALSO;;;;;;;
01;0502;;CABALLERO/CARLOS DIEGO;NNN;;;;;;;;;;;;;;;;;;;;;;999999999,99;;;;;;;;VERDADERO;;;;;;;;;;;;FALSO;;;;;;;;;;;;;
01;0503;;DA SILVA/RODRIGO;NNN;;;;;;;;;;;;;;;;;;;;;;999999999,99;;;;;;;;VERDADERO;;;;;;;;;;;;FALSO;;;;;;;;;;;;;
01;0504;;PAZ/PATRICIA;NNN;;;;;;;;;;;;;;;;;;;;;;999999999,99;;;;;;;;VERDADERO;;;;;;;;;;;;FALSO;;;;;;;;;;;;;
01;0505;;CARLOS CABALLERO SRL;NNN;;;;;;;;;;;;;;;;;;;;;;999999999,99;;;;;;;;VERDADERO;;;;;;;;;;;;FALSO;;;;;;;;;;;;;
01;0506;;VARGAS/PABLO;NNN;;;;;;;;;;;;;;;;;;;;;;999999999,99;;;;;;;;VERDADERO;;;;;;;;;;;;FALSO;;;;;;;;;;;;;
01;0507;;ROCA/DENISSE;NNN;;;;;;;;;;;;;;;;;;;;;;999999999,99;;;;;;;;VERDADERO;;;;;;;;;;;;FALSO;;;;;;;;;;;;;
01;0508;0508;SALAZAR MARANON/CARLOS;NNN;;;;;;;;;;;;;;;;;;;;0;0;999999999,99;;;;;;;;VERDADERO;;;3,00;;;;;;;;;FALSO;FALSO;;;26/05/2017;;FALSO;;;;;;;
01;0509;;FORTEZA/ROGER;NNN;;;;;;;;;;;;;;;;;;;;;;999999999,99;;;;;;;;VERDADERO;;;;;;;;;;;;FALSO;;;;;;;;;;;;;
01;0510;;SILVA/VALERIA LING;NNN;;;;;;;;;;;;;;;;;;;;;;999999999,99;;;;;;;;VERDADERO;;;;;;;;;;;;FALSO;;;;;;;;;;;;;
01;0511;;HOLLWEG/KARIN;NNN;;;;;;;;;;;;;;;;;;;;;;999999999,99;;;;;;;;VERDADERO;;;;;;;;;;;;FALSO;;;;;;;;;;;;;
01;0513;;JUSTINIANO/YIXIL;NNN;;;;;;;;;;;;;;;;;;;;;;999999999,99;;;;;;;;VERDADERO;;;;;;;;;;;;FALSO;;;;;;;;;;;;;
01;0514;0514;NUNEZ/MARIA MAGDALENA;NNN;;;;;;;;;;;;;;;;;;;;0;0;999999999,99;;;;;;;;VERDADERO;;;3,00;;;;;;;;;FALSO;FALSO;;;22/06/2017;;FALSO;;;;;;;
01;0515;;KIM/CHANG KOOK;NNN;;;;;;;;;;;;;;;;;;;;;;999999999,99;;;;;;;;VERDADERO;;;;;;;;;;;;FALSO;;;;;;;;;;;;;
01;0516;;ZEGARRA/WANDA;NNN;;;;;;;;;;;;;;;;;;;;;;999999999,99;;;;;;;;VERDADERO;;;;;;;;;;;;FALSO;;;;;;;;;;;;;
01;0517;;TUDELA/EDUARDO OSCAR;NNN;;;;;;;;;;;;;;;;;;;;;;999999999,99;;;;;;;;VERDADERO;;;;;;;;;;;;FALSO;;;;;;;;;;;;;
01;0518;0518;AUTOFAST SA;NNN;;;;;;;;;;;;;;;;;;;;0;0;999999999,99;;;;;;;;VERDADERO;;;3,00;;;;;;;;;FALSO;FALSO;;;;;FALSO;;;;;;;
01;0519;;GAMARRA/OSCAR;NNN;;;;;;;;;;;;;;;;;;;;;;999999999,99;;;;;;;;VERDADERO;;;;;;;;;;;;FALSO;;;;;;;;;;;;;
01;0520;;PAZ/MARTHA CECILIA;NNN;;;;;;;;;;;;;;;;;;;;;;999999999,99;;;;;;;;VERDADERO;;;;;;;;;;;;FALSO;;;;;;;;;;;;;
01;0521;0521;AGUILERA/CARLOS HUGO;NNN;;;;;;;;;;;;;;;;;;;;0;0;999999999,99;;;;;;;;VERDADERO;;;3,00;;;;;;;;;FALSO;FALSO;;;26/07/2017;;FALSO;;;;;;;
01;0522;0522;PALACIOS/PAULO;NNN;;;;;;;;;;;;;;;;;;;;0;0;999999999,99;;;;;;;;VERDADERO;;;3,00;;;;;;;;;FALSO;FALSO;;;31/07/2017;;FALSO;;;;;;;
01;0523;;QUINTA MANANTIAL;NNN;;;;;;;;;;;;;;;;;;;;;;999999999,99;;;;;;;;VERDADERO;;;;;;;;;;;;FALSO;;;;;;;;;;;;;
01;0524;;ORTUNO/DORYS;NNN;;;;;;;;;;;;;;;;;;;;;;999999999,99;;;;;;;;VERDADERO;;;;;;;;;;;;FALSO;;;;;;;;;;;;;
01;0525;;GUTIERREZ/YASMIN;NNN;;;;;;;;;;;;;;;;;;;;;;999999999,99;;;;;;;;VERDADERO;;;;;;;;;;;;FALSO;;;;;;;;;;;;;
01;0526;;FLORES/SKARLIM;NNN;;;;;;;;;;;;;;;;;;;;;;999999999,99;;;;;;;;VERDADERO;;;;;;;;;;;;FALSO;;;;;;;;;;;;;
01;0527;;GUZMAN/MARCIA;NNN;;;;;;;;;;;;;;;;;;;;;;999999999,99;;;;;;;;VERDADERO;;;;;;;;;;;;FALSO;;;;;;;;;;;;;
01;0528;;FORTUN/PATRICIA;NNN;;;;;;;;;;;;;;;;;;;;;;999999999,99;;;;;;;;VERDADERO;;;;;;;;;;;;FALSO;;;;;;;;;;;;;
01;0529;;MELGAR/VANIA ROXANA;NNN;;;;;;;;;;;;;;;;;;;;;;999999999,99;;;;;;;;VERDADERO;;;;;;;;;;;;FALSO;;;;;;;;;;;;;
01;0530;0530;ARAMAYO/TITO RONALD;NNN;;;;;;;;;;;;;;;;;;;;0;0;999999999,99;;;;;;;;VERDADERO;;;3,00;;;;;;;;;FALSO;FALSO;;;30/08/2017;;FALSO;;;;;;;
01;0531;;ROMAY/DANIEL;NNN;;;;;;;;;;;;;;;;;;;;;;999999999,99;;;;;;;;VERDADERO;;;;;;;;;;;;FALSO;;;;;;;;;;;;;
01;0532;;HACIENDA DEL SENOR SRL;NNN;;;;;;;;;;;;;;;;;;;;;;999999999,99;;;;;;;;VERDADERO;;;;;;;;;;;;FALSO;;;;;;;;;;;;;
01;0533;0533;PREST/MARIA EVELYN;NNN;;;;;;;;;;;;;;;;;;;;0;0;999999999,99;;;;;;;;VERDADERO;;;3,00;;;;;;;;;FALSO;FALSO;;;06/09/2017;;FALSO;;;;;;;
01;0534;;COSSIO/LUIS REMBERTO;NNN;;;;;;;;;;;;;;;;;;;;;;999999999,99;;;;;;;;VERDADERO;;;;;;;;;;;;FALSO;;;;;;;;;;;;;
01;0535;;ROJAS/WENDY;NNN;;;;;;;;;;;;;;;;;;;;;;999999999,99;;;;;;;;VERDADERO;;;;;;;;;;;;FALSO;;;;;;;;;;;;;
01;0536;;ALVAREZ/ROSMERY;NNN;;;;;;;;;;;;;;;;;;;;;;999999999,99;;;;;;;;VERDADERO;;;;;;;;;;;;FALSO;;;;;;;;;;;;;
01;0537;;SEJAS/MAIDA;NNN;;;;;;;;;;;;;;;;;;;;;;999999999,99;;;;;;;;VERDADERO;;;;;;;;;;;;FALSO;;;;;;;;;;;;;
01;0538;;GIACOMAN/ANA MARIA;NNN;;;;;;;;;;;;;;;;;;;;;;999999999,99;;;;;;;;VERDADERO;;;;;;;;;;;;FALSO;;;;;;;;;;;;;
01;0539;0539;ANTEQUERA/FERNANDO;NNN;;;;;;;;;;;;;;;;;;;;0;0;999999999,99;;;;;;;;VERDADERO;;;3,00;;;;;;;;;FALSO;FALSO;;;16/09/2017;;FALSO;;;;;;;
01;0540;;BALCAZAR/SILVANA;NNN;;;;;;;;;;;;;;;;;;;;;;999999999,99;;;;;;;;VERDADERO;;;;;;;;;;;;FALSO;;;;;;;;;;;;;
01;0541;;RIVAS/CLAUDIA;NNN;;;;;;;;;;;;;;;;;;;;;;999999999,99;;;;;;;;VERDADERO;;;;;;;;;;;;FALSO;;;;;;;;;;;;;
01;0542;;VARGAS/BRISELA;NNN;;;;;;;;;;;;;;;;;;;;;;999999999,99;;;;;;;;VERDADERO;;;;;;;;;;;;FALSO;;;;;;;;;;;;;
01;0543;;COIMBRA/CARLA;NNN;;;;;;;;;;;;;;;;;;;;;;999999999,99;;;;;;;;VERDADERO;;;;;;;;;;;;FALSO;;;;;;;;;;;;;
01;0544;0544;RIVERO/MARIA DEL ROSARIO;NNN;;;;;;;;;;;;;;;;;;;;0;0;999999999,99;;;;;;;;VERDADERO;;;3,00;;;;;;;;;FALSO;FALSO;;;20/09/2017;;FALSO;;;;;;;
01;0545;;DAZA/HERNAN ALBERTO;NNN;;;;;;;;;;;;;;;;;;;;;;999999999,99;;;;;;;;VERDADERO;;;;;;;;;;;;FALSO;;;;;;;;;;;;;
01;0546;0546;GARCIA/CARLA;NNN;;;;;;;;;;;;;;;;;;;;0;0;999999999,99;;;;;;;;VERDADERO;;;3,00;;;;;;;;;FALSO;FALSO;;;27/09/2017;;FALSO;;;;;;;
01;0547;;PEREZ/CLAUDIA;NNN;;;;;;;;;;;;;;;;;;;;;;999999999,99;;;;;;;;VERDADERO;;;;;;;;;;;;FALSO;;;;;;;;;;;;;
01;0548;0548;VARGAS/RICHARDS OLIVER;NNN;;;;;;;;;;;;;;;;;;;;0;0;999999999,99;;;;;;;;VERDADERO;;;3,00;;;;;;;;;FALSO;FALSO;;;05/10/2017;;FALSO;;;;;;;
01;0549;;RIBERA/KARIN;NNN;;;;;;;;;;;;;;;;;;;;;;999999999,99;;;;;;;;VERDADERO;;;;;;;;;;;;FALSO;;;;;;;;;;;;;
01;0550;;TORREZ/ERIKA;NNN;;;;;;;;;;;;;;;;;;;;;;999999999,99;;;;;;;;VERDADERO;;;;;;;;;;;;FALSO;;;;;;;;;;;;;
01;0551;;QUIROGA/ROXANA;NNN;;;;;;;;;;;;;;;;;;;;;;999999999,99;;;;;;;;VERDADERO;;;;;;;;;;;;FALSO;;;;;;;;;;;;;
01;0552;;URQUIZO/LUIS;NNN;;;;;;;;;;;;;;;;;;;;;;999999999,99;;;;;;;;VERDADERO;;;;;;;;;;;;FALSO;;;;;;;;;;;;;
01;0553;0553;ROCA/ALFONSO;NNN;;;;;;;;;;;;;;;;;;;;0;0;999999999,99;;;;;;;;VERDADERO;;;3,00;;;;;;;;;FALSO;FALSO;;;13/10/2017;;FALSO;;;;;;;
01;0554;;ARAMAYO/KAREN;NNN;;;;;;;;;;;;;;;;;;;;;;999999999,99;;;;;;;;VERDADERO;;;;;;;;;;;;FALSO;;;;;;;;;;;;;
01;0555;;CLAURE/TONYA;NNN;;;;;;;;;;;;;;;;;;;;;;999999999,99;;;;;;;;VERDADERO;;;;;;;;;;;;FALSO;;;;;;;;;;;;;
01;0556;;COL. DE FISIOTERAPIA Y KINESIOLOGIA SRZ;NNN;;;;;;;;;;;;;;;;;;;;;;999999999,99;;;;;;;;VERDADERO;;;;;;;;;;;;FALSO;;;;;;;;;;;;;
01;0557;;ESCOBAR/LAURA ROSARIO;NNN;;;;;;;;;;;;;;;;;;;;;;999999999,99;;;;;;;;VERDADERO;;;;;;;;;;;;FALSO;;;;;;;;;;;;;
01;0558;0558;PURE ORGANIC FOODS BOLIVIA;NNN;;;;345110022;;;;;;;;;;;;;;;;0;0;999999999,99;;;;;;;;VERDADERO;;;3,00;;;;;;;;;FALSO;FALSO;;;20/10/2017;;FALSO;;;;;;;
01;0559;;GIL/HORACIO;NNN;;;;;;;;;;;;;;;;;;;;;;999999999,99;;;;;;;;VERDADERO;;;;;;;;;;;;FALSO;;;;;;;;;;;;;
01;0560;;RODAS/MONICA KAREN;NNN;;;;;;;;;;;;;;;;;;;;;;999999999,99;;;;;;;;VERDADERO;;;;;;;;;;;;FALSO;;;;;;;;;;;;;
01;0561;;BEJAR/PAOLA;NNN;;;;;;;;;;;;;;;;;;;;;;999999999,99;;;;;;;;VERDADERO;;;;;;;;;;;;FALSO;;;;;;;;;;;;;
01;0562;;GARCIA/SUSANA;NNN;;;;;;;;;;;;;;;;;;;;;;999999999,99;;;;;;;;VERDADERO;;;;;;;;;;;;FALSO;;;;;;;;;;;;;
01;0563;;ZARMO INVERSIONES Y SERVICIOS S.A.;NNN;;;;;;;;;;;;;;;;;;;;;;999999999,99;;;;;;;;VERDADERO;;;;;;;;;;;;FALSO;;;;;;;;;;;;;
01;0564;0564;ROCA/RONI;NNN;;;;;;;;;;;;;;;;;;;;0;0;999999999,99;;;;;;;;VERDADERO;;;3,00;;;;;;;;;FALSO;FALSO;;;02/12/2017;;FALSO;;;;;;;
01;0565;0565;PARADA/ALEJANDRO;NNN;;;;;;;;;;;;;;;;;;;;0;0;999999999,99;;;;;;;;VERDADERO;;;3,00;;;;;;;;;FALSO;FALSO;;;02/12/2017;;FALSO;;;;;;;
01;0566;0566;SANCHEZ/MAURICIO;NNN;;;;;;;;;;;;;;;;;;;;0;0;999999999,99;;;;;;;;VERDADERO;;;3,00;;;;;;;;;FALSO;FALSO;;;02/12/2017;;FALSO;;;;;;;
01;0567;0567;LANDIVAR/MARCO ANTONIO;NNN;;;;;;;;;;;;;;;;;;;;0;0;999999999,99;;;;;;;;VERDADERO;;;3,00;;;;;;;;;FALSO;FALSO;;;02/12/2017;;FALSO;;;;;;;
01;0568;0568;VACA DIEZ/JHONNY;NNN;;;;;;;;;;;;;;;;;;;;0;0;999999999,99;;;;;;;;VERDADERO;;;3,00;;;;;;;;;FALSO;FALSO;;;02/12/2017;;FALSO;;;;;;;
01;0569;0569;HERRERA/ANDRES;NNN;;;;;;;;;;;;;;;;;;;;0;0;999999999,99;;;;;;;;VERDADERO;;;3,00;;;;;;;;;FALSO;FALSO;;;02/12/2017;;FALSO;;;;;;;
01;0570;0570;MENDEZ/ALEJANDRO;NNN;;;;;;;;;;;;;;;;;;;;0;0;999999999,99;;;;;;;;VERDADERO;;;3,00;;;;;;;;;FALSO;FALSO;;;02/12/2017;;FALSO;;;;;;;
01;0571;0571;BOLIVAR/OSCAR;NNN;;;;;;;;;;;;;;;;;;;;0;0;999999999,99;;;;;;;;VERDADERO;;;3,00;;;;;;;;;FALSO;FALSO;;;02/12/2017;;FALSO;;;;;;;
01;0572;0572;BUSCH/LEONARDO;NNN;;;;;;;;;;;;;;;;;;;;0;0;999999999,99;;;;;;;;VERDADERO;;;3,00;;;;;;;;;FALSO;FALSO;;;02/12/2017;;FALSO;;;;;;;
01;0574;0574;FOIANINI/LUIS;NNN;;;;;;;;;;;;;;;;;;;;0;0;999999999,99;;;;;;;;VERDADERO;;;3,00;;;;;;;;;FALSO;FALSO;;;02/12/2017;;FALSO;;;;;;;
01;0575;0575;FLORES/ELIAS SERGIO;NNN;;;;;;;;;;;;;;;;;;;;0;0;999999999,99;;;;;;;;VERDADERO;;;3,00;;;;;;;;;FALSO;FALSO;;;02/12/2017;;FALSO;;;;;;;
01;0576;;SOTILLO/JOSE ERIK;NNN;;;;;;;;;;;;;;;;;;;;;;999999999,99;;;;;;;;VERDADERO;;;;;;;;;;;;FALSO;;;;;;;;;;;;;
01;0577;;ZULETA/ANGEL;NNN;;;;;;;;;;;;;;;;;;;;;;999999999,99;;;;;;;;VERDADERO;;;;;;;;;;;;FALSO;;;;;;;;;;;;;
01;0578;;SALINAS/OLGA;NNN;;;;;;;;;;;;;;;;;;;;;;999999999,99;;;;;;;;VERDADERO;;;;;;;;;;;;FALSO;;;;;;;;;;;;;
01;0579;0579;RUIZ/EVA;NNN;;;;;;;;;;;;;;;;;;;;0;0;999999999,99;;;;;;;;VERDADERO;;;3,00;;;;;;;;;FALSO;FALSO;;;12/12/2017;;FALSO;;;;;;;
01;0580;0580;ROJAS/RUTH;NNN;;;;;;;;;;;;;;;;;;;;0;0;999999999,99;;;;;;;;VERDADERO;;;3,00;;;;;;;;;FALSO;FALSO;;;13/12/2017;;FALSO;;;;;;;
01;0581;0581;APONTE/VICTOR HUGO;NNN;;;;;;;;;;;;;;;;;;;;0;0;999999999,99;;;;;;;;VERDADERO;;;3,00;;;;;;;;;FALSO;FALSO;;;13/12/2017;;FALSO;;;;;;;
01;0582;0582;APONTE/FERNANDO;NNN;;;;;;;;;;;;;;;;;;;;0;0;999999999,99;;;;;;;;VERDADERO;;;3,00;;;;;;;;;FALSO;FALSO;;;13/12/2017;;FALSO;;;;;;;
01;0583;0583;FAUNDEZ/EULALIA;NNN;;;;;;;;;;;;;;;;;;;;0;0;999999999,99;;;;;;;;VERDADERO;;;3,00;;;;;;;;;FALSO;FALSO;;;13/12/2017;;FALSO;;;;;;;
01;0584;0584;APONTE/CARMEN;NNN;;;;;;;;;;;;;;;;;;;;0;0;999999999,99;;;;;;;;VERDADERO;;;3,00;;;;;;;;;FALSO;FALSO;;;13/12/2017;;FALSO;;;;;;;
01;0585;0585;MORENO/JUAN CARLOS;NNN;;;;;;;;;;;;;;;;;;;;0;0;999999999,99;;;;;;;;VERDADERO;;;3,00;;;;;;;;;FALSO;FALSO;;;18/12/2017;;FALSO;;;;;;;
01;0586;;SUAREZ/GERMAN;NNN;;;;;;;;;;;;;;;;;;;;;;999999999,99;;;;;;;;VERDADERO;;;;;;;;;;;;FALSO;;;;;;;;;;;;;
01;0587;0587;ILLANES/DAVID;NNN;;;;;;;;;;;;;;;;;;;;0;0;999999999,99;;;;;;;;VERDADERO;;;3,00;;;;;;;;;FALSO;FALSO;;;21/12/2017;;FALSO;;;;;;;
01;0588;0588;BURGOA FREDDY;NNN;;;;;;;;;;;;;;;;;;;;0;0;999999999,99;;;;;;;;VERDADERO;;;3,00;;;;;;;;;FALSO;FALSO;;;27/12/2017;;FALSO;;;;;;;
01;0589;0589;FERNANDEZ/TAMARA;NNN;;;;;;;;;;;;;;;;;;;;0;0;999999999,99;;;;;;;;VERDADERO;;;3,00;;;;;;;;;FALSO;FALSO;;;06/01/2018;;FALSO;;;;;;;
01;0590;0590;MARQUEZ/PATRICIA;NNN;;;;;;;;;;;;;;;;;;;;0;0;999999999,99;;;;;;;;VERDADERO;;;3,00;;;;;;;;;FALSO;FALSO;;;11/01/2018;;FALSO;;;;;;;
01;0591;;GUTIERREZ/ERNESTO;NNN;;;;;;;;;;;;;;;;;;;;;;999999999,99;;;;;;;;VERDADERO;;;;;;;;;;;;FALSO;;;;;;;;;;;;;
01;0592;0592;CORONADO/MARIA CRISTINA;NNN;;;;;;;;;;;;;;;;;;;;0;0;999999999,99;;;;;;;;VERDADERO;;;3,00;;;;;;;;;FALSO;FALSO;;;17/01/2018;;FALSO;;;;;;;
01;0593;0593;KULJIS/KATIA;NNN;;;;;;;;;;;;;;;;;;;;0;0;999999999,99;;;;;;;;VERDADERO;;;3,00;;;;;;;;;FALSO;FALSO;;;17/01/2018;;FALSO;;;;;;;
01;0594;0594;ARANO/ANA PAOLA;NNN;;;;;;;;;;;;;;;;;;;;0;0;999999999,99;;;;;;;;VERDADERO;;;3,00;;;;;;;;;FALSO;FALSO;;;17/01/2018;;FALSO;;;;;;;
01;0595;0595;RODRIGUEZ/VALERIA;NNN;;;;;;;;;;;;;;;;;;;;0;0;999999999,99;;;;;;;;VERDADERO;;;3,00;;;;;;;;;FALSO;FALSO;;;18/01/2018;;FALSO;;;;;;;
01;0596;0596;VELASCO/DENISE;NNN;;;;;;;;;;;;;;;;;;;;0;0;999999999,99;;;;;;;;VERDADERO;;;3,00;;;;;;;;;FALSO;FALSO;;;18/01/2018;;FALSO;;;;;;;
01;0597;0597;SALVATIERRA/ANA LILIAN;NNN;;;;;;;;;;;;;;;;;;;;0;0;999999999,99;;;;;;;;VERDADERO;;;3,00;;;;;;;;;FALSO;FALSO;;;18/01/2018;;FALSO;;;;;;;
01;0598;0598;JORDAN/GABRIELA;NNN;;;;;;;;;;;;;;;;;;;;0;0;999999999,99;;;;;;;;VERDADERO;;;3,00;;;;;;;;;FALSO;FALSO;;;18/01/2018;;FALSO;;;;;;;
01;0599;0599;MORENO/DANIEL;NNN;;;;;;;;;;;;;;;;;;;;0;0;999999999,99;;;;;;;;VERDADERO;;;3,00;;;;;;;;;FALSO;FALSO;;;20/01/2018;;FALSO;;;;;;;
01;0600;0600;JUSTINIANO/DIANDRA;NNN;;;;;;;;;;;;;;;;;;;;0;0;999999999,99;;;;;;;;VERDADERO;;;3,00;;;;;;;;;FALSO;FALSO;;;20/01/2018;;FALSO;;;;;;;
01;0601;0601;BIANCHI/JORGE;NNN;;;;;;;;;;;;;;;;;;;;0;0;999999999,99;;;;;;;;VERDADERO;;;3,00;;;;;;;;;FALSO;FALSO;;;20/01/2018;;FALSO;;;;;;;
01;0602;0602;ARDAYA/WILMAN;NNN;;;;;;;;;;;;;;;;;;;;0;0;999999999,99;;;;;;;;VERDADERO;;;3,00;;;;;;;;;FALSO;FALSO;;;20/01/2018;;FALSO;;;;;;;
01;0603;0603;CASTILLO/XIOMARA;NNN;;;;;;;;;;;;;;;;;;;;0;0;999999999,99;;;;;;;;VERDADERO;;;3,00;;;;;;;;;FALSO;FALSO;;;27/01/2018;;FALSO;;;;;;;
01;0604;0604;RAMIREZ/ADRIANA LUCERO;NNN;;;;;;;;;;;;;;;;;;;;0;0;999999999,99;;;;;;;;VERDADERO;;;3,00;;;;;;;;;FALSO;FALSO;;;30/01/2018;;FALSO;;;;;;;
01;0605;0605;HEREDIA/ENRIQUE CARLOS;NNN;;;;;;;;;;;;;;;;;;;;0;0;999999999,99;;;;;;;;VERDADERO;;;3,00;;;;;;;;;FALSO;FALSO;;;30/01/2018;;FALSO;;;;;;;
01;0606;0606;MUNOZ/MARIA AIXA;NNN;;;;;;;;;;;;;;;;;;;;0;0;999999999,99;;;;;;;;VERDADERO;;;3,00;;;;;;;;;FALSO;FALSO;;;30/01/2018;;FALSO;;;;;;;
01;0607;0607;KIRSCH/BERND;NNN;;;;;;;;;;;;;;;;;;;;0;0;999999999,99;;;;;;;;VERDADERO;;;3,00;;;;;;;;;FALSO;FALSO;;;31/01/2018;;FALSO;;;;;;;
01;0608;0608;HEREDIA/CARLA;NNN;;;;;;;;;;;;;;;;;;;;0;0;999999999,99;;;;;;;;VERDADERO;;;3,00;;;;;;;;;FALSO;FALSO;;;02/02/2018;;FALSO;;;;;;;
01;0609;0609;CABALLERO/GABRIELA;NNN;;;;;;;;;;;;;;;;;;;;0;0;999999999,99;;;;;;;;VERDADERO;;;3,00;;;;;;;;;FALSO;FALSO;;;02/02/2018;;FALSO;;;;;;;
01;0610;0610;SILVA/CARMEN PATRICIA;NNN;;;;;;;;;;;;;;;;;;;;0;0;999999999,99;;;;;;;;VERDADERO;;;3,00;;;;;;;;;FALSO;FALSO;;;02/02/2018;;FALSO;;;;;;;
01;0611;0611;SHRIQUI/ANA TERESA;NNN;;;;;;;;;;;;;;;;;;;;0;0;999999999,99;;;;;;;;VERDADERO;;;3,00;;;;;;;;;FALSO;FALSO;;;02/02/2018;;FALSO;;;;;;;
01;0612;0612;MERUBIA/CARMELO;NNN;;;;;;;;;;;;;;;;;;;;0;0;999999999,99;;;;;;;;VERDADERO;;;3,00;;;;;;;;;FALSO;FALSO;;;02/02/2018;;FALSO;;;;;;;
01;0613;;UNZUETA/JOSE ALEJANDRO;NNN;;;;;;;;;;;;;;;;;;;;;;999999999,99;;;;;;;;VERDADERO;;;;;;;;;;;;FALSO;;;;;;;;;;;;;
01;0614;0614;AEROCRUZ CENTRAL;NNN;;;;;;;;;;;;;;;;;;;;0;0;999999999,99;;;;;;;;VERDADERO;;;3,00;;;;;;;;;FALSO;FALSO;;;06/02/2018;;FALSO;;;;;;;
01;0615;0615;QUIROGA/MIRIAN;NNN;;;;;;;;;;;;;;;;;;;;0;0;999999999,99;;;;;;;;VERDADERO;;;3,00;;;;;;;;;FALSO;FALSO;;;06/02/2018;;FALSO;;;;;;;
01;0616;0616;ZENTENO/JEAN LIMBERT;NNN;;;;;;;;;;;;;;;;;;;;0;0;999999999,99;;;;;;;;VERDADERO;;;3,00;;;;;;;;;FALSO;FALSO;;;06/02/2018;;FALSO;;;;;;;
01;0618;0618;RIVERO SAAVEDRA/CECILIA;NNN;;;;;;;;;;;;;;;;;;;;0;0;999999999,99;;;;;;;;VERDADERO;;;3,00;;;;;;;;;FALSO;FALSO;;;06/02/2018;;FALSO;;;;;;;
01;0619;;PANIAGUA/EVA EVELYN;NNN;;;;;;;;;;;;;;;;;;;;;;999999999,99;;;;;;;;VERDADERO;;;;;;;;;;;;FALSO;;;;;;;;;;;;;
01;0620;;ZAPATA/ADELA MARIA;NNN;;;;;;;;;;;;;;;;;;;;;;999999999,99;;;;;;;;VERDADERO;;;;;;;;;;;;FALSO;;;;;;;;;;;;;
01;0621;0621;BUSCH/RICARDO;NNN;;;;;;;;;;;;;;;;;;;;0;0;999999999,99;;;;;;;;VERDADERO;;;3,00;;;;;;;;;FALSO;FALSO;;;02/03/2018;;FALSO;;;;;;;
01;0622;0622;ANEZ/HERNAN;NNN;;;;;;;;;;;;;;;;;;;;0;0;999999999,99;;;;;;;;VERDADERO;;;3,00;;;;;;;;;FALSO;FALSO;;;02/03/2018;;FALSO;;;;;;;
01;0623;0623;MERTENS/CARLA CARINA;NNN;;;;;;;;;;;;;;;;;;;;0;0;999999999,99;;;;;;;;VERDADERO;;;3,00;;;;;;;;;FALSO;FALSO;;;03/03/2018;;FALSO;;;;;;;
01;0624;0624;CHAVEZ/RUBER ALBERTO;NNN;;;;;;;;;;;;;;;;;;;;0;0;999999999,99;;;;;;;;VERDADERO;;;3,00;;;;;;;;;FALSO;FALSO;;;05/03/2018;;FALSO;;;;;;;
01;0625;0625;PANIAGUA/MARCO;NNN;;;;;;;;;;;;;;;;;;;;0;0;999999999,99;;;;;;;;VERDADERO;;;3,00;;;;;;;;;FALSO;FALSO;;;08/03/2018;;FALSO;;;;;;;
01;0626;0626;GUTIERREZ/JIMMY;NNN;;;;;;;;;;;;;;;;;;;;0;0;999999999,99;;;;;;;;VERDADERO;;;3,00;;;;;;;;;FALSO;FALSO;;;13/03/2018;;FALSO;;;;;;;
01;0627;0627;GUTIERREZ/PATRICIA;NNN;;;;;;;;;;;;;;;;;;;;0;0;999999999,99;;;;;;;;VERDADERO;;;3,00;;;;;;;;;FALSO;FALSO;;;13/03/2018;;FALSO;;;;;;;
01;0628;0628;CUELLAR/CRISTIAN;NNN;;;;;;;;;;;;;;;;;;;;0;0;999999999,99;;;;;;;;VERDADERO;;;3,00;;;;;;;;;FALSO;FALSO;;;15/03/2018;;FALSO;;;;;;;
01;0629;0629;FLORES/JOSE SANTIAGO;NNN;;;;;;;;;;;;;;;;;;;;0;0;999999999,99;;;;;;;;VERDADERO;;;3,00;;;;;;;;;FALSO;FALSO;;;16/03/2018;;FALSO;;;;;;;
01;0630;0630;ANGERER/REMINGTON;NNN;;;;;;;;;;;;;;;;;;;;0;0;999999999,99;;;;;;;;VERDADERO;;;3,00;;;;;;;;;FALSO;FALSO;;;28/03/2018;;FALSO;;;;;;;
01;0631;0631;APONTE/GUSTAVO;NNN;;;;;;;;;;;;;;;;;;;;0;0;999999999,99;;;;;;;;VERDADERO;;;3,00;;;;;;;;;FALSO;FALSO;;;29/03/2018;;FALSO;;;;;;;
01;0632;0632;MAMANI/FABIOLA;NNN;;;;;;;;;;;;;;;;;;;;0;0;999999999,99;;;;;;;;VERDADERO;;;3,00;;;;;;;;;FALSO;FALSO;;;29/03/2018;;FALSO;;;;;;;
01;0633;;PEDRAZA/GILFREDO;NNN;;;;;;;;;;;;;;;;;;;;;;999999999,99;;;;;;;;VERDADERO;;;;;;;;;;;;FALSO;;;;;;;;;;;;;
01;0634;0634;ARISPE/GIOVANNA;NNN;;;;;;;;;;;;;;;;;;;;0;0;999999999,99;;;;;;;;VERDADERO;;;3,00;;;;;;;;;FALSO;FALSO;;;;;FALSO;;;;;;;
01;0635;;ARIAS/RONALD;NNN;;;;;;;;;;;;;;;;;;;;;;999999999,99;;;;;;;;VERDADERO;;;;;;;;;;;;FALSO;;;;;;;;;;;;;
01;0636;;SENSING SRL;NNN;;;;;;;;;;;;;;;;;;;;;;999999999,99;;;;;;;;VERDADERO;;;;;;;;;;;;FALSO;;;;;;;;;;;;;
01;0637;0637;JALDIN/BEATRIZ;NNN;;;;;;;;;;;;;;;;;;;;0;0;999999999,99;;;;;;;;VERDADERO;;;3,00;;;;;;;;;FALSO;FALSO;;;25/04/2018;;FALSO;;;;;;;
01;0638;0638;SEGURO UNIVERSITARIO;NNN;;;;;;;;;;;;;;;;;;;;0;0;999999999,99;;;;;;;;VERDADERO;;;3,00;;;;;;;;;FALSO;FALSO;;;15/05/2018;;FALSO;;;;;;;
01;0639;0639;COMPLEJO HOTELERO YOTAU SA;NNN;;;;;;;;;;;;;;;;;;;;0;0;999999999,99;;;;;;;;VERDADERO;;;3,00;;;;;;;;;FALSO;FALSO;;;22/05/2018;;FALSO;;;;;;;
01;0640;0640;EGUEZ/CINTHIA;NNN;;;;;;;;;;;;;;;;;;;;0;0;999999999,99;;;;;;;;VERDADERO;;;3,00;;;;;;;;;FALSO;FALSO;;;23/05/2018;;FALSO;;;;;;;
01;0641;0641;SAUCEDO/PATRICIA;NNN;;;;;;;;;;;;;;;;;;;;0;0;999999999,99;;;;;;;;VERDADERO;;;3,00;;;;;;;;;FALSO;FALSO;;;30/05/2018;;FALSO;;;;;;;
01;0642;0642;CHAVEZ/KARINA;NNN;;;;;;;;;;;;;;;;;;;;0;0;999999999,99;;;;;;;;VERDADERO;;;3,00;;;;;;;;;FALSO;FALSO;;;30/05/2018;;FALSO;;;;;;;
01;0643;;PORRAS/FABIO ANDRES;NNN;;;;;;;;;;;;;;;;;;;;;;999999999,99;;;;;;;;VERDADERO;;;;;;;;;;;;FALSO;;;;;;;;;;;;;
01;0644;0644;OJOPI/PATRICIA;NNN;;;;;;;;;;;;;;;;;;;;0;0;999999999,99;;;;;;;;VERDADERO;;;3,00;;;;;;;;;FALSO;FALSO;;;18/06/2018;;FALSO;;;;;;;
01;0645;0645;PERROGON/LORGIO;NNN;;;;;;;;;;;;;;;;;;;;0;0;999999999,99;;;;;;;;VERDADERO;;;3,00;;;;;;;;;FALSO;FALSO;;;19/06/2018;;FALSO;;;;;;;
01;0646;0646;FERNANDEZ/ELIANA;NNN;;;;;;;;;;;;;;;;;;;;0;0;999999999,99;;;;;;;;VERDADERO;;;3,00;;;;;;;;;FALSO;FALSO;;;04/07/2018;;FALSO;;;;;;;
01;0647;;QUIROZ/SHIRLEY PAOLA;NNN;;;;;;;;;;;;;;;;;;;;;;999999999,99;;;;;;;;VERDADERO;;;;;;;;;;;;FALSO;;;;;;;;;;;;;
01;0648;;VACA DIEZ/DIEGO ANTONIO;NNN;;;;;;;;;;;;;;;;;;;;;;999999999,99;;;;;;;;VERDADERO;;;;;;;;;;;;FALSO;;;;;;;;;;;;;
01;0649;;VARGAS/DANITHZA;NNN;;;;;;;;;;;;;;;;;;;;;;999999999,99;;;;;;;;VERDADERO;;;;;;;;;;;;FALSO;;;;;;;;;;;;;
01;0650;;RADA/MAGDA;NNN;;;;;;;;;;;;;;;;;;;;;;999999999,99;;;;;;;;VERDADERO;;;;;;;;;;;;FALSO;;;;;;;;;;;;;
01;0651;;AFCHA/CLAUDIA;NNN;;;;;;;;;;;;;;;;;;;;;;999999999,99;;;;;;;;VERDADERO;;;;;;;;;;;;FALSO;;;;;;;;;;;;;
01;0652;;RAMOS/JUAN CARLOS;NNN;;;;;;;;;;;;;;;;;;;;;;999999999,99;;;;;;;;VERDADERO;;;;;;;;;;;;FALSO;;;;;;;;;;;;;
01;0653;0653;INMOBILIARIA ASHER SRL;NNN;;;;;;;;;;;;;;;;;;;;0;0;999999999,99;;;;;;;;VERDADERO;;;3,00;;;;;;;;;FALSO;FALSO;;;;;FALSO;;;;;;;
01;0654;0654;JAYIL SRL;NNN;;;;;;;;;;;;;;;;;;;;0;0;999999999,99;;;;;;;;VERDADERO;;;3,00;;;;;;;;;FALSO;FALSO;;;;;FALSO;;;;;;;
01;0655;0655;INMOBILIARIA NICAPOLIS SRL;NNN;;;;;;;;;;;;;;;;;;;;0;0;999999999,99;;;;;;;;VERDADERO;;;3,00;;;;;;;;;FALSO;FALSO;;;;;FALSO;;;;;;;
01;0656;0656;CLUB DEPORTIVO ROYAL PARI;NNN;;;;;;;;;;;;;;;;;;;;0;0;999999999,99;;;;;;;;VERDADERO;;;3,00;;;;;;;;;FALSO;FALSO;;;;;FALSO;;;;;;;
01;0657;0657;INMOBILIARIA ZURIEL SRL;NNN;;;;;;;;;;;;;;;;;;;;0;0;999999999,99;;;;;;;;VERDADERO;;;3,00;;;;;;;;;FALSO;FALSO;;;;;FALSO;;;;;;;
01;0658;0658;INMOBILIARIA KINTAS SRL;NNN;;;;;;;;;;;;;;;;;;;;0;0;999999999,99;;;;;;;;VERDADERO;;;3,00;;;;;;;;;FALSO;FALSO;;;;;FALSO;;;;;;;
01;0659;0659;MARIO FRANKLIN CHAVEZ MENDEZ;NNN;;;;;;;;;;;;;;;;;;;;0;0;999999999,99;;;;;;;;VERDADERO;;;3,00;;;;;;;;;FALSO;FALSO;;;;;FALSO;;;;;;;
01;0660;0660;JAIM SRL;NNN;;;;;;;;;;;;;;;;;;;;0;0;999999999,99;;;;;;;;VERDADERO;;;3,00;;;;;;;;;FALSO;FALSO;;;;;FALSO;;;;;;;
01;0661;;PANOZO/FABIOLA;NNN;;;;;;;;;;;;;;;;;;;;;;999999999,99;;;;;;;;VERDADERO;;;;;;;;;;;;FALSO;;;;;;;;;;;;;
01;0662;;SOCIEDAD DE IMPLANTOLOGIA;NNN;;;;;;;;;;;;;;;;;;;;;;999999999,99;;;;;;;;VERDADERO;;;;;;;;;;;;FALSO;;;;;;;;;;;;;
01;0663;0663;JUSTINIANO/LUCIANA;NNN;;;;;;;;;;;;;;;;;;;;0;0;;;;;;;;;VERDADERO;;;3,00;;;;;;;;;FALSO;FALSO;;;01/09/2018;;FALSO;;;;;;;
01;0665;;DOMINGUEZ/CINTHYA;NNN;;;;;;;;;;;;;;;;;;;;;;;;;;;;;;VERDADERO;;;;;;;;;;;;FALSO;;;;;;;;;;;;;
01;0666;;INMOBILIARIA SION INTERNACIONAL SRL;NNN;;;;;;;;;;;;;;;;;;;;;;;;;;;;;;VERDADERO;;;;;;;;;;;;FALSO;;;;;;;;;;;;;
01;0667;0667;ROCA/OSVALDO;NNN;;;;;;;;;;;;;;;;;;;;0;0;;;;;;;;;VERDADERO;;;3,00;;;;;;;;;FALSO;FALSO;;;08/09/2018;;FALSO;;;;;;;
01;0668;;SAAVEDRA/JOSE CARLOS;NNN;;;;;;;;;;;;;;;;;;;;;;;;;;;;;;VERDADERO;;;;;;;;;;;;FALSO;;;;;;;;;;;;;
01;0669;;WIETHUCHTER/SILVIA NICOL;NNN;;;;;;;;;;;;;;;;;;;;;;;;;;;;;;VERDADERO;;;;;;;;;;;;FALSO;;;;;;;;;;;;;
01;0670;;MEDINA/CONSUELO;NNN;;;;;;;;;;;;;;;;;;;;;;;;;;;;;;VERDADERO;;;;;;;;;;;;FALSO;;;;;;;;;;;;;
01;0671;0671;ROCA/MARIA LAURA;NNN;;;;;;;;;;;;;;;;;;;;0;0;;;;;;;;;VERDADERO;;;3,00;;;;;;;;;FALSO;FALSO;;;03/10/2018;;FALSO;;;;;;;
01;0672;0672;ARTEAGA/GUSTAVO ADOLFO;NNN;;;;;;;;;;;;;;;;;;;;0;0;;;;;;;;;VERDADERO;;;3,00;;;;;;;;;FALSO;FALSO;;;12/10/2018;;FALSO;;;;;;;
01;0673;;MULTIESPUMAS;NNN;;;;;;;;;;;;;;;;;;;;;;;;;;;;;;VERDADERO;;;;;;;;;;;;FALSO;;;;;;;;;;;;;
01;0674;0674;MARQUEZ/EDUARDO;NNN;;;;;;;;;;;;;;;;;;;;0;0;;;;;;;;;VERDADERO;;;3,00;;;;;;;;;FALSO;FALSO;;;23/10/2018;;FALSO;;;;;;;
01;0675;0675;CASTEDO/LUIS;NNN;;;;;;;;;;;;;;;;;;;;0;0;;;;;;;;;VERDADERO;;;3,00;;;;;;;;;FALSO;FALSO;;;23/10/2018;;FALSO;;;;;;;
01;0676;0676;NNN;NNN;;;;;;;;;;;;;;;;;;;;0;0;;;;;;;;;VERDADERO;;;3,00;;;;;;;;;FALSO;FALSO;;;23/10/2018;;FALSO;;;;;;;
01;0678;0678;LUIZAGA/VANESSA;NNN;;;;;;;;;;;;;;;;;;;;0;0;;;;;;;;;VERDADERO;;;3,00;;;;;;;;;FALSO;FALSO;;;06/11/2018;;FALSO;;;;;;;
01;0679;0679;SUAREZ/JUANA;NNN;;;;;;;;;;;;;;;;;;;;0;0;;;;;;;;;VERDADERO;;;3,00;;;;;;;;;FALSO;FALSO;;;08/11/2018;;FALSO;;;;;;;
01;0680;0680;SERRANO/WILLIANS;NNN;;;;;;;;;;;;;;;;;;;;0;0;;;;;;;;;VERDADERO;;;3,00;;;;;;;;;FALSO;FALSO;;;09/11/2018;;FALSO;;;;;;;
01;0681;0681;POLY/ALBERTO;NNN;;;;;;;;;;;;;;;;;;;;0;0;;;;;;;;;VERDADERO;;;3,00;;;;;;;;;FALSO;FALSO;;;09/11/2018;;FALSO;;;;;;;
01;0682;;MENACHO/GUEDDY;NNN;;;;;;;;;;;;;;;;;;;;;;;;;;;;;;VERDADERO;;;;;;;;;;;;FALSO;;;;;;;;;;;;;
01;0683;;DUENAS/GONZALO;NNN;;;;;;;;;;;;;;;;;;;;;;;;;;;;;;VERDADERO;;;;;;;;;;;;FALSO;;;;;;;;;;;;;
01;0684;;DAVID/MARIA RENEE;NNN;;;;;;;;;;;;;;;;;;;;;;;;;;;;;;VERDADERO;;;;;;;;;;;;FALSO;;;;;;;;;;;;;
01;0685;;SUAREZ/MARIA JOSE;NNN;;;;;;;;;;;;;;;;;;;;;;;;;;;;;;VERDADERO;;;;;;;;;;;;FALSO;;;;;;;;;;;;;
01;0686;;ALARCON/FREDDY;NNN;;;;;;;;;;;;;;;;;;;;;;;;;;;;;;VERDADERO;;;;;;;;;;;;FALSO;;;;;;;;;;;;;
01;0687;;NEIZAN SRL;NNN;;;;;;;;;;;;;;;;;;;;;;;;;;;;;;VERDADERO;;;;;;;;;;;;FALSO;;;;;;;;;;;;;
01;0688;;OLMOS/LILIANA;NNN;;;;;;;;;;;;;;;;;;;;;;;;;;;;;;VERDADERO;;;;;;;;;;;;FALSO;;;;;;;;;;;;;
01;0689;;CENTRIC BOLIVIA LTDA;NNN;;;;;;;;;;;;;;;;;;;;;;;;;;;;;;VERDADERO;;;;;;;;;;;;FALSO;;;;;;;;;;;;;
01;0690;;DE LOS SANTOS/EDUARDO;NNN;;;;;;;;;;;;;;;;;;;;;;;;;;;;;;VERDADERO;;;;;;;;;;;;FALSO;;;;;;;;;;;;;
01;0691;0691;VARGAS/CONSUELO;NNN;;;;;;;;;;;;;;;;;;;;0;0;;;;;;;;;VERDADERO;;;3,00;;;;;;;;;FALSO;FALSO;;;07/12/2018;;FALSO;;;;;;;
01;0692;0692;CUELLAR/RONALD;NNN;;;;;;;;;;;;;;;;;;;;0;0;;;;;;;;;VERDADERO;;;3,00;;;;;;;;;FALSO;FALSO;;;07/12/2018;;FALSO;;;;;;;
01;0693;;ROCA/CARLOS HUMBERTO;NNN;;;;;;;;;;;;;;;;;;;;;;;;;;;;;;VERDADERO;;;;;;;;;;;;FALSO;;;;;;;;;;;;;
01;0694;0694;GONZALES/VALENTINA;NNN;;;;;;;;;;;;;;;;;;;;0;0;;;;;;;;;VERDADERO;;;3,00;;;;;;;;;FALSO;FALSO;;;21/12/2018;;FALSO;;;;;;;
01;0695;;OLIVA JAIME;NNN;;;;;;;;;;;;;;;;;;;;;;;;;;;;;;VERDADERO;;;;;;;;;;;;;;;;;;;;;;;;;
01;0696;0696;BARBA/GIOVANNY;NNN;;;;;;;;;;;;;;;;;;;;0;0;;;;;;;;;VERDADERO;;;3,00;;;;;;;;;;FALSO;;;10/01/2019;;FALSO;;;;;;;
01;0697;;JURADO/CRISTHIAM ENRIQUE;NNN;;;;;;;;;;;;;;;;;;;;;;;;;;;;;;VERDADERO;;;;;;;;;;;;;;;;;;;;;;;;;
01;0698;;CUTILY/NINFA;NNN;;;;;;;;;;;;;;;;;;;;;;;;;;;;;;VERDADERO;;;;;;;;;;;;;;;;;;;;;;;;;
01;0699;;PAZ/GLADYS;NNN;;;;;;;;;;;;;;;;;;;;;;;;;;;;;;VERDADERO;;;;;;;;;;;;;;;;;;;;;;;;;
01;0700;0700;PARRAGA/ANA MARIA;NNN;;;;;;;;;;;;;;;;;;;;0;0;;;;;;;;;VERDADERO;;;3,00;;;;;;;;;;FALSO;;;12/01/2019;;FALSO;;;;;;;
01;0701;;TARRADELLES TATIANA;NNN;;;;;;;;;;;;;;;;;;;;;;;;;;;;;;VERDADERO;;;;;;;;;;;;;;;;;;;;;;;;;
01;0702;0702;CONDORI/ROSALIA ANGELICA;NNN;;;;;;;;;;;;;;;;;;;;0;0;;;;;;;;;VERDADERO;;;3,00;;;;;;;;;;FALSO;;;19/01/2019;;FALSO;;;;;;;
01;0703;;PARADA/RODRIGO;NNN;;;;;;;;;;;;;;;;;;;;;;;;;;;;;;VERDADERO;;;;;;;;;;;;;;;;;;;;;;;;;
01;0704;;SABA/YASMIN;NNN;;;;;;;;;;;;;;;;;;;;;;;;;;;;;;VERDADERO;;;;;;;;;;;;;;;;;;;;;;;;;
01;0705;;CALLE/JUANA;NNN;;;;;;;;;;;;;;;;;;;;;;;;;;;;;;VERDADERO;;;;;;;;;;;;;;;;;;;;;;;;;
01;0706;;JAITA/LUCIA;NNN;;;;;;;;;;;;;;;;;;;;;;;;;;;;;;VERDADERO;;;;;;;;;;;;;;;;;;;;;;;;;
01;0707;;SOVINO PABLO ANDRES;NNN;;;;;;;;;;;;;;;;;;;;;;;;;;;;;;VERDADERO;;;;;;;;;;;;;;;;;;;;;;;;;
01;0708;;INMOBILIARIA ADVEL SRL;NNN;;;;;;;;;;;;;;;;;;;;;;;;;;;;;;VERDADERO;;;;;;;;;;;;;;;;;;;;;;;;;
01;0709;;PAZ SILVIA;NNN;;;;;;;;;;;;;;;;;;;;;;;;;;;;;;VERDADERO;;;;;;;;;;;;;;;;;;;;;;;;;
01;0710;;BROWN SERGIO;NNN;;;;;;;;;;;;;;;;;;;;;;;;;;;;;;VERDADERO;;;;;;;;;;;;;;;;;;;;;;;;;
01;0711;;CENTER SPORT SRL;NNN;;;;;;;;;;;;;;;;;;;;;;;;;;;;;;VERDADERO;;;;;;;;;;;;;;;;;;;;;;;;;
01;0712;0712;ALIAGA/LUIS ALBERTO;NNN;;;;;;;;;;;;;;;;;;;;0;0;;;;;;;;;VERDADERO;;;3,00;;;;;;;;;;FALSO;;;17/04/2019;;FALSO;;;;;;;
01;0714;0714;MELGAR/CRISTINA;NNN;;;;;;;;;;;;;;;;;;;;0;0;;;;;;;;;VERDADERO;;;3,00;;;;;;;;;;FALSO;;;26/04/2019;;FALSO;;;;;;;
01;0715;;TARRADELLES/MARIA CRISTINA;NNN;;;;;;;;;;;;;;;;;;;;;;;;;;;;;;VERDADERO;;;;;;;;;;;;;;;;;;;;;;;;;
01;0716;;COLEGIO DE SUCRE;NNN;;;;;;;;;;;;;;;;;;;;;;;;;;;;;;VERDADERO;;;;;;;;;;;;;;;;;;;;;;;;;
01;0717;;ARRIAZA/CLAUDIA;NNN;;;;;;;;;;;;;;;;;;;;;;;;;;;;;;VERDADERO;;;;;;;;;;;;;;;;;;;;;;;;;
01;0718;;PAZ/RONALD HEBERT;NNN;;;;;;;;;;;;;;;;;;;;;;;;;;;;;;VERDADERO;;;;;;;;;;;;;;;;;;;;;;;;;
01;0719;0719;SALAZAR/DANIELA;NNN;;;;;;;;;;;;;;;;;;;;0;0;;;;;;;;;VERDADERO;;;3,00;;;;;;;;;;FALSO;;;15/05/2019;;FALSO;;;;;;;
01;0720;0720;BONILLA/JOHAN;NNN;;;;;;;;;;;;;;;;;;;;0;0;;;;;;;;;VERDADERO;;;3,00;;;;;;;;;;FALSO;;;15/05/2019;;FALSO;;;;;;;
01;0721;0721;DAZA/IVER ANDRES;NNN;;;;;;;;;;;;;;;;;;;;0;0;;;;;;;;;VERDADERO;;;3,00;;;;;;;;;;FALSO;;;15/05/2019;;FALSO;;;;;;;
01;0722;0722;YAMAGATA/KIOMI;NNN;;;;;;;;;;;;;;;;;;;;0;0;;;;;;;;;VERDADERO;;;3,00;;;;;;;;;;FALSO;;;16/05/2019;;FALSO;;;;;;;
01;0723;;MENDEZ/DIEGO;NNN;;;;;;;;;;;;;;;;;;;;;;;;;;;;;;VERDADERO;;;;;;;;;;;;;;;;;;;;;;;;;
01;0724;0724;CHAVEZ/SANDRA FABIANA;NNN;;;;;;;;;;;;;;;;;;;;0;0;;;;;;;;;VERDADERO;;;3,00;;;;;;;;;;FALSO;;;16/05/2019;;FALSO;;;;;;;
01;0725;0725;JUSTINIANO/KARLA PAOLA;NNN;;;;;;;;;;;;;;;;;;;;0;0;;;;;;;;;VERDADERO;;;3,00;;;;;;;;;;FALSO;;;16/05/2019;;FALSO;;;;;;;
01;0726;0726;ROCA/DIANA PATRICIA;NNN;;;;;;;;;;;;;;;;;;;;0;0;;;;;;;;;VERDADERO;;;3,00;;;;;;;;;;FALSO;;;17/05/2019;;FALSO;;;;;;;
01;0727;0727;DURAN/MARIA BELEN;NNN;;;;;;;;;;;;;;;;;;;;0;0;;;;;;;;;VERDADERO;;;3,00;;;;;;;;;;FALSO;;;17/05/2019;;FALSO;;;;;;;
01;0728;0728;SERRATE/MARCO ANTONIO;NNN;;;;;;;;;;;;;;;;;;;;0;0;;;;;;;;;VERDADERO;;;3,00;;;;;;;;;;FALSO;;;21/05/2019;;FALSO;;;;;;;
01;0729;;PROVEALQUILERES RONALD RIBERA;NNN;;;;;;;;;;;;;;;;;;;;;;;;;;;;;;VERDADERO;;;;;;;;;;;;;;;;;;;;;;;;;
01;0730;;ANDIA GIANCARLA;NNN;;;;;;;;;;;;;;;;;;;;;;;;;;;;;;VERDADERO;;;;;;;;;;;;;;;;;;;;;;;;;
01;0731;;BIG BOLIVIAN INVESTOR GROUP SRL;NNN;;;;;;;;;;;;;;;;;;;;;;;;;;;;;;VERDADERO;;;;;;;;;;;;;;;;;;;;;;;;;
01;0732;;PORCO/ALVARO NORMAN;NNN;;;;;;;;;;;;;;;;;;;;;;;;;;;;;;VERDADERO;;;;;;;;;;;;;;;;;;;;;;;;;
01;0733;;CIMAL;NNN;;;;;;;;;;;;;;;;;;;;;;;;;;;;;;VERDADERO;;;;;;;;;;;;;;;;;;;;;;;;;
01;0734;;SUAREZ DARIO;NNN;;;;;;;;;;;;;;;;;;;;;;;;;;;;;;VERDADERO;;;;;;;;;;;;;;;;;;;;;;;;;
01;0735;;ALARCON/KARYME;NNN;;;;;;;;;;;;;;;;;;;;;;;;;;;;;;VERDADERO;;;;;;;;;;;;;;;;;;;;;;;;;
01;0736;;IBARRA LUIS;NNN;;;;;;;;;;;;;;;;;;;;;;;;;;;;;;VERDADERO;;;;;;;;;;;;;;;;;;;;;;;;;
01;0737;;DIETZE THOMAS;NNN;;;;;;;;;;;;;;;;;;;;;;;;;;;;;;VERDADERO;;;;;;;;;;;;;;;;;;;;;;;;;
01;0738;;LEA PLAZA IRMA;NNN;;;;;;;;;;;;;;;;;;;;;;;;;;;;;;VERDADERO;;;;;;;;;;;;;;;;;;;;;;;;;
01;0739;;PAZ/MARY SEL;NNN;;;;;;;;;;;;;;;;;;;;;;;;;;;;;;VERDADERO;;;;;;;;;;;;;;;;;;;;;;;;;
01;0740;0740;SUAREZ/DARIO LAUTARO;NNN;;;;;;;;;;;;;;;;;;;;0;0;;;;;;;;;VERDADERO;;;3,00;;;;;;;;;;FALSO;;;20/07/2019;;FALSO;;;;;;;
01;0741;;FELDIS JEAN PAUL EUGENE;NNN;;;;;;;;;;;;;;;;;;;;;;;;;;;;;;VERDADERO;;;;;;;;;;;;;;;;;;;;;;;;;
01;0742;;MACKY GRUPO IBG;NNN;;;;;;;;;;;;;;;;;;;;;;;;;;;;;;VERDADERO;;;;;;;;;;;;;;;;;;;;;;;;;
01;0743;;HERO SPORT SRL;NNN;;;;;;;;;;;;;;;;;;;;;;;;;;;;;;VERDADERO;;;;;;;;;;;;;;;;;;;;;;;;;
01;0744;0744;DE LA VEGA/MARTHA;NNN;;;;;;;;;;;;;;;;;;;;0;0;;;;;;;;;VERDADERO;;;3,00;;;;;;;;;;FALSO;;;01/08/2019;;FALSO;;;;;;;
01;0745;0745;CARRENO/ROSA;NNN;;;;;;;;;;;;;;;;;;;;0;0;;;;;;;;;VERDADERO;;;3,00;;;;;;;;;;FALSO;;;01/08/2019;;FALSO;;;;;;;
01;0746;0746;ARAUZ/THAMIRIS;NNN;;;;;;;;;;;;;;;;;;;;0;0;;;;;;;;;VERDADERO;;;3,00;;;;;;;;;;FALSO;;;02/08/2019;;FALSO;;;;;;;
01;0747;;IBANEZ LEDA FABIOLA;NNN;;;;;;;;;;;;;;;;;;;;;;;;;;;;;;VERDADERO;;;;;;;;;;;;;;;;;;;;;;;;;
01;0748;;MENDEZ DANIELA;NNN;;;;;;;;;;;;;;;;;;;;;;;;;;;;;;VERDADERO;;;;;;;;;;;;;;;;;;;;;;;;;
01;0749;;DONA DORA SRL;NNN;;;;;;;;;;;;;;;;;;;;;;;;;;;;;;VERDADERO;;;;;;;;;;;;;;;;;;;;;;;;;
