OFICINA;NUMERO;CUENTA;CTRA_CTA;APLICA;MONEDA;MARCO;CTAITB;NIVEL;FONDOS;TIPO;SECUENCIA;PRESUP;T_PRESUP;T_PASIVO;RUBRO;TGIRO;CTAGIRO;SALDO;PROTECT
01;1;ACTIVO;;FALSO;D;1;;1;FALSO;;100000,000000;0,00;FALSO;FALSO;;FALSO;;0,00;
01;101;ACTIVO CORRIENTE;;FALSO;D;1;;2;FALSO;;200000,000000;0,00;FALSO;FALSO;;FALSO;;0,00;
01;10101;DISPONIBLE;;FALSO;D;1;;3;FALSO;;300000,000000;0,00;FALSO;FALSO;;FALSO;;0,00;
01;1010101;CAJA;;FALSO;D;1;;4;FALSO;;400000,000000;0,00;FALSO;FALSO;;FALSO;;0,00;
01;1010101001;CAJA GENERAL M/N;;VERDADERO;D;1;4010203020;5;VERDADERO;C;500000,000000;0,00;FALSO;FALSO;;VERDADERO;4010203010;0,00;FALSO
01;1010101002;CAJA GENERAL M/E;;VERDADERO;D;1;4010203020;5;FALSO;C;600000,000000;0,00;;FALSO;;VERDADERO;;0,00;
01;1010101003;CAJA CHICA;;VERDADERO;D;1;;5;FALSO;;700000,000000;0,00;FALSO;FALSO;;FALSO;;0,00;
01;1010102;BANCOS;;FALSO;D;1;;4;FALSO;;800000,000000;0,00;FALSO;FALSO;;FALSO;;0,00;
01;1010102007;BCO.NACIONAL M/N;;VERDADERO;D;1;3020201009;5;VERDADERO;B;900000,000000;0,00;FALSO;FALSO;;VERDADERO;;0,00;FALSO
01;1010102011;BCO.NACIONAL M/E;;VERDADERO;D;1;3020201009;5;VERDADERO;B;1000000,000000;0,00;;FALSO;;VERDADERO;;0,00;FALSO
01;1010102012;BCO. MERCANTIL SC M/E;;VERDADERO;D;1;4010203020;5;FALSO;B;1100000,000000;0,00;;FALSO;;VERDADERO;;0,00;
01;10102;EXIGIBLE;;FALSO;D;1;;3;FALSO;;1200000,000000;0,00;FALSO;FALSO;;FALSO;;0,00;
01;1010201;CARTERA DE CLIENTES;;FALSO;;1;4010203020;4;FALSO;;1300000,000000;0,00;FALSO;FALSO;;FALSO;;0,00;
01;1010201001;CLIENTES POR COBRAR;;VERDADERO;D;1;4010203020;5;FALSO;;1400000,000000;0,00;FALSO;FALSO;;FALSO;;0,00;
01;1010201003;PREV.CUENTAS INCOBRABLES;;VERDADERO;D;1;3020201009;5;FALSO;;1500000,000000;0,00;;FALSO;;VERDADERO;;0,00;
01;1010202;CUENTAS POR COBRAR;;FALSO;D;1;;4;FALSO;;1600000,000000;0,00;FALSO;FALSO;;FALSO;;0,00;
01;1010202004;COMISION X COBRAR TROPICAL;;VERDADERO;D;1;4010203020;5;FALSO;;1700000,000000;0,00;;FALSO;;VERDADERO;;0,00;FALSO
01;1010202005;COMISION X COBRAR BELGTOURS;;VERDADERO;D;1;4010203020;5;FALSO;;1800000,000000;0,00;;FALSO;;VERDADERO;;0,00;
01;1010202006;COMISION X COBRAR AGENTE 5;;VERDADERO;D;1;4010203020;5;FALSO;;1900000,000000;0,00;;FALSO;;VERDADERO;;0,00;
01;1010202007;COMISION X COBRAR LATIN TOURS;;VERDADERO;D;1;4010203020;5;FALSO;;2000000,000000;0,00;;FALSO;;VERDADERO;;0,00;
01;1010202008;COMISION X COBRAR REVEILLON;;VERDADERO;D;1;4010203020;5;FALSO;;2100000,000000;0,00;;FALSO;;VERDADERO;;0,00;
01;1010202009;COMISION X COBRAR TENDENCIAS;;VERDADERO;D;1;4010203020;5;FALSO;;2200000,000000;0,00;;FALSO;;VERDADERO;;0,00;
01;1010203;DEPOSITOS EN GARANTIA;;FALSO;D;1;;4;FALSO;;2300000,000000;0,00;FALSO;FALSO;;FALSO;;0,00;
01;1010203002;ABAVYT ADELANTADO;;VERDADERO;D;1;4010203020;5;FALSO;;2400000,000000;0,00;FALSO;FALSO;;FALSO;;0,00;
01;1010203003;ALQUILER EN GARANTIA;;VERDADERO;D;1;4010203020;5;FALSO;;2500000,000000;0,00;;FALSO;;VERDADERO;;0,00;
01;1010204;LINEAS AEREAS POR COBRAR;;FALSO;D;1;3020201009;4;FALSO;;2600000,000000;0,00;FALSO;FALSO;;FALSO;;0,00;
01;1010204001;LUFTHANSA POR COBRAR;;VERDADERO;D;1;3020201009;5;FALSO;;2700000,000000;0,00;FALSO;FALSO;;FALSO;;0,00;
01;1010204002;T.A.M. POR COBRAR;;VERDADERO;D;1;3020201009;5;FALSO;;2800000,000000;0,00;FALSO;FALSO;;FALSO;;0,00;
01;1010204003;GOL POR COBRAR;;VERDADERO;D;1;3020201009;5;FALSO;;2900000,000000;0,00;FALSO;FALSO;;FALSO;;0,00;
01;1010204004;AMERICAN AIRLINES POR COBRAR;;VERDADERO;D;1;3020201009;5;FALSO;;3000000,000000;0,00;FALSO;FALSO;;FALSO;;0,00;
01;1010204005;IBERIA POR COBRAR;;VERDADERO;D;1;3020201009;5;FALSO;;3100000,000000;0,00;FALSO;FALSO;;FALSO;;0,00;
01;1010204006;VARIG POR COBRAR;;VERDADERO;D;1;3020201009;5;FALSO;;3200000,000000;0,00;FALSO;FALSO;;FALSO;;0,00;
01;1010204007;AEROLINEAS ARGENTINAS X COBRAR;;VERDADERO;D;1;3020201009;5;FALSO;;3300000,000000;0,00;FALSO;FALSO;;FALSO;;0,00;
01;1010204008;ALITALIA POR COBRAR;;VERDADERO;D;1;3020201009;5;FALSO;;3400000,000000;0,00;FALSO;FALSO;;FALSO;;0,00;
01;1010204009;AIR FRANCE X COBRAR;;VERDADERO;D;1;3020201009;5;FALSO;;3500000,000000;0,00;FALSO;FALSO;;FALSO;;0,00;
01;1010204010;TACA X COBRAR;;VERDADERO;D;1;3020201009;5;FALSO;;3600000,000000;0,00;FALSO;FALSO;;FALSO;;0,00;
01;1010204011;BSP POR COBRAR;;VERDADERO;D;1;3020201009;5;FALSO;;3700000,000000;0,00;;FALSO;;VERDADERO;;0,00;
01;1010204012;AMASZONAS X COBRAR;;VERDADERO;D;1;4010203020;5;FALSO;;3800000,000000;0,00;;FALSO;;VERDADERO;;0,00;
01;1010204013;BOA X COBRAR;;VERDADERO;D;1;4010203020;5;FALSO;;3900000,000000;0,00;;FALSO;;VERDADERO;;0,00;
01;10103;TRANSITORIO;;FALSO;D;1;3020201009;3;FALSO;;4000000,000000;0,00;FALSO;FALSO;;FALSO;;0,00;
01;1010301;ANTICIPO AL PERSONAL;;FALSO;D;1;3020201009;4;FALSO;;4100000,000000;0,00;FALSO;FALSO;;FALSO;;0,00;
01;1010301001;ANT.MARIA CRISTINA TARRADELLES;;VERDADERO;D;1;3020201009;5;FALSO;;4200000,000000;0,00;FALSO;FALSO;;FALSO;;0,00;FALSO
01;1010301002;ANT.MARIA INES CLAURE;;VERDADERO;D;1;3020201009;5;FALSO;;4300000,000000;0,00;FALSO;FALSO;;FALSO;;0,00;FALSO
01;1010301003;ANT.REGINA ORDONEZ;;VERDADERO;D;1;2020301;5;FALSO;;4400000,000000;0,00;;FALSO;;VERDADERO;;0,00;FALSO
01;1010301004;ANT.FRANCIS AYALA;;VERDADERO;D;1;2020301;5;FALSO;;4500000,000000;0,00;;FALSO;;VERDADERO;;0,00;FALSO
01;1010301005;ANT.PAOLA TERAN;;VERDADERO;D;1;4010203020;5;FALSO;;4600000,000000;0,00;;FALSO;;VERDADERO;;0,00;
01;1010301006;ANT.FIORELA AYALA;;VERDADERO;D;1;4010203020;5;FALSO;;4700000,000000;0,00;;FALSO;;VERDADERO;;0,00;
01;1010302;PRESTAMOS AL PERSONAL;;FALSO;D;1;3020201009;4;FALSO;;4800000,000000;0,00;FALSO;FALSO;;FALSO;;0,00;
01;1010302001;PREST.REGINA ORDONEZ X COBRAR;;VERDADERO;B;1;3020201009;5;FALSO;;4900000,000000;0,00;FALSO;FALSO;;FALSO;;0,00;FALSO
01;1010302002;PREST.MA.CRISTINA TARRADELLES X COB.;;VERDADERO;B;1;4010203020;5;FALSO;;5000000,000000;0,00;;FALSO;;VERDADERO;;0,00;
01;1010302003;PREST.MA.INES CLAURE X COBRAR;;VERDADERO;B;1;4010203020;5;FALSO;;5100000,000000;0,00;;FALSO;;VERDADERO;;0,00;
01;1010302004;PREST.FRANCIS AYALA X COBRAR;;VERDADERO;B;1;4010203020;5;FALSO;;5200000,000000;0,00;;FALSO;;VERDADERO;;0,00;
01;1010302005;PREST.JACKE FERNANDO PARADA;;VERDADERO;B;1;4010203020;5;FALSO;;5300000,000000;0,00;;FALSO;;VERDADERO;;0,00;
01;1010303;CUENTA PERSONAL DE SOCIO;;FALSO;D;1;3020201009;4;FALSO;;5400000,000000;0,00;FALSO;FALSO;;FALSO;;0,00;
01;1010303001;CTA.MA.CRISTINA TARRADELLES;;VERDADERO;D;1;3020201009;5;FALSO;;5500000,000000;0,00;;FALSO;;VERDADERO;;0,00;FALSO
01;1010303002;CTA.MARIA INES CLAURE;;VERDADERO;D;1;2020301;5;FALSO;;5600000,000000;0,00;;FALSO;;VERDADERO;;0,00;FALSO
01;10104;REALIZABLE;;FALSO;;1;4010203020;3;FALSO;;5700000,000000;0,00;;FALSO;;VERDADERO;;0,00;
01;1010401;INVENTARIOS;;FALSO;;1;4010203020;4;FALSO;;5800000,000000;0,00;;FALSO;;VERDADERO;;0,00;
01;101040101;CHP T-MOBILE;;VERDADERO;B;1;4010203020;5;FALSO;;5900000,000000;0,00;;FALSO;;VERDADERO;;0,00;
01;102;ACTIVO NO CORRIENTE;;FALSO;D;1;3020201009;2;FALSO;;6000000,000000;0,00;FALSO;FALSO;;FALSO;;0,00;
01;10201;ACTIVO FIJO;;FALSO;D;1;3020201009;3;FALSO;;6100000,000000;0,00;FALSO;FALSO;;FALSO;;0,00;
01;1020101;MUEBLES Y ENSERES;;FALSO;D;1;3020201009;4;FALSO;;6200000,000000;0,00;FALSO;FALSO;;FALSO;;0,00;
01;1020101001;MUEBLES Y ENSERES;;VERDADERO;D;1;3020201009;5;FALSO;;6300000,000000;0,00;FALSO;FALSO;;FALSO;;0,00;
01;1020101002;DEPREC.ACUM.MUEBLES Y ENSERES;;VERDADERO;D;1;3020201009;5;FALSO;;6400000,000000;0,00;FALSO;FALSO;;FALSO;;0,00;
01;1020102;EQUIPOS DE OFICINA;;FALSO;D;1;3020201009;4;FALSO;;6500000,000000;0,00;FALSO;FALSO;;FALSO;;0,00;
01;1020102001;EQUIPOS DE OFICINA;;VERDADERO;D;1;3020201009;5;FALSO;;6600000,000000;0,00;FALSO;FALSO;;FALSO;;0,00;
01;1020102002;DEPREC.ACUM.EQUIPOS DE OFICINA;;VERDADERO;D;1;3020201009;5;FALSO;;6700000,000000;0,00;FALSO;FALSO;;FALSO;;0,00;
01;1020103;EQUIPOS DE COMPUTACION;;FALSO;D;1;3020201009;4;FALSO;;6800000,000000;0,00;FALSO;FALSO;;FALSO;;0,00;
01;1020103001;EQUIPOS DE COMPUTACION;;VERDADERO;D;1;3020201009;5;FALSO;;6900000,000000;0,00;FALSO;FALSO;;FALSO;;0,00;
01;1020103002;DEPREC.ACUM.EQUIPOS DE COMPUTACION;;VERDADERO;D;1;3020201009;5;FALSO;;7000000,000000;0,00;FALSO;FALSO;;FALSO;;0,00;
01;10202;INVERSIONES;;FALSO;D;1;3020201009;3;FALSO;;7100000,000000;0,00;FALSO;FALSO;;FALSO;;0,00;
01;1020201;ACCIONES TELEFONICAS;;FALSO;D;1;3020201009;4;FALSO;;7200000,000000;0,00;FALSO;FALSO;;FALSO;;0,00;
01;1020201001;ACCIONES EN COTAS LTDA.;;VERDADERO;D;1;3020201009;5;FALSO;;7300000,000000;0,00;FALSO;FALSO;;FALSO;;0,00;
01;1020202;PROGRAMAS CONTABLES;;FALSO;;1;4010203020;4;FALSO;;7400000,000000;0,00;;FALSO;;VERDADERO;;0,00;
01;1020202001;PROGRAMA SIAV;;VERDADERO;B;1;4010203020;5;FALSO;;7500000,000000;0,00;;FALSO;;VERDADERO;;0,00;
01;103;ACTIVOS DIFERIDOS;;FALSO;D;1;3020201009;2;FALSO;;7600000,000000;0,00;FALSO;FALSO;;FALSO;;0,00;
01;10301;GASTOS ANTICIPADOS;;FALSO;D;1;3020201009;3;FALSO;;7700000,000000;0,00;FALSO;FALSO;;FALSO;;0,00;
01;1030101;SEGUROS ANTICIPADOS;;FALSO;D;1;3020201009;4;FALSO;;7800000,000000;0,00;FALSO;FALSO;;FALSO;;0,00;
01;1030101003;SEGUROS PAG.X ANTICIPADO;;VERDADERO;D;1;3020201009;5;FALSO;;7900000,000000;0,00;FALSO;FALSO;;FALSO;;0,00;
01;1030102;PAQUETES ANTICIPADOS;;FALSO;;1;3020201009;4;FALSO;;8000000,000000;0,00;;FALSO;;VERDADERO;;0,00;
01;1030102001;HOTEL ANTICIPADO;;VERDADERO;D;1;3020201009;5;FALSO;;8100000,000000;0,00;;FALSO;;VERDADERO;;0,00;
01;1030103;GASTOS DE ORGANIZACION;;FALSO;;1;4010203020;4;FALSO;;8200000,000000;0,00;;FALSO;;VERDADERO;;0,00;
01;1030103001;GASTOS DE ORGANIZACION;;VERDADERO;B;1;4010203020;5;FALSO;;8300000,000000;0,00;;FALSO;;VERDADERO;;0,00;
01;2;PASIVO Y PATRIMONIO;;FALSO;D;2;;1;FALSO;;8400000,000000;0,00;FALSO;FALSO;;FALSO;;0,00;
01;201;PASIVO;;FALSO;D;2;;2;FALSO;;8500000,000000;0,00;FALSO;FALSO;;FALSO;;0,00;
01;20101;PASIVO CORRIENTE;;FALSO;D;2;;3;FALSO;;8600000,000000;0,00;FALSO;FALSO;;FALSO;;0,00;
01;2010101;PRESTAMOS BANCARIOS;;FALSO;D;2;3020201009;4;FALSO;;8700000,000000;0,00;FALSO;FALSO;;FALSO;;0,00;
01;2010101002;COOP.JESUS NAZARENO X PAGAR;;VERDADERO;B;2;4010203020;5;FALSO;;8800000,000000;0,00;;VERDADERO;O;VERDADERO;;0,00;FALSO
01;2010101003;ADEFIN X PAGAR;;VERDADERO;B;2;4010203020;5;FALSO;;8900000,000000;0,00;;FALSO;O;VERDADERO;;0,00;
01;2010102;LINEAS AEREAS POR PAGAR;;FALSO;D;2;;4;FALSO;;9000000,000000;0,00;FALSO;FALSO;;FALSO;;0,00;
01;2010102003;BSP POR PAGAR M/N;;VERDADERO;D;2;3020201009;5;FALSO;;9100000,000000;0,00;FALSO;FALSO;;FALSO;;0,00;
01;2010102004;A5 GRUPOS;;VERDADERO;D;2;2020301;5;FALSO;;9200000,000000;0,00;FALSO;FALSO;;FALSO;;0,00;FALSO
01;2010102005;AIR EUROPA X PAGAR;;VERDADERO;D;2;2020301;5;FALSO;;9300000,000000;0,00;;FALSO;;VERDADERO;;0,00;FALSO
01;2010102006;TAM MILITAR X PAGAR;;VERDADERO;D;2;2020301;5;FALSO;;9400000,000000;0,00;;FALSO;;VERDADERO;;0,00;
01;2010102007;COPA X PAGAR;;VERDADERO;D;2;2020301;5;FALSO;;9500000,000000;0,00;;FALSO;;VERDADERO;;0,00;
01;2010102008;TACA POR PAGAR;;VERDADERO;D;2;4010203020;5;FALSO;;9600000,000000;0,00;;FALSO;;VERDADERO;;0,00;
01;2010102009;AMERICAN AIRLINES X PAGAR;;VERDADERO;D;2;4010203020;5;FALSO;;9700000,000000;0,00;;FALSO;;VERDADERO;;0,00;
01;2010102010;AEROLINEAS ARGENTINAS X PAGAR;;VERDADERO;D;2;4010203020;5;FALSO;;9800000,000000;0,00;;FALSO;;VERDADERO;;0,00;
01;2010102011;AIR FRANCE X PAGAR;;VERDADERO;D;2;4010203020;5;FALSO;;9900000,000000;0,00;;FALSO;;VERDADERO;;0,00;
01;2010102012;TAM MERCOSUR X PAGAR;;VERDADERO;D;2;4010203020;5;FALSO;;10000000,000000;0,00;;FALSO;;VERDADERO;;0,00;
01;2010102013;LAN CHILE X PAGAR;;VERDADERO;D;2;4010203020;5;FALSO;;10100000,000000;0,00;;FALSO;;VERDADERO;;0,00;
01;2010102028;AMASZONAS X PAGAR;;VERDADERO;D;2;3020201009;5;FALSO;;10200000,000000;0,00;FALSO;FALSO;;VERDADERO;;0,00;
01;2010102029;GOL X PAGAR;;VERDADERO;D;2;3020201009;5;FALSO;;10300000,000000;0,00;;FALSO;;VERDADERO;;0,00;
01;2010102031;BOA M/N X PAGAR;;VERDADERO;D;2;3020201009;5;FALSO;;10400000,000000;0,00;;FALSO;;VERDADERO;;0,00;FALSO
01;2010102032;BOA M/E X PAGAR;;VERDADERO;D;2;4010203020;5;FALSO;;10500000,000000;0,00;;FALSO;;VERDADERO;;0,00;FALSO
01;2010102033;BLD X PAGAR;;VERDADERO;D;2;4010203020;5;FALSO;;10600000,000000;0,00;;FALSO;;VERDADERO;;0,00;FALSO
01;2010102034;TROPICAL M/N X PAGAR;;VERDADERO;D;2;4010203020;5;FALSO;;10700000,000000;0,00;;FALSO;;VERDADERO;;0,00;
01;2010102035;TROPICAL M/E X PAGAR;;VERDADERO;D;2;4010203020;5;FALSO;;10800000,000000;0,00;;FALSO;;VERDADERO;;0,00;
01;2010102036;BELGTOURS M/N X PAGAR;;VERDADERO;D;2;4010203020;5;FALSO;;10900000,000000;0,00;;FALSO;;VERDADERO;;0,00;
01;2010102037;BELGTOURS M/E X PAGAR;;VERDADERO;D;2;4010203020;5;FALSO;;11000000,000000;0,00;;FALSO;;VERDADERO;;0,00;
01;2010102038;ECOJET POR PAGAR;;VERDADERO;D;2;4010203020;5;FALSO;;11100000,000000;0,00;;FALSO;;VERDADERO;;0,00;
01;2010102039;AGENTE 5 X PAGAR;;VERDADERO;D;2;4010203020;5;FALSO;;11200000,000000;0,00;;FALSO;;VERDADERO;;0,00;
01;2010102040;AGENTE 5 X PAGAR M/N;;VERDADERO;D;2;4010203020;5;FALSO;;11300000,000000;0,00;;FALSO;;VERDADERO;;0,00;
01;2010102041;LATIN X PAGAR M/N;;VERDADERO;D;2;4010203020;5;FALSO;;11400000,000000;0,00;;FALSO;;VERDADERO;;0,00;
01;2010102042;LATIN X PAGAR M/E;;VERDADERO;D;2;4010203020;5;FALSO;;11500000,000000;0,00;;FALSO;;VERDADERO;;0,00;
01;2010102043;TENDENCIAS X PAGAR M/N;;VERDADERO;D;2;4010203020;5;FALSO;;11600000,000000;0,00;;FALSO;;VERDADERO;;0,00;
01;2010102044;TENDENCIAS X PAGAR M/E;;VERDADERO;D;2;4010203020;5;FALSO;;11700000,000000;0,00;;FALSO;;VERDADERO;;0,00;
01;2010102045;AGENTE 5 PAQUETES;;VERDADERO;D;2;4010203020;5;FALSO;;11800000,000000;0,00;;FALSO;;VERDADERO;;0,00;
01;2010102046;MAREA TOURS X PAGAR;;VERDADERO;D;2;4010203020;5;FALSO;;11900000,000000;0,00;;FALSO;;VERDADERO;;0,00;
01;2010102047;IYAMBAETUR X PAGAR;;VERDADERO;D;2;4010203020;5;FALSO;;12000000,000000;0,00;;FALSO;;VERDADERO;;0,00;
01;2010102048;EVENTOS PUJ X PAGAR;;VERDADERO;D;2;4010203020;5;FALSO;;12100000,000000;0,00;;FALSO;;VERDADERO;;0,00;
01;2010103;CUENTAS POR PAGAR AGENCIAS MAYORISTAS;;FALSO;;2;3020201009;4;FALSO;;12200000,000000;0,00;FALSO;FALSO;;FALSO;;0,00;
01;2010103001;VIAJES ESPACIAL;;VERDADERO;D;2;;5;FALSO;;12300000,000000;0,00;FALSO;FALSO;;FALSO;;0,00;
01;2010103002;MAYORISTA/OPERADOR X PAG.;;VERDADERO;D;2;3020201009;5;FALSO;;12400000,000000;0,00;FALSO;FALSO;;FALSO;;0,00;
01;2010103003;CUARTA DIMENSION;;VERDADERO;D;2;3020201009;5;FALSO;;12500000,000000;0,00;FALSO;FALSO;;FALSO;;0,00;
01;2010103004;ORBIS;;VERDADERO;D;2;2020301;5;FALSO;;12600000,000000;0,00;;FALSO;;VERDADERO;;0,00;
01;2010103005;OLYMPUS;;VERDADERO;D;2;2020301;5;FALSO;;12700000,000000;0,00;;FALSO;;VERDADERO;;0,00;
01;2010103006;EXPRESS TRAVEL;;VERDADERO;D;2;2020301;5;FALSO;;12800000,000000;0,00;;FALSO;;VERDADERO;;0,00;
01;2010103007;CUARTA DIMENSION MARISTA;;VERDADERO;D;2;2020301;5;FALSO;;12900000,000000;0,00;;FALSO;;VERDADERO;;0,00;FALSO
01;2010103008;BARRY;;VERDADERO;D;2;2020301;5;FALSO;;13000000,000000;0,00;;FALSO;;VERDADERO;;0,00;
01;2010103009;EMETE;;VERDADERO;D;2;2020301;5;FALSO;;13100000,000000;0,00;;FALSO;;VERDADERO;;0,00;
01;2010103010;ROSARIO TOURS;;VERDADERO;D;2;2020301;5;FALSO;;13200000,000000;0,00;;FALSO;;VERDADERO;;0,00;
01;2010103011;STARZ X PAGAR;;VERDADERO;D;2;2020301;5;FALSO;;13300000,000000;0,00;;FALSO;;VERDADERO;;0,00;FALSO
01;2010103012;SEGURVIAJE;;VERDADERO;D;2;4010203020;5;FALSO;;13400000,000000;0,00;;FALSO;;VERDADERO;;0,00;
01;2010103013;DOLLAR RENT A CAR;;VERDADERO;D;2;4010203020;5;FALSO;;13500000,000000;0,00;;FALSO;;VERDADERO;;0,00;
01;2010103014;ASSIST CARD;;VERDADERO;D;2;4010203020;5;FALSO;;13600000,000000;0,00;;FALSO;;VERDADERO;;0,00;
01;2010103015;MARE TRAVEL X PAGAR;;VERDADERO;D;2;4010203020;5;FALSO;;13700000,000000;0,00;;FALSO;;VERDADERO;;0,00;FALSO
01;2010103016;MULTIDESTINOS X PAGAR;;VERDADERO;D;2;4010203020;5;FALSO;;13800000,000000;0,00;;FALSO;;VERDADERO;;0,00;FALSO
01;2010103018;DREAM TRAVEL;;VERDADERO;D;2;4010203020;5;FALSO;;13900000,000000;0,00;;FALSO;;VERDADERO;;0,00;
01;2010103019;UNIVERSAL ASSISTANCE;;VERDADERO;D;2;4010203020;5;FALSO;;14000000,000000;0,00;;FALSO;;VERDADERO;;0,00;
01;2010103020;FREWAY;;VERDADERO;D;2;4010203020;5;FALSO;;14100000,000000;0,00;;FALSO;;VERDADERO;;0,00;
01;2010103021;TRAVEL ACE;;VERDADERO;D;2;4010203020;5;FALSO;;14200000,000000;0,00;;FALSO;;VERDADERO;;0,00;
01;2010103022;CARDINAL ASSISTANCE;;VERDADERO;D;2;4010203020;5;FALSO;;14300000,000000;0,00;;FALSO;;VERDADERO;;0,00;
01;2010103023;REVEILLON TOURS X PAGAR;;VERDADERO;D;2;4010203020;5;FALSO;;14400000,000000;0,00;;FALSO;;VERDADERO;;0,00;FALSO
01;2010103024;DESTINOS MUNDIALES;;VERDADERO;D;2;4010203020;5;FALSO;;14500000,000000;0,00;;FALSO;;VERDADERO;;0,00;FALSO
01;2010103025;CUARTA DIMENSION GRUPOS X PAGAR;;VERDADERO;D;2;4010203020;5;FALSO;;14600000,000000;0,00;;FALSO;;VERDADERO;;0,00;FALSO
01;2010103026;MUNDOCRUCEROS;;VERDADERO;D;2;4010203020;5;FALSO;;14700000,000000;0,00;;FALSO;;VERDADERO;;0,00;
01;2010103027;BARCELO;;VERDADERO;D;2;4010203020;5;FALSO;;14800000,000000;0,00;;FALSO;;VERDADERO;;0,00;
01;2010103028;TACUARA;;VERDADERO;D;2;4010203020;5;FALSO;;14900000,000000;0,00;;FALSO;;VERDADERO;;0,00;
01;2010103029;ALIANZA;;VERDADERO;D;2;4010203020;5;FALSO;;15000000,000000;0,00;;FALSO;;VERDADERO;;0,00;
01;2010103030;HOTELES X PAGAR;;VERDADERO;D;2;4010203020;5;FALSO;;15100000,000000;0,00;;FALSO;;VERDADERO;;0,00;FALSO
01;2010103031;METROPOLITANA X PAGAR;;VERDADERO;D;2;4010203020;5;FALSO;;15200000,000000;0,00;;FALSO;;VERDADERO;;0,00;FALSO
01;2010103032;RTM;;VERDADERO;D;2;4010203020;5;FALSO;;15300000,000000;0,00;;FALSO;;VERDADERO;;0,00;
01;2010103033;MIAMI ORLANDO;;VERDADERO;D;2;4010203020;5;FALSO;;15400000,000000;0,00;;FALSO;;VERDADERO;;0,00;
01;2010103035;VELMA SRZ;;VERDADERO;D;2;4010203020;5;FALSO;;15500000,000000;0,00;;FALSO;;VERDADERO;;0,00;
01;2010103036;TAKUARAL TOURS X PAGAR;;VERDADERO;D;2;4010203020;5;FALSO;;15600000,000000;0,00;;FALSO;;VERDADERO;;0,00;
01;2010103038;COORDINADORES X PAGAR;;VERDADERO;D;2;4010203020;5;FALSO;;15700000,000000;0,00;;FALSO;;VERDADERO;;0,00;FALSO
01;2010103037;IBERIA X PAGAR;;VERDADERO;D;2;4010203020;5;FALSO;;15800000,000000;0,00;;FALSO;;VERDADERO;;0,00;FALSO
01;2010103039;T-MOBILE X PAGAR;;VERDADERO;D;2;4010203020;5;FALSO;;15900000,000000;0,00;;FALSO;;VERDADERO;;0,00;
01;2010104;DEPOSITOS DE CLIENTES;;FALSO;D;2;;4;FALSO;;16000000,000000;0,00;FALSO;FALSO;;FALSO;;0,00;
01;2010104001;DEPOSITOS DE CLIENTES;;VERDADERO;D;2;;5;FALSO;;16100000,000000;0,00;FALSO;FALSO;;FALSO;;0,00;
01;2010105;CUENTAS POR PAGAR;;FALSO;D;2;;4;FALSO;;16200000,000000;0,00;FALSO;FALSO;;FALSO;;0,00;
01;2010105006;DEVOLUCIONES X PAGAR;;VERDADERO;D;2;3020201009;5;FALSO;;16300000,000000;0,00;FALSO;FALSO;;FALSO;;0,00;
01;2010105007;MOTO SERVI;;VERDADERO;D;2;2020301;5;FALSO;;16400000,000000;0,00;;FALSO;;VERDADERO;;0,00;
01;2010105008;AMERICAN EXPRESS X PAGAR;;VERDADERO;D;2;4010203020;5;FALSO;;16500000,000000;0,00;;FALSO;;VERDADERO;;0,00;
01;2010105009;CAINCO X PAGAR;;VERDADERO;D;2;4010203020;5;FALSO;;16600000,000000;0,00;;FALSO;;VERDADERO;;0,00;
01;2010105010;PUBLICIDAD X PAGAR;;VERDADERO;D;2;4010203020;5;FALSO;;16700000,000000;0,00;;FALSO;;VERDADERO;;0,00;FALSO
01;2010105011;SEGUROS POR PAGAR;;VERDADERO;D;2;3020201009;5;FALSO;;16800000,000000;0,00;;FALSO;;VERDADERO;;0,00;
01;2010105012;EXPENSAS CCN POR PAGAR;;VERDADERO;D;2;4010203020;5;FALSO;;16900000,000000;0,00;;FALSO;;VERDADERO;;0,00;FALSO
01;2010105013;CUENTA POR PAGAR;;VERDADERO;D;2;4010203020;5;FALSO;;17000000,000000;0,00;;FALSO;;VERDADERO;;0,00;
01;2010105014;MARCO VILLARROEL;;VERDADERO;D;2;4010203020;5;FALSO;;17100000,000000;0,00;;FALSO;;VERDADERO;;0,00;
01;2010105015;ABAVYT POR PAGAR;;VERDADERO;D;2;4010203020;5;FALSO;;17200000,000000;0,00;;FALSO;;VERDADERO;;0,00;
01;2010106;PRESTAMOS POR PAGAR;;FALSO;D;2;;4;FALSO;;17300000,000000;0,00;FALSO;FALSO;;FALSO;;0,00;
01;2010106012;PREST.MA.CRISTINA TARRADELLES X PAGAR;;VERDADERO;D;2;3020201009;5;FALSO;;17400000,000000;0,00;FALSO;VERDADERO;O;FALSO;;0,00;FALSO
01;2010106013;PREST.MA.INES CLAURE X PAGAR;;VERDADERO;D;2;4010203020;5;FALSO;;17500000,000000;0,00;;FALSO;O;VERDADERO;;0,00;FALSO
01;2010106014;JULIO CESAR CRAPUZZI X PAGAR;;VERDADERO;D;2;4010203020;5;FALSO;;17600000,000000;0,00;;FALSO;O;VERDADERO;;0,00;
01;2010106015;YACKELIN VILLAVICENCIO X PAGAR;;VERDADERO;D;2;4010203020;5;FALSO;;17700000,000000;0,00;;FALSO;O;VERDADERO;;0,00;
01;2010106016;BANCO UNION X PAGAR;;VERDADERO;D;2;4010203020;5;FALSO;;17800000,000000;0,00;;FALSO;O;VERDADERO;;0,00;
01;2010106017;BNB X PAGAR;;VERDADERO;D;2;4010203020;5;FALSO;;17900000,000000;0,00;;FALSO;O;VERDADERO;;0,00;
01;2010106018;LUIS FERNANDO CLAURE X PAGAR;;VERDADERO;D;2;4010203020;5;FALSO;;18000000,000000;0,00;;FALSO;O;VERDADERO;;0,00;
01;2010106019;WILFREDO TROCHE X PAGAR;;VERDADERO;D;2;4010203020;5;FALSO;;18100000,000000;0,00;;FALSO;O;VERDADERO;;0,00;
01;2010106020;STAVROS ARGIRAKIS X PAGAR;;VERDADERO;D;2;4010203020;5;FALSO;;18200000,000000;0,00;;FALSO;O;VERDADERO;;0,00;
01;2010107;INTERESES POR PAGAR;;FALSO;D;2;3020201009;4;FALSO;;18300000,000000;0,00;FALSO;FALSO;;FALSO;;0,00;
01;2010107001;INT.POR PAGAR;;VERDADERO;D;2;3020201009;5;FALSO;;18400000,000000;0,00;FALSO;FALSO;;FALSO;;0,00;
01;2010108;ALQUILERES POR PAGAR;;FALSO;D;2;;4;FALSO;;18500000,000000;0,00;FALSO;FALSO;;FALSO;;0,00;
01;2010108001;ALQUILERES X PAGAR;;VERDADERO;B;2;2020301;5;FALSO;;18600000,000000;0,00;;FALSO;;VERDADERO;;0,00;
01;2010109;APORTES POR PAGAR;;FALSO;D;2;;4;FALSO;;18700000,000000;0,00;FALSO;FALSO;;FALSO;;0,00;
01;2010109001;C.N.S. POR PAGAR;;VERDADERO;D;2;3020201009;5;FALSO;;18800000,000000;0,00;FALSO;FALSO;;FALSO;;0,00;
01;2010109002;FONVIS POR PAGAR;;VERDADERO;D;2;;5;FALSO;;18900000,000000;0,00;FALSO;FALSO;;FALSO;;0,00;
01;2010109004;A.F.P. POR PAGAR;;VERDADERO;D;2;3020201009;5;FALSO;;19000000,000000;0,00;FALSO;FALSO;;FALSO;;0,00;
01;2010110;IMPUESTOS POR PAGAR;;FALSO;D;2;;4;FALSO;;19100000,000000;0,00;FALSO;FALSO;;FALSO;;0,00;
01;2010110001;IVA POR PAGAR;;VERDADERO;D;2;;5;FALSO;;19200000,000000;0,00;FALSO;FALSO;;FALSO;;0,00;
01;2010110002;I.T. POR PAGAR;;VERDADERO;D;2;;5;FALSO;;19300000,000000;0,00;FALSO;FALSO;;FALSO;;0,00;
01;2010110003;RC-IVA X PAGAR;;VERDADERO;D;2;3020201009;5;FALSO;;19400000,000000;0,00;FALSO;FALSO;;FALSO;;0,00;
01;2010110004;RETENCION IT X PAGAR;;VERDADERO;D;2;3020201009;5;FALSO;;19500000,000000;0,00;;FALSO;;VERDADERO;;0,00;
01;2010111;SUELDOS POR PAGAR;;FALSO;D;2;;4;FALSO;;19600000,000000;0,00;FALSO;FALSO;;FALSO;;0,00;
01;2010111001;SUE.MARIA CRISTINA TARRADELLES;;VERDADERO;D;2;3020201009;5;FALSO;;19700000,000000;0,00;FALSO;FALSO;;FALSO;;0,00;FALSO
01;2010111002;SUE.MARIA INES CLAURE;;VERDADERO;D;2;2020301;5;FALSO;;19800000,000000;0,00;;FALSO;;VERDADERO;;0,00;FALSO
01;2010111003;SUE.JACQUELIN SILVA;;VERDADERO;D;2;3020201009;5;FALSO;;19900000,000000;0,00;FALSO;FALSO;;VERDADERO;;0,00;FALSO
01;2010111004;SUE.VALENTINA GONZALEZ;;VERDADERO;D;2;2020301;5;FALSO;;20000000,000000;0,00;;FALSO;;VERDADERO;;0,00;FALSO
01;2010111005;SUE.PAOLA TERAN;;VERDADERO;D;2;4010203020;5;FALSO;;20100000,000000;0,00;;FALSO;;VERDADERO;;0,00;FALSO
01;2010111006;SUE. CRISTHIAN PEREYRA;;VERDADERO;D;2;4010203020;5;FALSO;;20200000,000000;0,00;;FALSO;;VERDADERO;;0,00;FALSO
01;2010111007;SUE. ANA SADELY CUELLAR S;;VERDADERO;D;2;4010203020;5;FALSO;;20300000,000000;0,00;;FALSO;;VERDADERO;;0,00;
01;2010111008;SUE. EMILY PAREDES S.;;VERDADERO;D;2;4010203020;5;FALSO;;20400000,000000;0,00;;FALSO;;VERDADERO;;0,00;
01;2010112;SERVICIOS BASICOS X PAGAR;;FALSO;;2;2020301;4;FALSO;;20500000,000000;0,00;;FALSO;;VERDADERO;;0,00;
01;2010112001;PROVISION CRE;;VERDADERO;B;2;2020301;5;FALSO;;20600000,000000;0,00;;FALSO;;VERDADERO;;0,00;
01;2010112002;PROVISION COTAS;;VERDADERO;B;2;2020301;5;FALSO;;20700000,000000;0,00;;FALSO;;VERDADERO;;0,00;
01;2010112003;PROVISION ENTEL;;VERDADERO;B;2;2020301;5;FALSO;;20800000,000000;0,00;;FALSO;;VERDADERO;;0,00;
01;2010112004;PROVISION SAGUAPAC;;VERDADERO;B;2;2020301;5;FALSO;;20900000,000000;0,00;;FALSO;;VERDADERO;;0,00;
01;2010112005;PROVISION CELULAR;;VERDADERO;B;2;2020301;5;FALSO;;21000000,000000;0,00;;FALSO;;VERDADERO;;0,00;FALSO
01;2010113;COMISIONES POR PAGAR;;FALSO;;2;4010203020;4;FALSO;;21100000,000000;0,00;;FALSO;;VERDADERO;;0,00;
01;2010113001;COM.MARIA CRISTINA X PAGAR;;VERDADERO;B;2;4010203020;5;FALSO;;21200000,000000;0,00;;FALSO;;VERDADERO;;0,00;FALSO
01;2010113002;COM.MARIA INES X PAGAR;;VERDADERO;B;2;4010203020;5;FALSO;;21300000,000000;0,00;;FALSO;;VERDADERO;;0,00;FALSO
01;2010113003;COM.FRANCISCO OPAZO;;VERDADERO;B;2;4010203020;5;FALSO;;21400000,000000;0,00;;FALSO;;VERDADERO;;0,00;
01;2010113004;COMISION FREELANCE X PAGAR;;VERDADERO;B;2;4010203020;5;FALSO;;21500000,000000;0,00;;FALSO;;VERDADERO;;0,00;
01;20102;PASIVO NO CORRIENTE;;FALSO;D;2;;3;FALSO;;21600000,000000;0,00;FALSO;FALSO;;FALSO;;0,00;
01;2010201;PROVISION AGUINALDO NAVIDE�O;;FALSO;;2;2020301;4;FALSO;;21700000,000000;0,00;FALSO;FALSO;;FALSO;;0,00;
01;2010201001;AGUI.MA.CRISTINA TARRADELLES;;VERDADERO;B;2;2020301;5;FALSO;;21800000,000000;0,00;;FALSO;;VERDADERO;;0,00;FALSO
01;2010201002;AGUI.MARIA INES CLAURE;;VERDADERO;B;2;2020301;5;FALSO;;21900000,000000;0,00;;FALSO;;VERDADERO;;0,00;FALSO
01;2010201003;AGUI.REGINA ORDONEZ;;VERDADERO;B;2;2020301;5;FALSO;;22000000,000000;0,00;;FALSO;;VERDADERO;;0,00;FALSO
01;2010201004;AGUI.CRISTHIAN PEREYRA;;VERDADERO;B;2;2020301;5;FALSO;;22100000,000000;0,00;;FALSO;;VERDADERO;;0,00;FALSO
01;2010201005;AGUI.PAOLA TERAN;;VERDADERO;B;2;4010203020;5;FALSO;;22200000,000000;0,00;;FALSO;;VERDADERO;;0,00;
01;2010201006;AGUI.EMILY PAREDES;;VERDADERO;B;2;4010203020;5;FALSO;;22300000,000000;0,00;;FALSO;;VERDADERO;;0,00;FALSO
01;2010201007;AGUI.JACKE F. PARADA;;VERDADERO;B;2;4010203020;5;FALSO;;22400000,000000;0,00;;FALSO;;VERDADERO;;0,00;
01;2010202;PROVISION INDEMNIZACION;;FALSO;;2;2020301;4;FALSO;;22500000,000000;0,00;;FALSO;;VERDADERO;;0,00;
01;2010202001;PROV.MARIA CRISTINA TARRADELLES;;VERDADERO;B;2;2020301;5;FALSO;;22600000,000000;0,00;;FALSO;;VERDADERO;;0,00;FALSO
01;2010202002;PROV.MARIA INES CLAURE;;VERDADERO;B;2;2020301;5;FALSO;;22700000,000000;0,00;;FALSO;;VERDADERO;;0,00;FALSO
01;2010202003;PROV.REGINA ORDONEZ;;VERDADERO;B;2;2020301;5;FALSO;;22800000,000000;0,00;;FALSO;;VERDADERO;;0,00;FALSO
01;2010202004;PROV.FRANCIS AYALA;;VERDADERO;B;2;2020301;5;FALSO;;22900000,000000;0,00;;FALSO;;VERDADERO;;0,00;FALSO
01;2010202005;PROV.PAOLA TERAN;;VERDADERO;B;2;4010203020;5;FALSO;;23000000,000000;0,00;;FALSO;;VERDADERO;;0,00;
01;2010202006;PROV.FIORELA AYALA;;VERDADERO;B;2;4010203020;5;FALSO;;23100000,000000;0,00;;FALSO;;VERDADERO;;0,00;
01;2010202007;PROV.JACKE F. PARADA;;VERDADERO;B;2;4010203020;5;FALSO;;23200000,000000;0,00;;FALSO;;VERDADERO;;0,00;
01;202;PATRIMONIO;;FALSO;D;2;;2;FALSO;;23300000,000000;0,00;FALSO;FALSO;;FALSO;;0,00;
01;20201;CAPITAL;;FALSO;D;2;;3;FALSO;;23400000,000000;0,00;FALSO;FALSO;;FALSO;;0,00;
01;2020101;CAPITAL SOCIAL;;FALSO;;2;3020201009;4;FALSO;;23500000,000000;0,00;FALSO;FALSO;;FALSO;;0,00;
01;2020101001;CAP.MARIA CRISTINA TARRADELLES;;VERDADERO;B;2;2020301;5;FALSO;;23600000,000000;0,00;;FALSO;;VERDADERO;;0,00;FALSO
01;2020101002;CAP.MARIA INES CLAURE;;VERDADERO;B;2;2020301;5;FALSO;;23700000,000000;0,00;;FALSO;;VERDADERO;;0,00;FALSO
01;20202;RESERVA;;FALSO;;2;2020301;3;FALSO;;23800000,000000;0,00;FALSO;FALSO;;FALSO;;0,00;
01;2020201;RESERVAS;;FALSO;;2;2020301;4;FALSO;;23900000,000000;0,00;FALSO;FALSO;;FALSO;;0,00;
01;2020201001;RESERVA LEGAL;;VERDADERO;B;2;2020301;5;FALSO;;24000000,000000;0,00;;FALSO;;VERDADERO;;0,00;
01;2020201002;RESERVA GENERAL;;VERDADERO;B;2;2020301;5;FALSO;;24100000,000000;0,00;;FALSO;;VERDADERO;;0,00;
01;20203;AJUSTE AL PATRIMONIO;;FALSO;D;2;;3;FALSO;;24200000,000000;0,00;FALSO;FALSO;;FALSO;;0,00;
01;2020301;AJUSTES AL PATRIMONIO;;FALSO;;2;2020301;4;FALSO;;24300000,000000;0,00;FALSO;FALSO;;FALSO;;0,00;
01;2020301001;AJUSTE GLOBAL AL PATRIMONIO;;VERDADERO;B;2;2020301;5;FALSO;;24400000,000000;0,00;;FALSO;;VERDADERO;;0,00;
01;2020301002;AJUSTE DE CAPITAL;;VERDADERO;B;2;2020301;5;FALSO;;24500000,000000;0,00;;FALSO;;VERDADERO;;0,00;
01;2020301003;AJUSTE DE RESERVAS PATRIMONIALES;;VERDADERO;B;2;2020301;5;FALSO;;24600000,000000;0,00;;FALSO;;VERDADERO;;0,00;
01;20204;RESULTADOS;;FALSO;D;2;;3;FALSO;;24700000,000000;0,00;FALSO;FALSO;;FALSO;;0,00;
01;2020401;RESULTADO DEL EJERCICIO;;FALSO;D;2;;4;FALSO;;24800000,000000;0,00;FALSO;FALSO;;FALSO;;0,00;
01;2020401001;UTILIDAD DEL EJERCICIO;;VERDADERO;D;2;;5;FALSO;;24900000,000000;0,00;FALSO;FALSO;;FALSO;;0,00;
01;2020401002;PERDIDA DEL EJERCICIO;;VERDADERO;D;2;;5;FALSO;;25000000,000000;0,00;FALSO;FALSO;;FALSO;;0,00;
01;2020402;RESULTADOS ACUMULADOS;;FALSO;D;2;;4;FALSO;;25100000,000000;0,00;FALSO;FALSO;;FALSO;;0,00;
01;2020402001;RESULTADOS ACUMULADOS;;VERDADERO;D;2;4010203020;5;FALSO;;25200000,000000;0,00;FALSO;FALSO;;FALSO;;0,00;
01;3;INGRESOS;;FALSO;D;3;;1;FALSO;;25300000,000000;0,00;VERDADERO;FALSO;;FALSO;;-36584,19;
01;301;INGRESOS OPERATIVOS;;FALSO;D;3;;2;FALSO;;25400000,000000;0,00;VERDADERO;FALSO;;FALSO;;-9527,39;
01;30101;INGRESOS POR VENTAS;;FALSO;D;3;;3;FALSO;;25500000,000000;0,00;VERDADERO;FALSO;;FALSO;;-9527,39;
01;3010101;INGRESOS POR VENTAS DE PASAJES;;FALSO;D;3;;4;FALSO;;25600000,000000;0,00;VERDADERO;FALSO;;FALSO;;-9527,39;
01;3010101001;COMIS. TROPICAL;;VERDADERO;D;3;4010203020;5;FALSO;;25700000,000000;0,00;VERDADERO;FALSO;;FALSO;;0,00;FALSO
01;3010101002;COMIS. BELGTOURS;;VERDADERO;D;3;4010203020;5;FALSO;;25800000,000000;0,00;VERDADERO;FALSO;;FALSO;;0,00;FALSO
01;3010101003;COMIS. LAN AIRLINES;;VERDADERO;B;3;3020201009;5;FALSO;;25900000,000000;0,00;VERDADERO;FALSO;;FALSO;;0,00;
01;3010101004;COMIS. VARIG;;VERDADERO;D;3;;5;FALSO;;26000000,000000;0,00;VERDADERO;FALSO;;FALSO;;0,00;
01;3010101005;COMIS. AEROLINEAS ARGENTINAS;;VERDADERO;D;3;;5;FALSO;;26100000,000000;0,00;VERDADERO;FALSO;;FALSO;;0,00;
01;3010101006;COMIS. AMERICAN AIRLINES;;VERDADERO;D;3;;5;FALSO;;26200000,000000;0,00;VERDADERO;FALSO;;FALSO;;0,00;
01;3010101007;COMIS. TRANSP.AEREO MERCOSUR;;VERDADERO;D;3;3020201009;5;FALSO;;26300000,000000;0,00;VERDADERO;FALSO;;FALSO;;0,00;
01;3010101008;COMIS. AVIANCA (AEROMARKET);;VERDADERO;D;3;;5;FALSO;;26400000,000000;0,00;VERDADERO;FALSO;;FALSO;;0,00;
01;3010101009;COMIS. AEROFLOT;;VERDADERO;D;3;;5;FALSO;;26500000,000000;0,00;VERDADERO;FALSO;;FALSO;;0,00;
01;3010101010;COMIS. AEROPERU;;VERDADERO;D;3;;5;FALSO;;26600000,000000;0,00;VERDADERO;FALSO;;FALSO;;0,00;
01;3010101011;COMIS. KOREAN AIRLINES;;VERDADERO;D;3;;5;FALSO;;26700000,000000;0,00;VERDADERO;FALSO;;FALSO;;0,00;
01;3010101012;COMIS. AIR FRANCE;;VERDADERO;D;3;;5;FALSO;;26800000,000000;0,00;VERDADERO;FALSO;;FALSO;;0,00;
01;3010101013;COMIS. JAPAN AIRLINES;;VERDADERO;D;3;;5;FALSO;;26900000,000000;0,00;VERDADERO;FALSO;;FALSO;;0,00;
01;3010101014;COMIS. LUFTHANSA;;VERDADERO;D;3;;5;FALSO;;27000000,000000;0,00;VERDADERO;FALSO;;FALSO;;0,00;
01;3010101015;COMIS. K.L.M.;;VERDADERO;D;3;;5;FALSO;;27100000,000000;0,00;VERDADERO;FALSO;;FALSO;;0,00;
01;3010101016;COMIS. NATIONAL AIRLINES;;VERDADERO;D;3;;5;FALSO;;27200000,000000;0,00;VERDADERO;FALSO;;FALSO;;0,00;
01;3010101017;COMIS. IBERIA;;VERDADERO;D;3;;5;FALSO;;27300000,000000;0,00;VERDADERO;FALSO;;FALSO;;0,00;
01;3010101018;COMIS. ALITALIA;;VERDADERO;B;3;3020201009;5;FALSO;;27400000,000000;0,00;VERDADERO;FALSO;;FALSO;;0,00;
01;3010101019;COMIS. BRITISH AIRWAYS;;VERDADERO;D;3;3020201009;5;FALSO;;27500000,000000;0,00;VERDADERO;FALSO;;FALSO;;0,00;
01;3010101020;COMIS. AEROMEXICO;;VERDADERO;D;3;3020201009;5;FALSO;;27600000,000000;0,00;VERDADERO;FALSO;;FALSO;;0,00;
01;3010101021;COMIS. STARZ;;VERDADERO;D;3;3020201009;5;FALSO;;27700000,000000;0,00;VERDADERO;FALSO;;FALSO;;0,00;FALSO
01;3010101022;COMIS. US AIRWAYS;;VERDADERO;D;3;3020201009;5;FALSO;;27800000,000000;0,00;VERDADERO;FALSO;;FALSO;;0,00;
01;3010101023;COMIS. TACA;;VERDADERO;D;3;3020201009;5;FALSO;;27900000,000000;0,00;VERDADERO;FALSO;;FALSO;;0,00;
01;3010101024;COMIS. SAVE;;VERDADERO;D;3;3020201009;5;FALSO;;28000000,000000;0,00;VERDADERO;FALSO;;FALSO;;0,00;
01;3010101025;COMIS. AEROCON;;VERDADERO;D;3;2020301;5;FALSO;;28100000,000000;0,00;;FALSO;;VERDADERO;;0,00;
01;3010101026;COMIS. AERO CONTINENTE;;VERDADERO;D;3;3020201009;5;FALSO;;28200000,000000;0,00;VERDADERO;FALSO;;FALSO;;-47,04;
01;3010101027;COMIS. AMASZONAS;;VERDADERO;B;3;3020201009;5;FALSO;;28300000,000000;0,00;VERDADERO;FALSO;;FALSO;;-1489,00;
01;3010101028;COMIS. GOL TRANSPORTE AEREO;;VERDADERO;B;3;3020201009;5;FALSO;;28400000,000000;0,00;;FALSO;;VERDADERO;;0,00;
01;3010101029;COMIS. COPA;;VERDADERO;B;3;3020201009;5;FALSO;;28500000,000000;0,00;;FALSO;;VERDADERO;;0,00;
01;3010101030;COMIS. BOA;;VERDADERO;B;3;3020201009;5;FALSO;;28600000,000000;0,00;;FALSO;;VERDADERO;;-6310,55;
01;3010101031;COMIS. TAM MILITAR;;VERDADERO;B;3;2020301;5;FALSO;;28700000,000000;0,00;;FALSO;;VERDADERO;;0,00;
01;3010101032;COMIS. SKY AIRLINE;;VERDADERO;B;3;4010203020;5;FALSO;;28800000,000000;0,00;;FALSO;;VERDADERO;;0,00;
01;3010101033;COMIS.HAHN AIRLINES;;VERDADERO;B;3;4010203020;5;FALSO;;28900000,000000;0,00;;FALSO;;VERDADERO;;0,00;
01;3010101034;COMIS.AIR EUROPA;;VERDADERO;B;3;4010203020;5;FALSO;;29000000,000000;0,00;;FALSO;;VERDADERO;;0,00;
01;3010101035;COMIS.TRANSAMERICAN;;VERDADERO;B;3;4010203020;5;FALSO;;29100000,000000;0,00;;FALSO;;VERDADERO;;0,00;
01;3010101036;COMIS.ECOJET;;VERDADERO;B;3;4010203020;5;FALSO;;29200000,000000;0,00;;FALSO;;VERDADERO;;-1680,80;
01;3010102;INGRESOS AGENCIAS MAYORISTAS;;FALSO;D;3;;4;FALSO;;29300000,000000;0,00;VERDADERO;FALSO;;FALSO;;0,00;
01;3010102001;COM.HOTEL PARA TURISTAS;;VERDADERO;D;3;4010203020;5;FALSO;;29400000,000000;0,00;VERDADERO;FALSO;;FALSO;;0,00;FALSO
01;3010102002;COM.SEGUROS PARA TURISTAS;;VERDADERO;D;3;4010203020;5;FALSO;;29500000,000000;0,00;VERDADERO;FALSO;;FALSO;;0,00;FALSO
01;3010102003;COM.VENTA DE PAQUETES;;VERDADERO;D;3;4010203020;5;FALSO;;29600000,000000;0,00;VERDADERO;FALSO;;FALSO;;0,00;FALSO
01;3010102004;COM.ALQUILER DE VEHICULOS;;VERDADERO;D;3;4010203020;5;FALSO;;29700000,000000;0,00;VERDADERO;FALSO;;FALSO;;0,00;FALSO
01;3010102005;COM.CAMBIO DE FECHA O VUELO;;VERDADERO;D;3;3020201009;5;FALSO;;29800000,000000;0,00;VERDADERO;FALSO;;FALSO;;0,00;FALSO
01;302;INGRESOS NO OPERATIVOS;;FALSO;D;3;;2;FALSO;;29900000,000000;0,00;VERDADERO;FALSO;;FALSO;;-27056,80;
01;30201;INGRESOS FINANCIEROS;;FALSO;D;3;;3;FALSO;;30000000,000000;0,00;VERDADERO;FALSO;;FALSO;;0,00;
01;3020101;INGRESOS BANCARIOS;;FALSO;D;3;;4;FALSO;;30100000,000000;0,00;VERDADERO;FALSO;;FALSO;;0,00;
01;3020101001;INTERESES GANADOS;;VERDADERO;D;3;3020201009;5;FALSO;;30200000,000000;0,00;VERDADERO;FALSO;;FALSO;;0,00;
01;3020101002;COMISION TARJETA DE CREDITO;;VERDADERO;D;3;4010203020;5;FALSO;;30300000,000000;0,00;;FALSO;;VERDADERO;;0,00;
01;3020102;INGRESOS PARTICULARES;;FALSO;D;3;;4;FALSO;;30400000,000000;0,00;VERDADERO;FALSO;;FALSO;;0,00;
01;3020102001;INTERESES SOBRE CREDITOS;;VERDADERO;D;3;;5;FALSO;;30500000,000000;0,00;VERDADERO;FALSO;;FALSO;;0,00;
01;3020102002;OTRAS COMISIONES;;VERDADERO;D;3;;5;FALSO;;30600000,000000;0,00;VERDADERO;FALSO;;FALSO;;0,00;
01;30202;OTROS INGRESOS;;FALSO;D;3;;3;FALSO;;30700000,000000;0,00;VERDADERO;FALSO;;FALSO;;-27056,80;
01;3020201;INGRESOS VARIOS;;FALSO;D;3;;4;FALSO;;30800000,000000;0,00;VERDADERO;FALSO;;FALSO;;-27056,80;
01;3020201001;TRAMITES;;VERDADERO;D;3;3020201009;5;FALSO;;30900000,000000;0,00;VERDADERO;FALSO;;FALSO;;0,00;
01;3020201002;RECUPERACION DE IMPUESTOS (IVE);;VERDADERO;D;3;3020201009;5;FALSO;;31000000,000000;0,00;VERDADERO;FALSO;;FALSO;;0,00;
01;3020201003;ANULACION BOLETOS;;VERDADERO;D;3;;5;FALSO;;31100000,000000;0,00;VERDADERO;FALSO;;FALSO;;0,00;
01;3020201004;TARJETAS PARA TURISTAS;;VERDADERO;D;3;;5;FALSO;;31200000,000000;0,00;VERDADERO;FALSO;;FALSO;;0,00;
01;3020201005;INCENTIVOS Y OVER;;VERDADERO;D;3;3020201009;5;FALSO;;31300000,000000;0,00;;FALSO;;VERDADERO;;0,00;
01;3020201006;CARGOS LINEAS AEREAS;;VERDADERO;D;3;2020301;5;FALSO;;31400000,000000;0,00;;FALSO;;VERDADERO;;0,00;
01;3020201007;INGRESOS X ANULACION DE VIAJES;;VERDADERO;D;3;4010203020;5;FALSO;;31500000,000000;0,00;;FALSO;;VERDADERO;;0,00;
01;3020201008;OTROS INGRESOS;;VERDADERO;D;3;;5;FALSO;;31600000,000000;0,00;VERDADERO;FALSO;;FALSO;;0,00;
01;3020201009;A.I.T.B.;;VERDADERO;D;3;;5;FALSO;;31700000,000000;0,00;VERDADERO;FALSO;;FALSO;;0,00;
01;3020201011;FEE POR VENTAS;;VERDADERO;D;3;4010203020;5;FALSO;;31800000,000000;0,00;;FALSO;;VERDADERO;;-27056,80;
01;3020201012;COMISION CHIP T-MOBILE;;VERDADERO;D;3;4010203020;5;FALSO;;31900000,000000;0,00;;FALSO;;VERDADERO;;0,00;
01;3020201013;APORTE PRO-BODA;;VERDADERO;D;3;4010203020;5;FALSO;;32000000,000000;0,00;;FALSO;;VERDADERO;;0,00;
01;4;EGRESOS;;FALSO;D;4;;1;FALSO;;32100000,000000;0,00;VERDADERO;FALSO;;FALSO;;10673,40;
01;401;GASTOS OPERATIVOS;;FALSO;D;4;;2;FALSO;;32200000,000000;0,00;VERDADERO;FALSO;;FALSO;;10673,40;
01;40101;GASTOS ADMINISTRATIVOS;;FALSO;D;4;;3;FALSO;;32300000,000000;0,00;VERDADERO;FALSO;;FALSO;;4702,49;
01;4010101;GASTOS DEL PERSONAL;;FALSO;D;4;;4;FALSO;;32400000,000000;0,00;VERDADERO;FALSO;;FALSO;;300,00;
01;4010101001;SUELDOS Y SALARIOS;;VERDADERO;D;4;;5;FALSO;;32500000,000000;0,00;VERDADERO;FALSO;;FALSO;;0,00;
01;4010101002;BONO DE CAJA;;VERDADERO;B;4;4010203020;5;FALSO;;32600000,000000;0,00;VERDADERO;FALSO;;FALSO;;0,00;
01;4010101003;INDEMNIZACIONES;;VERDADERO;D;4;;5;FALSO;;32700000,000000;0,00;VERDADERO;FALSO;;FALSO;;0,00;
01;4010101004;AGUINALDOS;;VERDADERO;D;4;;5;FALSO;;32800000,000000;0,00;VERDADERO;FALSO;;FALSO;;0,00;
01;4010101005;VACACION;;VERDADERO;D;4;;5;FALSO;;32900000,000000;0,00;VERDADERO;FALSO;;FALSO;;0,00;
01;4010101006;SUBSIDIOS;;VERDADERO;D;4;;5;FALSO;;33000000,000000;0,00;VERDADERO;FALSO;;FALSO;;0,00;
01;4010101007;UNIFORMES;;VERDADERO;D;4;3020201009;5;FALSO;;33100000,000000;0,00;VERDADERO;FALSO;;VERDADERO;;0,00;
01;4010101008;SUELDOS EVENTUALES;;VERDADERO;D;4;3020201009;5;FALSO;;33200000,000000;0,00;;FALSO;;VERDADERO;;300,00;
01;4010101009;DESAHUCIO;;VERDADERO;D;4;2020301;5;FALSO;;33300000,000000;0,00;;FALSO;;VERDADERO;;0,00;
01;4010101010;SUELDO AEROPUERTO;;VERDADERO;D;4;4010203020;5;FALSO;;33400000,000000;0,00;;FALSO;;VERDADERO;;0,00;
01;4010101011;BONO DE PRODUCCION;;VERDADERO;D;4;4010203020;5;FALSO;;33500000,000000;0,00;;FALSO;;VERDADERO;;0,00;
01;4010101012;BONO DE TRANSPORTE;;VERDADERO;D;4;4010203020;5;FALSO;;33600000,000000;0,00;;FALSO;;VERDADERO;;0,00;
01;4010101013;BONO DE CUMPLEANOS;;VERDADERO;D;4;4010203020;5;FALSO;;33700000,000000;0,00;;FALSO;;VERDADERO;;0,00;
01;4010101014;FESTEJO DE CUMPLEANOS;;VERDADERO;D;4;4010203020;5;FALSO;;33800000,000000;0,00;;FALSO;;VERDADERO;;0,00;
01;4010102;SERVICIOS BASICOS;;FALSO;D;4;;4;FALSO;;33900000,000000;0,00;VERDADERO;FALSO;;FALSO;;2081,99;
01;4010102001;ENERGIA ELECTRICA;;VERDADERO;D;4;;5;FALSO;;34000000,000000;0,00;VERDADERO;FALSO;;FALSO;;293,00;
01;4010102002;TELEFONO;;VERDADERO;D;4;;5;FALSO;;34100000,000000;0,00;VERDADERO;FALSO;;FALSO;;89,99;
01;4010102003;AGUA;;VERDADERO;D;4;;5;FALSO;;34200000,000000;0,00;VERDADERO;FALSO;;FALSO;;0,00;
01;4010102004;CONFERENCIAS;;VERDADERO;D;4;;5;FALSO;;34300000,000000;0,00;VERDADERO;FALSO;;FALSO;;0,00;
01;4010102005;INTERNET;;VERDADERO;B;4;3020201009;5;FALSO;;34400000,000000;0,00;;FALSO;;VERDADERO;;99,00;
01;4010102006;CELULARES;;VERDADERO;B;4;2020301;5;FALSO;;34500000,000000;0,00;;FALSO;;VERDADERO;;1600,00;
01;4010103;DEPRECIACION ACTIVO FIJO;;FALSO;D;4;;4;FALSO;;34600000,000000;0,00;VERDADERO;FALSO;;FALSO;;0,00;
01;4010103001;DEPREC.MUEBLES Y ENSERES;;VERDADERO;D;4;;5;FALSO;;34700000,000000;0,00;VERDADERO;FALSO;;FALSO;;0,00;
01;4010103002;DEPREC.EQUIPO DE OFICINA;;VERDADERO;D;4;;5;FALSO;;34800000,000000;0,00;VERDADERO;FALSO;;FALSO;;0,00;
01;4010103003;DEPREC.EQUIPO DE COMPUTACION;;VERDADERO;D;4;;5;FALSO;;34900000,000000;0,00;VERDADERO;FALSO;;FALSO;;0,00;
01;4010104;MANTENIMIENTO Y REPARACION;;FALSO;D;4;;4;FALSO;;35000000,000000;0,00;VERDADERO;FALSO;;FALSO;;0,00;
01;4010104001;MANTENIMIENTO MUEBLES Y ENSERES;;VERDADERO;D;4;;5;FALSO;;35100000,000000;0,00;VERDADERO;FALSO;;FALSO;;0,00;
01;4010104002;MANTENIMIENTO EQUIPO DE OFICINA;;VERDADERO;D;4;;5;FALSO;;35200000,000000;0,00;VERDADERO;FALSO;;FALSO;;0,00;
01;4010104003;MANTENIMIENTO EQUIPO DE COMPUTACION;;VERDADERO;D;4;;5;FALSO;;35300000,000000;0,00;VERDADERO;FALSO;;FALSO;;0,00;
01;4010104005;MANTENIMIENTO DE OFICINA;;VERDADERO;D;4;3020201009;5;FALSO;;35400000,000000;0,00;VERDADERO;FALSO;;VERDADERO;;0,00;
01;4010104004;REPARACIONES;;VERDADERO;D;4;;5;FALSO;;35500000,000000;0,00;VERDADERO;FALSO;;FALSO;;0,00;
01;4010105;GASTOS GENERALES;;FALSO;D;4;;4;FALSO;;35600000,000000;0,00;VERDADERO;FALSO;;FALSO;;1139,30;
01;4010105001;HONORARIOS PROFESIONALES;;VERDADERO;D;4;;5;FALSO;;35700000,000000;0,00;VERDADERO;FALSO;;FALSO;;0,00;
01;4010105002;MATERIAL DE ESCRITORIO;;VERDADERO;D;4;;5;FALSO;;35800000,000000;0,00;VERDADERO;FALSO;;FALSO;;70,00;
01;4010105003;CORREOS;;VERDADERO;D;4;;5;FALSO;;35900000,000000;0,00;VERDADERO;FALSO;;FALSO;;0,00;
01;4010105004;MATERIAL DE LIMPIEZA;;VERDADERO;D;4;;5;FALSO;;36000000,000000;0,00;VERDADERO;FALSO;;FALSO;;255,30;
01;4010105005;SEGUROS PAGADOS;;VERDADERO;D;4;4010203020;5;FALSO;;36100000,000000;0,00;VERDADERO;FALSO;;FALSO;;37,00;
01;4010105006;MATERIAL ELECTRICO Y OTROS;;VERDADERO;D;4;;5;FALSO;;36200000,000000;0,00;VERDADERO;FALSO;;FALSO;;0,00;
01;4010105007;CAPACITACION DEL PERSONAL;;VERDADERO;D;4;;5;FALSO;;36300000,000000;0,00;VERDADERO;FALSO;;FALSO;;0,00;
01;4010105008;REFRIGERIOS;;VERDADERO;D;4;;5;FALSO;;36400000,000000;0,00;VERDADERO;FALSO;;FALSO;;637,00;
01;4010105009;SUSCRIPCIONES;;VERDADERO;D;4;;5;FALSO;;36500000,000000;0,00;VERDADERO;FALSO;;FALSO;;0,00;
01;4010105010;GASTOS DE REPRESENTACION;;VERDADERO;D;4;;5;FALSO;;36600000,000000;0,00;VERDADERO;FALSO;;FALSO;;0,00;
01;4010105011;ALQUILER DE OFICINA;;VERDADERO;D;4;;5;FALSO;;36700000,000000;0,00;VERDADERO;FALSO;;FALSO;;0,00;
01;4010105012;GASTOS VARIOS;;VERDADERO;D;4;;5;FALSO;;36800000,000000;0,00;VERDADERO;FALSO;;FALSO;;0,00;
01;4010105013;FORMULARIOS;;VERDADERO;D;4;;5;FALSO;;36900000,000000;0,00;VERDADERO;FALSO;;FALSO;;0,00;
01;4010105014;CASTIGO GTOS.DE ORGANIZACION;;VERDADERO;D;4;4010203020;5;FALSO;;37000000,000000;0,00;;FALSO;;VERDADERO;;0,00;
01;4010105015;EXPENSAS;;VERDADERO;D;4;3020201009;5;FALSO;;37100000,000000;0,00;VERDADERO;FALSO;;FALSO;;0,00;FALSO
01;4010105016;FOTOCOPIAS;;VERDADERO;D;4;4010203020;5;FALSO;;37200000,000000;0,00;;FALSO;;VERDADERO;;0,00;
01;4010105017;CAINCO;;VERDADERO;D;4;4010203020;5;FALSO;;37300000,000000;0,00;;FALSO;;VERDADERO;;0,00;
01;4010105018;SERVICIO MONITOREO;;VERDADERO;D;4;4010203020;5;FALSO;;37400000,000000;0,00;;FALSO;;VERDADERO;;0,00;
01;4010105019;ATC ENLACE;;VERDADERO;D;4;4010203020;5;FALSO;;37500000,000000;0,00;;FALSO;;VERDADERO;;140,00;
01;4010105020;ATENCION A PASAJEROS;;VERDADERO;D;4;4010203020;5;FALSO;;37600000,000000;0,00;;FALSO;;VERDADERO;;0,00;
01;4010106;APORTES PATRONALES;;FALSO;;4;2020301;4;FALSO;;37700000,000000;0,00;VERDADERO;FALSO;;FALSO;;1181,20;
01;4010106001;CAJA NACIONAL DE SALUD;;VERDADERO;D;4;3020201009;5;FALSO;;37800000,000000;0,00;VERDADERO;FALSO;;FALSO;;357,00;
01;4010106002;FONVIS;;VERDADERO;D;4;;5;FALSO;;37900000,000000;0,00;VERDADERO;FALSO;;FALSO;;0,00;
01;4010106004;A.F.P.;;VERDADERO;D;4;3020201009;5;FALSO;;38000000,000000;0,00;VERDADERO;FALSO;;FALSO;;824,20;
01;40102;GASTOS EN OPERACION;;FALSO;D;4;;3;FALSO;;38100000,000000;0,00;VERDADERO;FALSO;;FALSO;;2688,46;
01;4010202;IMPUESTOS Y PATENTES;;FALSO;D;4;;4;FALSO;;38200000,000000;0,00;VERDADERO;FALSO;;FALSO;;836,00;
01;4010202001;IMPUESTO SOBRE TRANSACCIONES;;VERDADERO;D;4;;5;FALSO;;38300000,000000;0,00;VERDADERO;FALSO;;FALSO;;0,00;
01;4010202002;IMPUESTO IVA;;VERDADERO;D;4;;5;FALSO;;38400000,000000;0,00;VERDADERO;FALSO;;FALSO;;836,00;
01;4010202003;IMPUESTO SOBRE INMUEBLES;;VERDADERO;D;4;;5;FALSO;;38500000,000000;0,00;VERDADERO;FALSO;;FALSO;;0,00;
01;4010202004;PATENTES MUNICIPALES;;VERDADERO;D;4;;5;FALSO;;38600000,000000;0,00;VERDADERO;FALSO;;FALSO;;0,00;
01;4010202005;IMP.S/UTLDS.DE LAS EMP.(I.U.E.);;VERDADERO;D;4;;5;FALSO;;38700000,000000;0,00;VERDADERO;FALSO;;FALSO;;0,00;
01;4010202006;RC-IVA AGENTE DE RETENCION;;VERDADERO;D;4;3020201009;5;FALSO;;38800000,000000;0,00;VERDADERO;FALSO;;FALSO;;0,00;
01;4010202007;I.T.F.;;VERDADERO;D;4;3020201009;5;FALSO;;38900000,000000;0,00;VERDADERO;FALSO;;VERDADERO;;0,00;
01;4010203;GASTOS DE COMERCIALIZACION;;FALSO;D;4;;4;FALSO;;39000000,000000;0,00;VERDADERO;FALSO;;FALSO;;1852,46;
01;4010203001;PUBLICIDAD Y AVISOS;;VERDADERO;D;4;;5;FALSO;;39100000,000000;0,00;VERDADERO;FALSO;;FALSO;;0,00;
01;4010203002;TRANSPORTES;;VERDADERO;D;4;4010203020;5;FALSO;;39200000,000000;0,00;VERDADERO;FALSO;;FALSO;;204,00;FALSO
01;4010203003;COMBUSTIBLES Y LUBRICANTES;;VERDADERO;D;4;;5;FALSO;;39300000,000000;0,00;VERDADERO;FALSO;;FALSO;;0,00;
01;4010203005;ALQUILER DE VEHICULOS;;VERDADERO;D;4;;5;FALSO;;39400000,000000;1500,00;VERDADERO;FALSO;;FALSO;;0,00;
01;4010203006;PASAJES Y VIATICOS;;VERDADERO;D;4;;5;FALSO;;39500000,000000;0,00;VERDADERO;FALSO;;FALSO;;0,00;
01;4010203007;FUNDEMPRESA;;VERDADERO;D;4;2020301;5;FALSO;;39600000,000000;0,00;VERDADERO;FALSO;;FALSO;;0,00;
01;4010203009;I A T A;;VERDADERO;D;4;;5;FALSO;;39700000,000000;0,00;VERDADERO;FALSO;;FALSO;;0,00;
01;4010203010;A B A V Y T;;VERDADERO;D;4;;5;FALSO;;39800000,000000;0,00;VERDADERO;FALSO;;FALSO;;0,00;
01;4010203011;AGOPACRUZ;;VERDADERO;D;4;4010203020;5;FALSO;;39900000,000000;0,00;;FALSO;;VERDADERO;;0,00;
01;4010203012;IMPUESTOS AL VIAJERO;;VERDADERO;D;4;;5;FALSO;;40000000,000000;0,00;VERDADERO;FALSO;;FALSO;;0,00;
01;4010203013;COMISIONES PAGADAS;;VERDADERO;D;4;4010203020;5;FALSO;;40100000,000000;0,00;;FALSO;;VERDADERO;;0,00;
01;4010203014;TRAMITES PAGADOS;;VERDADERO;D;4;;5;FALSO;;40200000,000000;0,00;VERDADERO;FALSO;;FALSO;;803,00;
01;4010203015;DONACIONES;;VERDADERO;D;4;;5;FALSO;;40300000,000000;0,00;VERDADERO;FALSO;;FALSO;;0,00;
01;4010203017;TARJETAS DE TURISMO;;VERDADERO;D;4;;5;FALSO;;40400000,000000;0,00;VERDADERO;FALSO;;FALSO;;0,00;
01;4010203018;DESCUENTO EN VENTAS;;VERDADERO;D;4;;5;FALSO;;40500000,000000;0,00;VERDADERO;FALSO;;FALSO;;261,54;
01;4010203019;ANULACION DE BOLETOS Y OTROS;;VERDADERO;B;4;4010203020;5;FALSO;;40600000,000000;0,00;VERDADERO;FALSO;;FALSO;;0,00;
01;4010203020;DIFERENCIA DE CAMBIO;;VERDADERO;D;4;;5;FALSO;;40700000,000000;0,00;VERDADERO;FALSO;;FALSO;;583,92;
01;4010203021;CASTIGO CTAS.INCOBRABLES;;VERDADERO;D;4;;5;FALSO;;40800000,000000;0,00;VERDADERO;FALSO;;FALSO;;0,00;
01;4010203022;REINSTALACION DE SISTEMAS;;VERDADERO;D;4;3020201009;5;FALSO;;40900000,000000;0,00;VERDADERO;FALSO;;FALSO;;0,00;FALSO
01;4010203023;EGRESOS X ANULACION DE VIAJES;;VERDADERO;D;4;4010203020;5;FALSO;;41000000,000000;0,00;;FALSO;;VERDADERO;;0,00;
01;4010203024;CHIP T-MOBILE;;VERDADERO;D;4;4010203020;5;FALSO;;41100000,000000;0,00;;FALSO;;VERDADERO;;0,00;
01;40103;GASTOS FINANCIEROS;;FALSO;D;4;;3;FALSO;;41200000,000000;0,00;VERDADERO;FALSO;;FALSO;;3282,45;
01;4010301;INTERESES PAGADOS;;FALSO;D;4;;4;FALSO;;41300000,000000;0,00;VERDADERO;FALSO;;FALSO;;2893,62;
01;4010301001;INTERESES BANCARIOS;;VERDADERO;D;4;;5;FALSO;;41400000,000000;0,00;VERDADERO;FALSO;;FALSO;;798,66;
01;4010301002;INTERESES A PARTICULARES;;VERDADERO;D;4;;5;FALSO;;41500000,000000;0,00;VERDADERO;FALSO;;FALSO;;2094,96;
01;4010302;COMISIONES Y GASTOS BANCARIOS;;FALSO;D;4;;4;FALSO;;41600000,000000;0,00;VERDADERO;FALSO;;FALSO;;388,83;
01;4010302001;COMISIONES BANCARIAS;;VERDADERO;D;4;;5;FALSO;;41700000,000000;0,00;VERDADERO;FALSO;;FALSO;;0,00;
01;4010302002;GASTOS BANCARIOS;;VERDADERO;D;4;;5;FALSO;;41800000,000000;0,00;VERDADERO;FALSO;;FALSO;;388,83;
01;2010113005;COMISION SERGIO MORENO;;VERDADERO;B;2;4010203020;5;FALSO;;21550000,000000;0,00;;FALSO;;VERDADERO;;0,00;
01;2010106021;SERGIO MORENO X PAGAR;;VERDADERO;D;2;4010203020;5;FALSO;;18250000,000000;0,00;;FALSO;O;VERDADERO;;0,00;
01;2010102049;VISADOS AL EXTERIOR;;VERDADERO;D;2;4010203020;5;FALSO;;12150000,000000;0,00;;FALSO;;VERDADERO;;0,00;
01;2010103040;A5 X PAGAR;;VERDADERO;D;2;4010203020;5;FALSO;;15950000,000000;0,00;;FALSO;;VERDADERO;;0,00;
01;2010106022;MARIO CESAR FERNANDEZ X PAGAR;;VERDADERO;D;2;4010203020;5;FALSO;;18275000,000000;0,00;;FALSO;O;VERDADERO;;0,00;
01;1010102013;BCO DE CREDITO M/E;;VERDADERO;D;1;4010203020;5;FALSO;B;1150000,000000;0,00;;FALSO;;VERDADERO;;0,00;FALSO
01;1010102014;BCO DE CREDITO M/N;;VERDADERO;D;1;4010203020;5;FALSO;B;1175000,000000;0,00;;FALSO;;VERDADERO;;0,00;FALSO
01;2010102050;A5 COLEGIOS X PAGAR;;VERDADERO;D;2;4010203020;5;FALSO;;12175000,000000;0,00;;FALSO;;VERDADERO;;0,00;
